score_2025,rank_2025,level,source_college,source_major_2025,match_status,match_count,official_college_code,official_college_name,official_major_code,official_major_name_2026,plan_num_2026,major_attr_2026,major_remark_2026,first_subject,reselect_subject,tuition,plan_id
695,58,985,北京大学,理科试验班类(理科基础类专业)(数学类),exact_school_major,1,0001,北京大学,48,理科试验班类(理科基础类专业)(数学类),30,,,物理,化学,待定,1_3_0001_5_48
694,72,985,清华大学,理科试验班(理科各专业)[交叉工程(等理科各专业)],unmatched_name_changed_or_not_in_2026_physics_plan,0,,,,,,,,,,,
693,77,985,上海交通大学,人工智能(拔尖英才试点班),exact_school_major,1,0248,上海交通大学,01,人工智能(拔尖英才试点班),2,,,物理,化学,7700,1_3_0248_5_01
693,77,985,复旦大学,工科试验班(相辉学堂香农计划)(微电子科学与工程、人工智能、智能科学与技术、生物医学工程、电子信息科学与技术、电子科学与技术),unmatched_name_changed_or_not_in_2026_physics_plan,0,,,,,,,,,,,
692,91,985,上海交通大学,电子信息类(IEEE试点班，含双学士学位项目)(计算机科学与技术、信息工程、信息安全、自动化),exact_school_major,1,0248,上海交通大学,04,"电子信息类(IEEE试点班,含双学士学位项目)(计算机科学与技术、信息工程、信息安全、自动化)",2,,[含电子信息类(IEEE试点班)-数学与应用数学双学士学位项目],物理,化学,7000,1_3_0248_5_04
692,91,985,上海交通大学,理科试验班类(物理方向，含双学士学位项目)(物理学、天文学),unmatched_name_changed_or_not_in_2026_physics_plan,0,,,,,,,,,,,
692,91,985,浙江大学,工科试验班(竺可桢学院图灵班)(计算机科学与技术),exact_school_major,1,0335,浙江大学,3B,工科试验班(竺可桢学院图灵班)(计算机科学与技术),3,,,物理,化学,6900,1_3_0335_5_3B
691,109,985,上海交通大学,金融学(含金融学、计算机双学士学位项目),unmatched_name_changed_or_not_in_2026_physics_plan,0,,,,,,,,,,,
691,109,985,上海交通大学,电子信息类(计算机永强试验班)(计算机科学与技术、软件工程、信息安全),exact_school_major,1,0248,上海交通大学,07,电子信息类(计算机永强试验班)(计算机科学与技术、软件工程、信息安全),1,,,物理,化学,7000,1_3_0248_5_07
691,109,985,上海交通大学医学院,临床医学(八年制本博连读),exact_school_major,1,9248,上海交通大学医学院,01,临床医学(八年制本博连读),2,,(卓越医学创新人才计划；含欧洲、澳洲等国家和地区临床实践交流项目),物理,化学,8140,1_3_9248_5_01
691,109,985,复旦大学,理科试验班(相辉学堂相辉计划)(数学与应用数学、物理学、化学、生物科学),exact_school_major,1,0246,复旦大学,31,理科试验班(相辉学堂相辉计划)(数学与应用数学、物理学、化学、生物科学),2,,(含数学、物理、化学、生物科学英才班),物理,化学,7700,1_3_0246_5_31
691,109,985,复旦大学,工科试验班(集成电路领军人才班)(微电子科学与工程、集成电路科学与工程),unmatched_name_changed_or_not_in_2026_physics_plan,0,,,,,,,,,,,
690,123,985,中国人民大学,法学,exact_school_major,1,0002,中国人民大学,F1,法学,2,,(通州校区),物理,无限制,5000,1_3_0002_5_F1
690,123,985,北京大学医学部,临床医学(八年制本博连读),exact_school_major,1,9001,北京大学医学部,02,临床医学(八年制本博连读),4,,(色盲不予录取),物理,化学,6000,1_3_9001_5_02
690,123,985,北京大学医学部,口腔医学(八年制本博连读),exact_school_major,1,9001,北京大学医学部,04,口腔医学(八年制本博连读),1,,(色盲不予录取),物理,化学,6000,1_3_9001_5_04
688,156,985,上海交通大学,机械类(钱学森工程科学试点班，含双学士学位项目)(机械工程、能源与动力工程),exact_school_major,1,0248,上海交通大学,12,"机械类(钱学森工程科学试点班,含双学士学位项目)(机械工程、能源与动力工程)",2,,(含机械动力类-数学与应用数学双学士学位项目、能源与动力工程-化学双学士学位项目),物理,化学,7000,1_3_0248_5_12
688,156,985,复旦大学,工科试验班(计算与智能领军人才班)(人工智能),exact_school_major,1,0246,复旦大学,56,工科试验班(计算与智能领军人才班)(人工智能),3,,(含下一代多模态大模型与智能体体系方向、数字安全方向),物理,化学,7000,1_3_0246_5_56
688,156,985,浙江大学,人工智能,unmatched_name_changed_or_not_in_2026_physics_plan,0,,,,,,,,,,,
688,156,985,清华大学,临床医学类[临床医学(协和)、临床医学(卓越医师科学家)],unmatched_name_changed_or_not_in_2026_physics_plan,0,,,,,,,,,,,
687,167,985,复旦大学,工科试验班(智能机器人与先进制造领军人才班)(智能科学与技术),unmatched_name_changed_or_not_in_2026_physics_plan,0,,,,,,,,,,,
686,180,985,上海交通大学医学院,临床医学(八年制本博连读，法语班),exact_school_major,1,9248,上海交通大学医学院,02,"临床医学(八年制本博连读,法语班)",1,,(第一年全体赴法语言培训2个月；第七年选拔优秀学生赴法进行为期一年的法国外籍住院医师培训或科研培训),物理,化学,10000,1_3_9248_5_02
685,213,985,上海交通大学,理科试验班类(数学方向，含双学士学位项目)(数学与应用数学、统计学),unmatched_name_changed_or_not_in_2026_physics_plan,0,,,,,,,,,,,
685,213,985,上海交通大学医学院,临床医学(八年制本博连读，口腔方向),exact_school_major,1,9248,上海交通大学医学院,03,"临床医学(八年制本博连读,口腔方向)",1,,"(卓越医学创新人才计划;含卡罗林斯卡大学,大阪齿科大学,福冈齿科大学等交流项目)",物理,化学,8140,1_3_9248_5_03
685,213,985,北京大学医学部,口腔医学,exact_school_major,1,9001,北京大学医学部,05,口腔医学,1,,(色盲不予录取),物理,化学,6000,1_3_9001_5_05
685,213,985,复旦大学,工科试验班(未来信息创新学院)(电子信息科学与技术、通信工程、光电信息科学与工程),exact_school_major,1,0246,复旦大学,69,工科试验班(未来信息创新学院)(电子信息科学与技术、通信工程、光电信息科学与工程),8,,[含未来信息产教融合班。含光电信息科学与工程-信息与计算科学(人工智能方向)、电子信息科学与技术-信息与计算科学(人工智能方向)双学士学位],物理,化学,7000,1_3_0246_5_69
685,213,985,复旦大学,工科试验班(智能材料与未来能源领军人才班)(电子科学与技术、能源化学、高分子材料与工程、材料物理、材料化学),unmatched_name_changed_or_not_in_2026_physics_plan,0,,,,,,,,,,,
685,213,985,复旦大学,数学类(数学智能英才班)(信息与计算科学),exact_school_major,1,0246,复旦大学,33,数学类(数学智能英才班)(信息与计算科学),2,,,物理,化学,7700,1_3_0246_5_33
684,231,985,哈尔滨工业大学,工科试验班(尖班)(自动化、人工智能、复合材料与工程、工程力学、材料科学与工程、机械设计制造及其自动化、机器人工程、飞行器制造工程、环境工程、精密仪器、测控技术与仪器、智能材料与结构、智能装备与系统、土木工程),unmatched_name_changed_or_not_in_2026_physics_plan,0,,,,,,,,,,,
684,231,985,浙江大学,工科试验班(EE类)[电气工程及其自动化(爱迪生班)、电子信息工程(爱迪生班)、电子科学与技术(香农班)、信息工程(香农班)],exact_school_major,1,0335,浙江大学,5H,工科试验班(EE类)[电气工程及其自动化(爱迪生班)、电子信息工程(爱迪生班)、电子科学与技术(香农班)、信息工程(香农班)],6,,,物理,化学,6000,1_3_0335_5_5H
683,262,985,上海交通大学,工科试验班类(信息类)[计算机科学与技术(计算机学院)、信息安全(计算机学院)、软件工程(计算机学院)、微电子科学与工程(集成电路学院)、信息工程(集成电路学院)、电子科学与技术(集成电路学院)、自动化(自动化与感知学院)、智能感知工程(自动化与感知学院)、电气工程及其自动化(电气工程学院)],exact_school_major,1,0248,上海交通大学,GA,工科试验班类(信息类)[计算机科学与技术(计算机学院)、信息安全(计算机学院)、软件工程(计算机学院)、微电子科学与工程(集成电路学院)、信息工程(集成电路学院)、电子科学与技术(集成电路学院)、自动化(自动化与感知学院)、智能感知工程(自动化与感知学院)、电气工程及其自动化(电气工程学院)],24,,(8月可自愿申请参加浦江国际学院、巴黎卓越工程师学院、健康科学与技术等专业提前分流选拔),物理,化学,7000,1_3_0248_5_GA
683,262,985,南京大学,人工智能,exact_school_major,1,0284,南京大学,13,人工智能,3,,,物理,化学,6380,1_3_0284_5_13
683,262,985,哈尔滨工业大学,工科试验班(港大优学班)(人工智能、自动化),unmatched_name_changed_or_not_in_2026_physics_plan,0,,,,,,,,,,,
683,262,985,哈尔滨工业大学,工科试验班(AI院士特色班)(人工智能),unmatched_name_changed_or_not_in_2026_physics_plan,0,,,,,,,,,,,
683,262,985,浙江大学,工科试验班(信息)(计算机科学与技术、信息安全、软件工程、工业设计、光电信息科学与工程、电子科学与技术、微电子科学与工程、信息工程、自动化、生物医学工程),unmatched_name_changed_or_not_in_2026_physics_plan,0,,,,,,,,,,,
682,282,985,中国人民大学,人工智能,exact_school_major,1,0002,中国人民大学,Q1,人工智能,2,,(中关村校区),物理,化学,5000,1_3_0002_5_Q1
682,282,985,北京大学医学部,药学(六年制本硕连读),exact_school_major,1,9001,北京大学医学部,07,药学(六年制本硕连读),1,,,物理,化学,6000,1_3_9001_5_07
682,282,985,南京大学,计算机科学与技术,exact_school_major,1,0284,南京大学,12,计算机科学与技术,2,,,物理,化学,6050,1_3_0284_5_12
682,282,985,哈尔滨工业大学,工科试验班(自主智能系统院士特色班)(自动化、人工智能、探测制导与控制技术、智能装备与系统、机器人工程),unmatched_name_changed_or_not_in_2026_physics_plan,0,,,,,,,,,,,
681,312,985,中国人民大学,理科试验班(金融与大数据技术创新人才班)[金融工程(财政金融学院金融学与大数据技术双学位项目)],exact_school_major,1,0002,中国人民大学,H4,理科试验班(金融与大数据技术创新人才班)[金融工程(财政金融学院金融学与大数据技术双学位项目)],2,,"[财政金融学院(金融学)与信息学院(数据科学与大数据技术)共同培养,毕业获经济学、工学双主学士学位](通州校区)",物理,化学,5000,1_3_0002_5_H4
681,312,985,中国人民大学,计算机类(计算机科学与技术、信息安全、数据科学与大数据技术、信息管理与信息系统),unmatched_name_changed_or_not_in_2026_physics_plan,0,,,,,,,,,,,
681,312,985,北京大学医学部,临床医学,exact_school_major,1,9001,北京大学医学部,03,临床医学,3,,(色盲不予录取),物理,化学,6000,1_3_9001_5_03
681,312,985,南京大学,电子信息类(电子信息科学与技术、通信工程、微电子科学与工程、集成电路设计与集成系统),unmatched_name_changed_or_not_in_2026_physics_plan,0,,,,,,,,,,,
681,312,985,南京大学,理科试验班(匡亚明学院大理科班)[数学与应用数学、信息与计算科学、物理学、化学、天文学、生物科学、生物科学(生物化学与分子生物学方向)、计算机科学与技术、计算机科学与技术(脑科学与AI方向)],unmatched_name_changed_or_not_in_2026_physics_plan,0,,,,,,,,,,,
681,312,985,复旦大学医学院,临床医学(八年制临床医师班),exact_school_major,1,9246,复旦大学医学院,A2,临床医学(八年制临床医师班),2,,,物理,化学,8140,1_3_9246_5_A2
680,336,985,中国人民大学,理科试验班(金融学与数学创新人才班)[金融工程(财政金融学院金融学与数学双学位项目)],exact_school_major,1,0002,中国人民大学,H3,理科试验班(金融学与数学创新人才班)[金融工程(财政金融学院金融学与数学双学位项目)],1,,"[财政金融学院(金融学)与数学学院(数学与应用数学)共同培养,毕业获经济学、理学双主学士学位](通州校区)",物理,化学,5000,1_3_0002_5_H3
680,336,985,北京航空航天大学,工科试验班类(未来空天领军计划)(智能飞行器技术、智能感知工程、智能制造工程、空天智能电推进技术、飞行器设计与工程、飞行器动力工程、材料科学与工程、交通运输、智慧交通、人工智能、网络空间安全、空间科学与技术),unmatched_name_changed_or_not_in_2026_physics_plan,0,,,,,,,,,,,
679,366,985,中国科学技术大学,工科试验班(航空航天、人形机器人、低碳能源技术及安全)(机器人工程、理论与应用力学、机械设计制造及其自动化、测控技术与仪器、能源与动力工程、安全工程),unmatched_name_changed_or_not_in_2026_physics_plan,0,,,,,,,,,,,
679,366,985,中国科学技术大学,工科试验班(信息智能方向)[计算机类、计算机类(华夏计算机科技英才班)、电子信息类、电子信息类(信息科技英才班)、人工智能、集成电路设计与集成系统、网络空间安全],unmatched_name_changed_or_not_in_2026_physics_plan,0,,,,,,,,,,,
679,366,985,南京大学,软件工程,unmatched_name_changed_or_not_in_2026_physics_plan,0,,,,,,,,,,,
679,366,985,南京大学,计算机科学与技术(计算机金融实验班),exact_school_major,1,0284,南京大学,80,计算机科学与技术(计算机金融实验班),2,,(含双学士学位),物理,化学,6050,1_3_0284_5_80
678,399,985,中国科学技术大学,理科试验班类[量子信息科学(未来技术学院)、数学类、数学类(华罗庚数学科技英才班)、物理学类、物理学类(严济慈物理科技英才班)、化学类(卢嘉锡化学科技英才班)、生物科学类(贝时璋生命科技英才班)、空间科学与技术(赵九章现代地球和空间科技英才班)、金融学、大数据管理与应用、统计学],unmatched_name_changed_or_not_in_2026_physics_plan,0,,,,,,,,,,,
678,399,985,北京航空航天大学,数学与应用数学(拔尖学生培养计划),exact_school_major,1,0006,北京航空航天大学,04,数学与应用数学(拔尖学生培养计划),3,,(含数学与应用数学-计算机科学与技术双学士学位项目),物理,化学,5500,1_3_0006_5_04
678,399,985,北京航空航天大学,人工智能(卓越人才培养试验班),unmatched_name_changed_or_not_in_2026_physics_plan,0,,,,,,,,,,,
678,399,985,北京航空航天大学,工科试验班类(未来工程师项目制育人试验班)(人工智能、自动化、低空技术与工程、机器人工程、飞行器设计与工程、车辆工程、飞行器控制与信息工程、飞行器动力工程),unmatched_name_changed_or_not_in_2026_physics_plan,0,,,,,,,,,,,
678,399,985,南京大学,理科试验班类(数理科学类)(数学与应用数学、信息与计算科学、统计学、物理学、应用物理学、声学、天文学、大气科学、应用气象学),unmatched_name_changed_or_not_in_2026_physics_plan,0,,,,,,,,,,,
678,399,985,南京大学,技术科学试验班[智能科学与技术、集成电路设计与集成系统、数字经济、自动化(机器人方向)],unmatched_name_changed_or_not_in_2026_physics_plan,0,,,,,,,,,,,
678,399,985,哈尔滨工业大学,工科试验班(院士特色班)(通信工程、电子信息工程、信息对抗技术、智能科学与技术、自动化、智能装备与系统、飞行器设计与工程、复合材料与工程、工程力学、智能材料与结构、材料科学与工程、焊接技术与工程、飞行器制造工程、机器人工程、机械设计制造及其自动化、智能制造工程、仿生科学与工程),exact_school_major,1,0213,哈尔滨工业大学,08,工科试验班(院士特色班)(通信工程、电子信息工程、信息对抗技术、智能科学与技术、自动化、智能装备与系统、飞行器设计与工程、复合材料与工程、工程力学、智能材料与结构、材料科学与工程、焊接技术与工程、飞行器制造工程、机器人工程、机械设计制造及其自动化、智能制造工程、仿生科学与工程),13,,"(含永坦班、善义班、小卫星班、智能机器人班、尖端仪器班,院士担任班主任,相关领域内专业任选,一生一策,培养方式详见学校招生官网)",物理,化学,5500,1_3_0213_5_08
677,431,985,中国人民大学,统计学类(国民经济与数科创新人才班)(数据科学与大数据技术),unmatched_name_changed_or_not_in_2026_physics_plan,0,,,,,,,,,,,
677,431,985,北京大学医学部,基础医学(八年制本博连读),exact_school_major,1,9001,北京大学医学部,01,基础医学(八年制本博连读),3,,,物理,化学,6000,1_3_9001_5_01
677,431,985,北京理工大学,工科试验班(卓越班)(人工智能、机器人工程、数据科学与大数据技术、计算机科学与技术、智能制造工程、智能感知工程、网络空间安全),unmatched_name_changed_or_not_in_2026_physics_plan,0,,,,,,,,,,,
677,431,985,华中科技大学,电子信息类(未来技术实验班)(光电信息科学与工程、机器人工程、人工智能、生物医学工程),unmatched_name_changed_or_not_in_2026_physics_plan,0,,,,,,,,,,,
677,431,985,哈尔滨工业大学,工科试验班(未来技术拔尖班)(自动化、人工智能、计算机科学与技术、通信工程、电子信息工程、飞行器设计与工程、机器人工程、焊接技术与工程、电气工程及其自动化、复合材料与工程、智能材料与结构、集成电路设计与集成系统、微电子科学与工程、智能视觉工程、探测制导与控制技术、智能装备与系统、信息),unmatched_name_changed_or_not_in_2026_physics_plan,0,,,,,,,,,,,
677,431,985,哈尔滨工业大学,工科试验班(AI加先进技术领军班)(自动化、智能装备与系统、探测制导与控制技术、集成电路设计与集成系统、微电子科学与工程、智能视觉工程、通信工程、电子信息工程、信息对抗技术、智能科学与技术、电气工程及其自动化、能源互联网工程、统计学、计算机科学与技术、人工智能、信息安全、软件工程),unmatched_name_changed_or_not_in_2026_physics_plan,0,,,,,,,,,,,
677,431,985,哈尔滨工业大学,工科试验班(AI加先进技术领军班深圳拔尖班)(自动化、集成电路设计与集成系统、通信工程、电气工程及其自动化、计算机科学与技术),unmatched_name_changed_or_not_in_2026_physics_plan,0,,,,,,,,,,,
677,431,985,四川大学,口腔医学(八年制),exact_school_major,1,0610,四川大学,24,口腔医学(八年制),2,,,物理,化学,7250,1_3_0610_5_24
676,475,985,中国人民大学,理科试验班(新时代经济学拔尖人才班)[数字经济(经济学院新时代经济学拔尖人才班)],unmatched_name_changed_or_not_in_2026_physics_plan,0,,,,,,,,,,,
676,475,985,中国人民大学,统计学类(经济统计学、应用统计学、统计学、数据科学),unmatched_name_changed_or_not_in_2026_physics_plan,0,,,,,,,,,,,
676,475,985,中国人民大学,数学类(财政学与数学创新人才班)(数学与应用数学),unmatched_name_changed_or_not_in_2026_physics_plan,0,,,,,,,,,,,
676,475,985,北京理工大学,工科试验班(未来精工技术)(人工智能、机器人工程、数据科学与大数据技术、计算机科学与技术、智能制造工程、智能感知工程、网络空间安全),unmatched_name_changed_or_not_in_2026_physics_plan,0,,,,,,,,,,,
676,475,985,北京航空航天大学,工程力学(拔尖学生培养计划),exact_school_major,1,0006,北京航空航天大学,05,工程力学(拔尖学生培养计划),3,,(含信息与计算科学-工程力学双学士学位项目),物理,化学,5500,1_3_0006_5_05
676,475,985,北京航空航天大学,飞行器动力工程(卓越人才培养试验班),exact_school_major,1,0006,北京航空航天大学,08,飞行器动力工程(卓越人才培养试验班),5,,,物理,化学,5500,1_3_0006_5_08
676,475,985,南京大学,临床医学(卓越医师班),exact_school_major,1,0284,南京大学,50,临床医学(卓越医师班),2,,,物理,化学,7480,1_3_0284_5_50
675,511,985,北京大学医学部,预防医学(七年制本硕连读),exact_school_major,1,9001,北京大学医学部,06,预防医学(七年制本硕连读),1,,,物理,化学,6000,1_3_9001_5_06
675,511,985,北京大学医学部,英语(医学英语),exact_school_major,1,9001,北京大学医学部,08,英语(医学英语),1,,(只招收英语考生),物理,无限制,6000,1_3_9001_5_08
675,511,985,北京航空航天大学,工科试验班类(计算与智能科学类),unmatched_name_changed_or_not_in_2026_physics_plan,0,,,,,,,,,,,
675,511,985,同济大学,工科试验班(国豪精英班),exact_school_major,1,0247,同济大学,01,工科试验班(国豪精英班),10,,"(工科拔尖人才培养计划,含未来技术班、20的四次方无限跃升计划。所有工科专业任选。专业确认后按专业标准收费)",物理,化学,7000,1_3_0247_5_01
675,511,985,武汉大学,理科试验班(数学与应用数学、物理学、化学、生物科学、智能制造工程、电气工程及其自动化、遥感科学与技术、数字经济),unmatched_name_changed_or_not_in_2026_physics_plan,0,,,,,,,,,,,
674,551,985,上海交通大学医学院,口腔医学(5+3一体化),exact_school_major,1,9248,上海交通大学医学院,06,口腔医学(5+3一体化),3,,"(卓越医学创新人才计划;含卡罗林斯卡大学,大阪齿科大学,福冈齿科大学等交流项目)",物理,化学,8140,1_3_9248_5_06
674,551,985,中山大学,临床医学(八年制),exact_school_major,1,0558,中山大学,1G,临床医学(八年制),3,,(不招色盲色弱)(广州校区北校园),物理,化学,7660,1_3_0558_5_1G
674,551,985,北京理工大学,工科试验班(徐特立英才班)(人工智能、机器人工程、数据科学与大数据技术、计算机科学与技术、智能制造工程、智能感知工程、网络空间安全、自动化、智能无人系统技术),unmatched_name_changed_or_not_in_2026_physics_plan,0,,,,,,,,,,,
674,551,985,西安交通大学,智能制造工程(钱学森班),exact_school_major,1,0698,西安交通大学,1D,智能制造工程(钱学森班),2,,,物理,化学,6600,1_3_0698_5_1D
673,596,985,东南大学,工科试验班(吴健雄班)[信息工程(等四年制理工科专业)],exact_school_major,1,0286,东南大学,15,工科试验班(吴健雄班)[信息工程(等四年制理工科专业)],10,,,物理,化学,6380,1_3_0286_5_15
673,596,985,北京师范大学,数学类[数学与应用数学、统计学、数学与应用数学(励耘实验班)],unmatched_name_changed_or_not_in_2026_physics_plan,0,,,,,,,,,,,
673,596,985,北京航空航天大学,工科试验班类(医工交叉试验班)(生物医学工程、智能医学工程),unmatched_name_changed_or_not_in_2026_physics_plan,0,,,,,,,,,,,
673,596,985,北京航空航天大学,工科试验班类(信息科学与技术类),unmatched_name_changed_or_not_in_2026_physics_plan,0,,,,,,,,,,,
673,596,985,四川大学,临床医学(八年制),exact_school_major,1,0610,四川大学,21,临床医学(八年制),3,,,物理,化学,7250,1_3_0610_5_21
672,640,985,北京航空航天大学,理科试验班类(中法工程师学院)(数学与应用数学、信息与计算科学、工程力学、应用物理学),unmatched_name_changed_or_not_in_2026_physics_plan,0,,,,,,,,,,,
672,640,985,华中科技大学,光电信息科学与工程,exact_school_major,1,0487,华中科技大学,1K,光电信息科学与工程,3,,,物理,化学,5850,1_3_0487_5_1K
672,640,985,同济大学,人工智能(拔尖班),exact_school_major,1,0247,同济大学,32,人工智能(拔尖班),4,,(对接人工智能专项。单色不能识别者不录取),物理,化学,7000,1_3_0247_5_32
672,640,985,武汉大学,计算机科学与技术(弘毅班),exact_school_major,1,0486,武汉大学,L2,计算机科学与技术(弘毅班),1,,(拔尖人才培养试验班),物理,化学,5850,1_3_0486_5_L2
672,640,985,武汉大学,网络空间安全(创新班),unmatched_name_changed_or_not_in_2026_physics_plan,0,,,,,,,,,,,
672,640,985,西安交通大学,工科试验班(电气类)(电气工程及其自动化、能源互联网工程),unmatched_name_changed_or_not_in_2026_physics_plan,0,,,,,,,,,,,
671,696,985,北京大学医学部,医学技术类(医学检验技术、医学影像技术),exact_school_major,1,9001,北京大学医学部,0A,医学技术类(医学检验技术、医学影像技术),3,,,物理,化学,6000,1_3_9001_5_0A
671,696,985,北京航空航天大学,工科试验班类(航空航天类),unmatched_name_changed_or_not_in_2026_physics_plan,0,,,,,,,,,,,
671,696,985,华中科技大学,电子信息类(电信学院)(电子信息工程、通信工程、电磁场与无线技术),exact_school_major,1,0487,华中科技大学,1J,电子信息类(电信学院)(电子信息工程、通信工程、电磁场与无线技术),3,,,物理,化学,5850,1_3_0487_5_1J
671,696,985,华中科技大学,计算机类(计算机学院)(计算机科学与技术、数据科学与大数据技术、智能科学与技术),exact_school_major,1,0487,华中科技大学,21,计算机类(计算机学院)(计算机科学与技术、数据科学与大数据技术、智能科学与技术),8,,,物理,化学,5850,1_3_0487_5_21
671,696,985,复旦大学医学院,口腔医学,exact_school_major,1,9246,复旦大学医学院,A6,口腔医学,2,,(含卓越口腔医师班。含口腔颌面外科方向；含口腔医学-人工智能双学士学位),物理,化学,7400,1_3_9246_5_A6
671,696,985,西安交通大学,工程力学(国家拔尖计划),exact_school_major,1,0698,西安交通大学,1H,工程力学(国家拔尖计划),2,,,物理,化学,6600,1_3_0698_5_1H
670,745,985,上海交通大学医学院,医学试验班(临床方向)[临床医学(五年制)],unmatched_name_changed_or_not_in_2026_physics_plan,0,,,,,,,,,,,
670,745,985,华中科技大学,电气工程及其自动化,exact_school_major,1,0487,华中科技大学,1F,电气工程及其自动化,4,,,物理,化学,5850,1_3_0487_5_1F
670,745,985,武汉大学,理科试验班(弘毅双学位试验班)(数学与应用数学、遥感科学与技术),unmatched_name_changed_or_not_in_2026_physics_plan,0,,,,,,,,,,,
670,745,985,武汉大学,导航工程(智能导航创新班),exact_school_major,1,0486,武汉大学,N3,导航工程(智能导航创新班),2,,,物理,化学,4500,1_3_0486_5_N3
670,745,985,浙江大学医学院,口腔医学(5+3一体化),exact_school_major,1,9335,浙江大学医学院,9C,口腔医学(5+3一体化),2,,,物理,化学,6000,1_3_9335_5_9C
670,745,985,西北工业大学,航空航天类(智慧三航拔尖班)(飞行器设计与工程、计算机科学与技术),unmatched_name_changed_or_not_in_2026_physics_plan,0,,,,,,,,,,,
669,788,985,东南大学,电子信息类(信息工程、电子科学与技术、海洋信息工程),exact_school_major,1,0286,东南大学,06,电子信息类(信息工程、电子科学与技术、海洋信息工程),10,,,物理,化学,6380,1_3_0286_5_06
669,788,985,东南大学,集成电路设计与集成系统,exact_school_major,1,0286,东南大学,08,集成电路设计与集成系统,6,,,物理,化学,6380,1_3_0286_5_08
669,788,985,华中科技大学,自动化类(自动化、智能医学工程),exact_school_major,1,0487,华中科技大学,1N,自动化类(自动化、智能医学工程),4,,,物理,化学,5850,1_3_0487_5_1N
669,788,985,南开大学,工科试验班(卓越拔尖计划伯苓班)(光电信息科学与工程、计算机科学与技术、智能科学与技术),unmatched_name_changed_or_not_in_2026_physics_plan,0,,,,,,,,,,,
669,788,985,哈尔滨工业大学(深圳),工科试验班(计算机与电子通信)(计算机科学与技术、通信工程、集成电路设计与集成系统、自动化、电气工程及其自动化),unmatched_name_changed_or_not_in_2026_physics_plan,0,,,,,,,,,,,
669,788,985,浙江大学医学院,临床医学(5+3一体化),exact_school_major,1,9335,浙江大学医学院,9B,临床医学(5+3一体化),4,,,物理,化学,6000,1_3_9335_5_9B
668,852,985,北京理工大学,工科试验班(信息科学技术)(人工智能、机器人工程、数据科学与大数据技术、自动化、电气工程及其自动化、计算机科学与技术、软件工程、网络空间安全、密码科学与技术、信息对抗技术),unmatched_name_changed_or_not_in_2026_physics_plan,0,,,,,,,,,,,
668,852,985,华中科技大学,临床医学(八年制),exact_school_major,1,0487,华中科技大学,0Q,临床医学(八年制),2,,(色弱、色盲、单色识别不全者不予录取),物理,化学,5850,1_3_0487_5_0Q
668,852,985,南开大学,理科试验班(卓越拔尖计划伯苓班)(物理学、化学、生物科学),unmatched_name_changed_or_not_in_2026_physics_plan,0,,,,,,,,,,,
668,852,985,同济大学,工科试验班(卓越计划班),exact_school_major,1,0247,同济大学,02,工科试验班(卓越计划班),17,,"[含机器人、工程互联网、智能网联交通(智能网联车辆、低空技术与工程)、智慧空间四个领域,领域内专业任选]",物理,化学,7000,1_3_0247_5_02
668,852,985,国防科技大学,计算机科学与技术(天河拔尖班),exact_school_major,1,J002,国防科技大学,08,计算机科学与技术(天河拔尖班),2,,(考生须为应届普通高中毕业生；政治面貌为中共党员或共青团员)(考生入校后以英语为公共外语教学内容安排教学),物理,化学,6500,1_3_J002_5_08
668,852,985,武汉大学,计算机类(计算机学院)(计算机科学与技术、软件工程),exact_school_major,1,0486,武汉大学,L4,计算机类(计算机学院)(计算机科学与技术、软件工程),4,,(分流时该专业大类内专业任选),物理,化学,5850,1_3_0486_5_L4
668,852,985,武汉大学,人工智能,exact_school_major,1,0486,武汉大学,M2,人工智能,2,,,物理,化学,5850,1_3_0486_5_M2
668,852,985,西北工业大学,航空航天类(黄玉珊航空班)(飞行器设计与工程),exact_school_major,1,0699,西北工业大学,02,航空航天类(黄玉珊航空班)(飞行器设计与工程),3,,,物理,化学,6600,1_3_0699_5_02
668,852,985,西安交通大学,工科试验班(计算机科学技术类)(计算机科学与技术、网络空间安全、物联网工程),unmatched_name_changed_or_not_in_2026_physics_plan,0,,,,,,,,,,,
668,852,985,西安交通大学,自动化,exact_school_major,1,0698,西安交通大学,2C,自动化,4,,,物理,化学,6600,1_3_0698_5_2C
667,918,985,中南大学,临床医学(八年制),exact_school_major,1,0533,中南大学,83,临床医学(八年制),2,,,物理,地理,7800,1_3_0533_5_83
667,918,985,国防科技大学,理论与应用力学(航天力学拔尖班),exact_school_major,1,J002,国防科技大学,09,理论与应用力学(航天力学拔尖班),1,,(考生须为应届普通高中毕业生；政治面貌为中共党员或共青团员)(考生入校后以英语为公共外语教学内容安排教学),物理,化学,6500,1_3_J002_5_09
667,918,985,山东大学,临床医学(齐鲁医学堂创新实验班),exact_school_major,1,0422,山东大学,47,临床医学(齐鲁医学堂创新实验班),1,,(不招收色弱、色盲考生),物理,地理,7920,1_3_0422_5_47
667,918,985,西安交通大学,微电子科学与工程,exact_school_major,1,0698,西安交通大学,2F,微电子科学与工程,8,,(含强芯班),物理,化学,6600,1_3_0698_5_2F
667,918,211,中国药科大学,药学(杰出药学家实验班),exact_school_major,1,0316,中国药科大学,01,药学(杰出药学家实验班),2,,(不招色盲色弱),物理,化学,7480,1_3_0316_5_01
666,991,985,东南大学,计算机类(计算机科学与技术、人工智能、软件工程、网络空间安全),exact_school_major,1,0286,东南大学,09,计算机类(计算机科学与技术、人工智能、软件工程、网络空间安全),8,,,物理,化学,6380,1_3_0286_5_09
666,991,985,北京理工大学,工科试验班(宇航与机电类)(低空技术与工程、飞行器设计与工程、飞行器动力工程、航空航天工程、武器发射工程、探测制导与控制技术、工程力学、武器系统与工程、弹药工程与爆炸技术、特种能源技术与工程、安全工程、机械电子工程、智能无人系统技术),unmatched_name_changed_or_not_in_2026_physics_plan,0,,,,,,,,,,,
666,991,985,北京理工大学,工科试验班(电子信息实验班)(光电信息科学与工程、测控技术与仪器、智能感知工程、电子信息工程、电子科学与技术、通信工程、微电子科学与工程),unmatched_name_changed_or_not_in_2026_physics_plan,0,,,,,,,,,,,
666,991,985,同济大学,工科试验班(信息与智能网联类)[计算机科学与技术、信息安全、数据科学与大数据技术、电气工程及其自动化、自动化、通信工程、人工智能、微电子科学与工程、软件工程、交通工程、交通运输、车辆工程(汽车)、车辆工程、测绘工程、光电信息科学与工程],unmatched_name_changed_or_not_in_2026_physics_plan,0,,,,,,,,,,,
666,991,985,武汉大学,工科试验班(电气类)(电气工程及其自动化、储能科学与工程),unmatched_name_changed_or_not_in_2026_physics_plan,0,,,,,,,,,,,
666,991,985,武汉大学,电子信息类(电子信息学院)[电子信息工程(含电子信息方向、光电子方向、机器人方向)、通信工程],unmatched_name_changed_or_not_in_2026_physics_plan,0,,,,,,,,,,,
666,991,985,武汉大学,遥感科学与技术,exact_school_major,1,0486,武汉大学,N2,遥感科学与技术,3,,(含遥感科学与技术、空间信息与数字技术),物理,化学,5850,1_3_0486_5_N2
666,991,985,武汉大学,临床医学(8年),unmatched_name_changed_or_not_in_2026_physics_plan,0,,,,,,,,,,,
666,991,985,西安交通大学,信息工程,exact_school_major,1,0698,西安交通大学,2D,信息工程,7,,,物理,化学,6600,1_3_0698_5_2D
666,991,985,西安交通大学,工科试验班(航天航空类)(飞行器设计与工程、飞行器动力工程、工程力学),unmatched_name_changed_or_not_in_2026_physics_plan,0,,,,,,,,,,,
665,"1,048",985,华中科技大学,机械类(机械设计制造及其自动化、工业工程、测控技术与仪器),unmatched_name_changed_or_not_in_2026_physics_plan,0,,,,,,,,,,,
665,"1,048",985,南开大学,理科试验班(数学与大数据)(数学与应用数学、信息与计算科学、数据科学、统计学),unmatched_name_changed_or_not_in_2026_physics_plan,0,,,,,,,,,,,
665,"1,048",985,武汉大学,微电子科学与工程(集成电路学院),exact_school_major,1,0486,武汉大学,A7,微电子科学与工程(集成电路学院),2,,,物理,化学,4500,1_3_0486_5_A7
665,"1,048",985,浙江大学,工科试验班(中外合作办学，ZJUUIUC联合学院)(机械工程、电子与计算机工程、电气工程及其自动化、土木工程),unmatched_name_changed_or_not_in_2026_physics_plan,0,,,,,,,,,,,
665,"1,048",985,电子科技大学,集成电路设计与集成系统(国家示范性微电子学院),exact_school_major,1,0614,电子科技大学,A6,集成电路设计与集成系统(国家示范性微电子学院),4,,,物理,化学,9800,1_3_0614_5_A6
665,"1,048",985,西北工业大学,航空航天类(航空)(飞行器设计与工程、飞行器控制与信息工程、航空航天工程),unmatched_name_changed_or_not_in_2026_physics_plan,0,,,,,,,,,,,
665,"1,048",985,西安交通大学,软件工程,exact_school_major,1,0698,西安交通大学,2E,软件工程,3,,,物理,化学,6600,1_3_0698_5_2E
665,"1,048",985,西安交通大学,工科试验班(智能制造类)(机械工程、智能制造工程、车辆工程),unmatched_name_changed_or_not_in_2026_physics_plan,0,,,,,,,,,,,
664,"1,110",985,东南大学,工科试验班(智能制造与智能系统)(机器人工程、自动化、智能感知工程、智能车辆工程、测控技术与仪器、机械工程),unmatched_name_changed_or_not_in_2026_physics_plan,0,,,,,,,,,,,
664,"1,110",985,北京航空航天大学,飞行器动力工程(国际合作专项),exact_school_major,1,0006,北京航空航天大学,26,飞行器动力工程(国际合作专项),4,,"(中外合作办学,与俄罗斯莫斯科航空学院“2+2”联合培养,双学籍,双学位,本科阶段原则上不可转专业)",物理,化学,5500,1_3_0006_5_26
664,"1,110",985,华中科技大学,数字经济(AI双学位),exact_school_major,1,0487,华中科技大学,2P,数字经济(AI双学位),3,,"(与人工智能学院联合培养数字经济与人工智能复合型人才,授予经济学与工学双学士学位)",物理,化学,5850,1_3_0487_5_2P
664,"1,110",985,同济大学,工科试验班(智能化制造与新能源类)(新能源材料与器件、机械设计制造及其自动化、能源与动力工程、智能制造工程、飞行器制造工程、建筑环境与能源应用工程、工业设计),unmatched_name_changed_or_not_in_2026_physics_plan,0,,,,,,,,,,,
664,"1,110",985,国防科技大学,计算机类[计算机科学与技术(计算机系统方向)、计算机科学与技术(并行计算方向)、计算机科学与技术(大数据方向)、软件工程、网络工程、信息安全],exact_school_major,1,J002,国防科技大学,01,计算机类[计算机科学与技术(计算机系统方向)、计算机科学与技术(并行计算方向)、计算机科学与技术(大数据方向)、软件工程、网络工程、信息安全],4,,(考生须为应届普通高中毕业生；政治面貌为中共党员或共青团员)(考生入校后以英语为公共外语教学内容安排教学),物理,化学,6500,1_3_J002_5_01
664,"1,110",985,复旦大学医学院,临床医学,exact_school_major,1,9246,复旦大学医学院,A4,临床医学,8,,(含卓越临床医师班),物理,化学,8140,1_3_9246_5_A4
664,"1,110",985,复旦大学医学院,医学试验班[公共事业管理、药学、预防医学(五年制)],unmatched_name_changed_or_not_in_2026_physics_plan,0,,,,,,,,,,,
664,"1,110",985,电子科技大学,电子信息类(信息与通信)(电子信息工程、通信工程、信息对抗技术、网络工程、物联网工程),unmatched_name_changed_or_not_in_2026_physics_plan,0,,,,,,,,,,,
664,"1,110",985,电子科技大学,电子信息工程(AI交叉复合型创新人才双学位培养计划),exact_school_major,1,0614,电子科技大学,B2,电子信息工程(AI交叉复合型创新人才双学位培养计划),3,,,物理,化学,6500,1_3_0614_5_B2
664,"1,110",985,西北工业大学,航空航天类(航天)(飞行器设计与工程、飞行器动力工程、飞行器控制与信息工程、航空航天工程),unmatched_name_changed_or_not_in_2026_physics_plan,0,,,,,,,,,,,
664,"1,110",985,西北工业大学,电子信息类(电子信息)(电子科学与技术、电子信息工程、探测制导与控制技术、通信工程),exact_school_major,1,0699,西北工业大学,13,电子信息类(电子信息)(电子科学与技术、电子信息工程、探测制导与控制技术、通信工程),4,,"(专业分流时,100%类内专业任选)",物理,化学,6600,1_3_0699_5_13
663,"1,183",985,东南大学,工科试验班(智慧能源与电气工程)(电气工程及其自动化、电动载运工程、新能源科学与工程、能源与动力工程),exact_school_major,1,0286,东南大学,03,工科试验班(智慧能源与电气工程)(电气工程及其自动化、电动载运工程、新能源科学与工程、能源与动力工程),7,,,物理,化学,6380,1_3_0286_5_03
663,"1,183",985,东南大学,生物医学工程(学制七年本硕连读),exact_school_major,1,0286,东南大学,11,生物医学工程(学制七年本硕连读),6,,,物理,化学,6380,1_3_0286_5_11
663,"1,183",985,北京航空航天大学,工科试验班类(中外合作办学，中法未来科技试验班)(计算机科学与技术、航空航天工程、微电子科学与工程、材料科学与工程、生物医学工程),unmatched_name_changed_or_not_in_2026_physics_plan,0,,,,,,,,,,,
663,"1,183",985,华中科技大学,数学类(数学与应用数学、统计学、信息与计算科学),exact_school_major,1,0487,华中科技大学,11,数学类(数学与应用数学、统计学、信息与计算科学),3,,,物理,化学,4500,1_3_0487_5_11
663,"1,183",985,华中科技大学,能源动力类(能源与动力工程、新能源科学与工程、储能科学与工程、核工程与核技术),exact_school_major,1,0487,华中科技大学,1D,能源动力类(能源与动力工程、新能源科学与工程、储能科学与工程、核工程与核技术),6,,,物理,化学,5850,1_3_0487_5_1D
663,"1,183",985,华中科技大学,航空航天类(飞行器设计与工程、工程力学),exact_school_major,1,0487,华中科技大学,22,航空航天类(飞行器设计与工程、工程力学),3,,,物理,化学,5850,1_3_0487_5_22
663,"1,183",985,同济大学,理科试验班(数学与应用数学、统计学、应用物理学、工程力学、材料科学与工程、海洋科学与技术、应用化学),unmatched_name_changed_or_not_in_2026_physics_plan,0,,,,,,,,,,,
663,"1,183",985,大连理工大学,人工智能(新工科大师班),exact_school_major,1,0141,大连理工大学,01,人工智能(新工科大师班),2,,"(一生一策导师制培养,全校理工类专业任选,按所选专业收学费)",物理,化学,6240,1_3_0141_5_01
663,"1,183",985,浙江大学医学院,医学试验班类(临床医学、口腔医学),unmatched_name_changed_or_not_in_2026_physics_plan,0,,,,,,,,,,,
663,"1,183",985,电子科技大学,工科试验班(电子工程类)(电子科学与技术、电磁场与无线技术),exact_school_major,1,0614,电子科技大学,A5,工科试验班(电子工程类)(电子科学与技术、电磁场与无线技术),9,,,物理,化学,6500,1_3_0614_5_A5
663,"1,183",985,电子科技大学,计算机科学与技术(AI交叉复合型创新人才双学位培养计划),exact_school_major,1,0614,电子科技大学,B1,计算机科学与技术(AI交叉复合型创新人才双学位培养计划),4,,,物理,化学,6500,1_3_0614_5_B1
663,"1,183",985,电子科技大学,自动化(AI交叉复合型创新人才双学位培养计划),exact_school_major,1,0614,电子科技大学,B5,自动化(AI交叉复合型创新人才双学位培养计划),2,,,物理,化学,6500,1_3_0614_5_B5
663,"1,183",985,电子科技大学,计算机类(计算机科学与技术、网络空间安全、数据科学与大数据技术、人工智能),exact_school_major,1,0614,电子科技大学,B7,计算机类(计算机科学与技术、网络空间安全、数据科学与大数据技术、人工智能),7,,,物理,化学,6500,1_3_0614_5_B7
663,"1,183",985,西北工业大学,航空航天类(航空发动机)(飞行器动力工程、能源与动力工程),exact_school_major,1,0699,西北工业大学,09,航空航天类(航空发动机)(飞行器动力工程、能源与动力工程),3,,"(专业分流时,100%类内专业任选)",物理,化学,6600,1_3_0699_5_09
663,"1,183",985,西北工业大学,计算机类(计算机)(计算机科学与技术、物联网工程、数据科学与大数据技术、人工智能、智能交互设计),unmatched_name_changed_or_not_in_2026_physics_plan,0,,,,,,,,,,,
663,"1,183",211,北京邮电大学,电子信息类(元班)(通信工程、电子科学与技术),unmatched_name_changed_or_not_in_2026_physics_plan,0,,,,,,,,,,,
662,"1,253",985,北京航空航天大学,工科试验班类(中外合作办学，中法航空试验班)(交通运输、飞行器适航技术、测控技术与仪器、电子信息工程),unmatched_name_changed_or_not_in_2026_physics_plan,0,,,,,,,,,,,
662,"1,253",985,华中科技大学,生物医学工程类(生物医学工程、生物信息学),exact_school_major,1,0487,华中科技大学,18,生物医学工程类(生物医学工程、生物信息学),3,,,物理,化学,5850,1_3_0487_5_18
662,"1,253",985,武汉大学,法学,unmatched_name_changed_or_not_in_2026_physics_plan,0,,,,,,,,,,,
662,"1,253",985,武汉大学,工科试验班(智慧能源与智能制造类)(智能制造工程、机械设计制造及其自动化、能源与动力工程、核工程与核技术、能源化学工程),unmatched_name_changed_or_not_in_2026_physics_plan,0,,,,,,,,,,,
662,"1,253",985,电子科技大学,工科试验班(机器人、电气信息、智能制造)(机械设计制造及其自动化、电气工程及其自动化、智能电网信息工程、工业工程、机器人工程),unmatched_name_changed_or_not_in_2026_physics_plan,0,,,,,,,,,,,
662,"1,253",985,电子科技大学,电子信息类(光电集成与光网络)(光电信息科学与工程、信息工程),exact_school_major,1,0614,电子科技大学,B9,电子信息类(光电集成与光网络)(光电信息科学与工程、信息工程),4,,,物理,化学,6500,1_3_0614_5_B9
662,"1,253",985,西北工业大学,航空航天类(航宇智能制造)(飞行器制造工程、微机电系统工程、机械电子工程、机械设计制造及其自动化、工业工程),unmatched_name_changed_or_not_in_2026_physics_plan,0,,,,,,,,,,,
662,"1,253",985,西北工业大学,海洋工程类(黄震中海洋班)(船舶与海洋工程、水声工程、信息工程),exact_school_major,1,0699,西北工业大学,11,海洋工程类(黄震中海洋班)(船舶与海洋工程、水声工程、信息工程),2,,"(专业分流时,100%类内专业任选)",物理,化学,6600,1_3_0699_5_11
662,"1,253",985,西北工业大学,自动化类(自动化、电气工程及其自动化、机器人工程),unmatched_name_changed_or_not_in_2026_physics_plan,0,,,,,,,,,,,
662,"1,253",985,西安交通大学,工科试验班(智慧能源类)[能源与动力工程、能源与动力工程(热流国际班)、新能源科学与工程、核工程与核技术、环境工程],unmatched_name_changed_or_not_in_2026_physics_plan,0,,,,,,,,,,,
662,"1,253",211,中国政法大学,法学(法学人才培养模式改革实验班),exact_school_major,1,0053,中国政法大学,03,法学(法学人才培养模式改革实验班),2,,(本专业人才培养模式改革有关安排详见章程),物理,无限制,5000,1_3_0053_5_03
661,"1,330",985,中山大学,计算机类(广州)(计算机科学与技术、信息与计算科学),exact_school_major,1,0558,中山大学,1A,计算机类(广州)(计算机科学与技术、信息与计算科学),5,,(广州校区东校园),物理,化学,6850,1_3_0558_5_1A
661,"1,330",985,华中科技大学,物理学类(物理学、应用物理学),exact_school_major,1,0487,华中科技大学,13,物理学类(物理学、应用物理学),3,,,物理,化学,4500,1_3_0487_5_13
661,"1,330",985,华南理工大学,工科试验班(AI先进技术拔尖班)[计算机科学与技术(拔尖基地班)、信息工程(拔尖班)、自动化(拔尖班)],exact_school_major,1,0561,华南理工大学,02,工科试验班(AI先进技术拔尖班)[计算机科学与技术(拔尖基地班)、信息工程(拔尖班)、自动化(拔尖班)],2,,,物理,化学,6850,1_3_0561_5_02
661,"1,330",985,同济大学,金融学(数学双学士学位),unmatched_name_changed_or_not_in_2026_physics_plan,0,,,,,,,,,,,
661,"1,330",985,大连理工大学,电子信息类(创新班)(电子信息工程、计算机科学与技术、未来机器人、自动化、电气工程及其自动化、光电信息科学与工程、生物医学工程),unmatched_name_changed_or_not_in_2026_physics_plan,0,,,,,,,,,,,
661,"1,330",985,武汉大学,工科试验班(碳中和自强班)(水文与水资源工程),exact_school_major,1,0486,武汉大学,J1,工科试验班(碳中和自强班)(水文与水资源工程),2,,(拔尖人才培养试验班),物理,化学,4500,1_3_0486_5_J1
661,"1,330",985,电子科技大学,电子信息类(智能仪器、智能控制)(自动化、测控技术与仪器),unmatched_name_changed_or_not_in_2026_physics_plan,0,,,,,,,,,,,
661,"1,330",985,西北工业大学,计算机类(软件)(软件工程),unmatched_name_changed_or_not_in_2026_physics_plan,0,,,,,,,,,,,
661,"1,330",211,上海财经大学,金融学(双学士学位、金融学和统计学),unmatched_name_changed_or_not_in_2026_physics_plan,0,,,,,,,,,,,
661,"1,330",211,北京邮电大学,计算机类(元班)(计算机科学与技术、网络空间安全),unmatched_name_changed_or_not_in_2026_physics_plan,0,,,,,,,,,,,
660,"1,404",985,中山大学,电子信息类(含电子信息创新基地班)(通信工程、微电子科学与工程、光电信息科学与工程、电子信息科学与技术),unmatched_name_changed_or_not_in_2026_physics_plan,0,,,,,,,,,,,
660,"1,404",985,华南理工大学,自动化,exact_school_major,1,0561,华南理工大学,15,自动化,2,,,物理,化学,6850,1_3_0561_5_15
660,"1,404",985,南开大学,工科试验班(信息科学与技术)(计算机科学与技术、信息安全、物联网工程、自动化、智能科学与技术、软件工程),unmatched_name_changed_or_not_in_2026_physics_plan,0,,,,,,,,,,,
660,"1,404",985,同济大学,临床医学(5+3一体化),exact_school_major,1,0247,同济大学,13,临床医学(5+3一体化),4,,"(本硕衔接培养,合格毕业生获执业医师资格证、住院医师规范化培训合格证书、硕士研究生毕业证和学位证。该专业不招色盲、色弱考生)",物理,化学,7400,1_3_0247_5_13
660,"1,404",985,大连理工大学,人工智能(创新班),unmatched_name_changed_or_not_in_2026_physics_plan,0,,,,,,,,,,,
660,"1,404",985,山东大学,数学类(数学与应用数学、信息与计算科学、统计学),exact_school_major,1,0422,山东大学,17,数学类(数学与应用数学、信息与计算科学、统计学),2,,[含潘承洞基地班、数学拔尖2.0班(泰山学堂)],物理,化学,6600,1_3_0422_5_17
660,"1,404",985,武汉大学,物理学类(物理学、材料物理),exact_school_major,1,0486,武汉大学,F5,物理学类(物理学、材料物理),4,,(含严济慈班、天文班、高能物理班、半导体班等中科院“科教融合”合作班级。分流时该专业大类内专业任选),物理,化学,4500,1_3_0486_5_F5
659,"1,496",985,中山大学,网络空间安全(含鸿网创新班),unmatched_name_changed_or_not_in_2026_physics_plan,0,,,,,,,,,,,
659,"1,496",985,南开大学,理科试验班(物理与光电信息技术工程)(物理学、应用物理学、光电信息科学与工程、电子信息科学与技术、微电子科学与工程、电子科学与技术、通信工程),exact_school_major,1,0055,南开大学,07,理科试验班(物理与光电信息技术工程)(物理学、应用物理学、光电信息科学与工程、电子信息科学与技术、微电子科学与工程、电子科学与技术、通信工程),18,,(本专业大类内专业任选),物理,化学,6200,1_3_0055_5_07
659,"1,496",985,国防科技大学,电子信息类(电子信息工程、电子科学与技术、通信工程、微电子科学与工程、信息工程、集成电路设计与集成系统、光电信息科学与工程),exact_school_major,1,J002,国防科技大学,02,电子信息类(电子信息工程、电子科学与技术、通信工程、微电子科学与工程、信息工程、集成电路设计与集成系统、光电信息科学与工程),10,,(考生须为应届普通高中毕业生；政治面貌为中共党员或共青团员)(考生入校后以英语为公共外语教学内容安排教学),物理,化学,6500,1_3_J002_5_02
659,"1,496",985,大连理工大学,人工智能(未来技术班),unmatched_name_changed_or_not_in_2026_physics_plan,0,,,,,,,,,,,
659,"1,496",985,天津大学,工科试验班(智能与计算类)(计算机科学与技术、人工智能、软件工程、网络空间安全),unmatched_name_changed_or_not_in_2026_physics_plan,0,,,,,,,,,,,
659,"1,496",985,武汉大学,大数据管理与应用,exact_school_major,1,0486,武汉大学,D2,大数据管理与应用,2,,(含大数据管理与应用、信息管理与信息系统、电子商务、图书馆学、档案学、编辑出版学),物理,无限制,4500,1_3_0486_5_D2
659,"1,496",985,武汉大学,经济学(数智经济与管理创新班),exact_school_major,1,0486,武汉大学,D4,经济学(数智经济与管理创新班),2,,[含经济学(基地班)、金融工程、市场营销(数智特色创新试验班)、管理科学(商业数据分析试验班)],物理,无限制,5850,1_3_0486_5_D4
659,"1,496",985,武汉大学,化学类[化学(含化生方向)、应用化学],exact_school_major,1,0486,武汉大学,G2,化学类[化学(含化生方向)、应用化学],3,,(分流时该专业大类内专业任选),物理,化学,4500,1_3_0486_5_G2
659,"1,496",985,电子科技大学(沙河校区),软件工程(国家卓越工程师教育培养计划特色班),exact_school_major,1,9614,电子科技大学(沙河校区),S3,软件工程(国家卓越工程师教育培养计划特色班),5,,(沙河校区),物理,化学,9800,1_3_9614_5_S3
658,"1,583",985,中山大学,微电子科学与工程(珠海),exact_school_major,1,0558,中山大学,2S,微电子科学与工程(珠海),6,,(珠海校区),物理,化学,6850,1_3_0558_5_2S
658,"1,583",985,北京师范大学,物理学类[物理学、计算机科学与技术、人工智能、信息管理与信息系统、天文学、物理学(励耘实验班)],unmatched_name_changed_or_not_in_2026_physics_plan,0,,,,,,,,,,,
658,"1,583",985,华南理工大学,工科试验班(卓越人才班)[电气工程及其自动化(卓越班)、能源与动力工程(低碳与智慧能源卓越班)、软件工程(卓越班)、软件工程(GY软件卓越班)、电子科学与技术(卓越班)、食品科学与工程(未来食品卓越班)],unmatched_name_changed_or_not_in_2026_physics_plan,0,,,,,,,,,,,
658,"1,583",985,华南理工大学,工科试验班(AI与低空技术)(智能科学与技术、低空技术与工程),exact_school_major,1,0561,华南理工大学,14,工科试验班(AI与低空技术)(智能科学与技术、低空技术与工程),2,,,物理,化学,6850,1_3_0561_5_14
658,"1,583",985,华南理工大学,信息工程,exact_school_major,1,0561,华南理工大学,12,信息工程,2,,,物理,化学,6850,1_3_0561_5_12
658,"1,583",985,华南理工大学,计算机类(计算机科学与技术、网络工程、信息安全),unmatched_name_changed_or_not_in_2026_physics_plan,0,,,,,,,,,,,
658,"1,583",985,国防科技大学,自动化类[自动化(无人机方向)、机器人工程、人工智能],exact_school_major,1,J002,国防科技大学,04,自动化类[自动化(无人机方向)、机器人工程、人工智能],4,,(考生须为应届普通高中毕业生；政治面貌为中共党员或共青团员)(考生入校后以英语为公共外语教学内容安排教学),物理,化学,6500,1_3_J002_5_04
658,"1,583",985,大连理工大学,工程力学(力学工科基础拔尖计划班),exact_school_major,1,0141,大连理工大学,06,工程力学(力学工科基础拔尖计划班),5,,,物理,化学,6240,1_3_0141_5_06
658,"1,583",985,大连理工大学,智能制造工程(创新班),exact_school_major,1,0141,大连理工大学,04,智能制造工程(创新班),2,,"(含智能制造工程、机械设计制造及其自动化、智能车辆工程、测控技术与仪器,上述四个专业分流任选)",物理,化学,6240,1_3_0141_5_04
658,"1,583",985,天津大学,工科试验班(电气信息类)(电气工程及其自动化、电子信息工程、通信工程、物联网工程、智能电网信息工程、自动化、机器人工程),exact_school_major,1,0056,天津大学,03,工科试验班(电气信息类)(电气工程及其自动化、电子信息工程、通信工程、物联网工程、智能电网信息工程、自动化、机器人工程),40,,(大类分流专业任选；转专业无次数限制；设有自动化学院卓越创新班；拥有智能配用电装备与系统全国重点实验室、智能电网教育部重点实验室。),物理,化学,5800,1_3_0056_5_03
658,"1,583",985,武汉大学,生物科学类(生物科学、生物技术、生态学),exact_school_major,1,0486,武汉大学,G5,生物科学类(生物科学、生物技术、生态学),7,,(含菁英创新。分流时该专业大类内专业任选),物理,化学,4500,1_3_0486_5_G5
657,"1,679",985,华东师范大学,统计学(双学位),exact_school_major,1,0269,华东师范大学,57,统计学(双学位),2,,(与计算机科学与技术进行双学士学位培养),物理,化学,7700,1_3_0269_5_57
657,"1,679",985,华南理工大学,电子科学与技术,exact_school_major,1,0561,华南理工大学,13,电子科学与技术,2,,,物理,化学,6850,1_3_0561_5_13
657,"1,679",985,南开大学,理科试验班(物质科学与可持续发展)(化学、应用化学、生物科学、生物技术、环境科学、环境工程、资源循环科学与工程、药学、药物化学、材料物理、材料化学),unmatched_name_changed_or_not_in_2026_physics_plan,0,,,,,,,,,,,
657,"1,679",985,厦门大学,计算机类(计算机科学与技术、网络空间安全、人工智能、软件工程),unmatched_name_changed_or_not_in_2026_physics_plan,0,,,,,,,,,,,
657,"1,679",985,厦门大学,电子信息类(电子信息工程、集成电路设计与集成系统、微电子科学与工程、电子信息科学与技术、通信工程),unmatched_name_changed_or_not_in_2026_physics_plan,0,,,,,,,,,,,
657,"1,679",985,同济大学,机械类(中外合作办学)[机械电子工程(中外合作办学)、建筑电气与智能化(中外合作办学)、车辆工程(中外合作办学)],exact_school_major,1,0247,同济大学,36,机械类(中外合作办学)[机械电子工程(中外合作办学)、建筑电气与智能化(中外合作办学)、车辆工程(中外合作办学)],8,,"[该专业是中华人民共和国教育部与德意志联邦共和国教科部共同倡议和直接经费支持设立的中外合作办学项目。采用3(同济)+1(德国/瑞士)进阶式国际化人才培养模式,成绩合格者获得同济大学毕业证、工学学士学位证以及外方合作院校学士学位证书]",物理,化学,21000,1_3_0247_5_36
657,"1,679",985,哈尔滨工业大学(威海),工科试验班(机器人与智能装备拔尖班)(机器人工程、机械设计制造及其自动化、智能制造工程、仿生科学与工程、飞行器制造工程、材料科学与工程、材料成型及控制工程、焊接技术与工程、电子封装技术、光电信息材料与器件、能源与动力工程、核工程与核技术、储能科学与工程、飞行器动力工程、智能感知工程、测控技术),unmatched_name_changed_or_not_in_2026_physics_plan,0,,,,,,,,,,,
657,"1,679",985,四川大学,计算机类(含双学士学位)[计算机科学与技术、人工智能、计算机科学与技术(计算与金融双学士学位)、软件工程],unmatched_name_changed_or_not_in_2026_physics_plan,0,,,,,,,,,,,
657,"1,679",985,四川大学,口腔医学(五年制),exact_school_major,1,0610,四川大学,22,口腔医学(五年制),3,,,物理,化学,7250,1_3_0610_5_22
657,"1,679",985,大连理工大学,数学类(华罗庚数学国家基础学科拔尖计划班)(信息与计算科学、数学与应用数学),exact_school_major,1,0141,大连理工大学,07,数学类(华罗庚数学国家基础学科拔尖计划班)(信息与计算科学、数学与应用数学),13,,(本专业类内分流任选),物理,化学,6240,1_3_0141_5_07
657,"1,679",985,天津大学,工科试验班(精仪与光电信息类)[测控技术与仪器、电子科学与技术(光电子技术)、光电信息科学与工程、智能感知工程、海洋科学、海洋技术],unmatched_name_changed_or_not_in_2026_physics_plan,0,,,,,,,,,,,
657,"1,679",985,武汉大学,临床医学(5+3一体化),exact_school_major,1,0486,武汉大学,Q7,临床医学(5+3一体化),2,,(不招收色弱、色盲考生),物理,化学,5850,1_3_0486_5_Q7
657,"1,679",211,中央财经大学,金融科技(北航计算机联培项目),unmatched_name_changed_or_not_in_2026_physics_plan,0,,,,,,,,,,,
656,"1,785",985,中南大学,计算机科学与技术(拔尖基地班),exact_school_major,1,0533,中南大学,Z5,计算机科学与技术(拔尖基地班),2,,,物理,化学,6500,1_3_0533_5_Z5
656,"1,785",985,中山大学,物理学类(广州)(物理学、光电信息科学与工程),exact_school_major,1,0558,中山大学,0X,物理学类(广州)(物理学、光电信息科学与工程),5,,(广州校区南校园),物理,化学,6850,1_3_0558_5_0X
656,"1,785",985,中山大学,数学类(珠海)(数学与应用数学、信息与计算科学),exact_school_major,1,0558,中山大学,2A,数学类(珠海)(数学与应用数学、信息与计算科学),5,,(珠海校区),物理,化学,6850,1_3_0558_5_2A
656,"1,785",985,中山大学,生物医学工程(含振声创新班),unmatched_name_changed_or_not_in_2026_physics_plan,0,,,,,,,,,,,
656,"1,785",985,华南理工大学,工科试验班(院士特色班)[机械类(院士特色班)、材料类(院士特色班)、建筑类(院士特色班)、智能建造(院士特色班)],exact_school_major,1,0561,华南理工大学,03,工科试验班(院士特色班)[机械类(院士特色班)、材料类(院士特色班)、建筑类(院士特色班)、智能建造(院士特色班)],2,,,物理,化学,6850,1_3_0561_5_03
656,"1,785",985,华南理工大学,电气类(电气工程及其自动化、能源与动力工程),unmatched_name_changed_or_not_in_2026_physics_plan,0,,,,,,,,,,,
656,"1,785",985,华南理工大学,软件工程,exact_school_major,1,0561,华南理工大学,40,软件工程,3,,"(第一、二学年6850元/年,第三、四学年16000元/年)",物理,化学,6850,1_3_0561_5_40
656,"1,785",985,厦门大学,数学类(数学与应用数学、信息与计算科学、统计学),exact_school_major,1,0384,厦门大学,17,数学类(数学与应用数学、信息与计算科学、统计学),3,,(分流时本专业类内专业任选。入校后可选拔进入景润拔尖班--数学国家级拔尖学生培养基地),物理,化学,5460,1_3_0384_5_17
656,"1,785",985,大连理工大学,飞行器设计与工程(创新班),exact_school_major,1,0141,大连理工大学,08,飞行器设计与工程(创新班),9,,"[含飞行器设计与工程(创新班)、低空技术与工程(创新班),上述两个专业分流任选]",物理,化学,6240,1_3_0141_5_08
656,"1,785",985,大连理工大学,软件工程(创新班),exact_school_major,1,0141,大连理工大学,10,软件工程(创新班),11,,(就读大连开发区校区。软件工程专业前两年学费5200元/年),物理,化学,16000,1_3_0141_5_10
656,"1,785",985,西安交通大学,电气工程及其自动化(中外合作办学),exact_school_major,1,0698,西安交通大学,9E,电气工程及其自动化(中外合作办学),3,,"(合作高校为意大利米兰理工大学,学费15万每年)",物理,化学,150000,1_3_0698_5_9E
656,"1,785",211,中国政法大学,法学(涉外法治人才培养实验班),exact_school_major,1,0053,中国政法大学,04,法学(涉外法治人才培养实验班),2,,(本专业人才培养模式改革有关安排详见章程),物理,无限制,5000,1_3_0053_5_04
656,"1,785",211,北京邮电大学,计算机类(计算机科学与技术、网络工程、数据科学与大数据技术),exact_school_major,1,0013,北京邮电大学,05,计算机类(计算机科学与技术、网络工程、数据科学与大数据技术),16,,"(一年级在沙河校区,二、三、四年级将根据学校规划安排在沙河校区或西土城路校区)",物理,化学,5500,1_3_0013_5_05
655,"1,895",985,北京师范大学,社会科学试验班[经济学(励耘实验班)、工商管理、金融学、会计学、国际经济与贸易、法学(卓越实验班)、人力资源管理、公共事业管理、社会学],unmatched_name_changed_or_not_in_2026_physics_plan,0,,,,,,,,,,,
655,"1,895",985,南开大学,临床医学(5+3一体化),exact_school_major,1,0055,南开大学,21,临床医学(5+3一体化),3,,,物理,化学,6200,1_3_0055_5_21
655,"1,895",985,四川大学,数学类(含双学士学位)[数学与应用数学、信息与计算科学、统计学、数学与应用数学(数学经济学双学士学位)、数学与应用数学(数学与智能科技双学士学位)],exact_school_major,1,0610,四川大学,01,数学类(含双学士学位)[数学与应用数学、信息与计算科学、统计学、数学与应用数学(数学经济学双学士学位)、数学与应用数学(数学与智能科技双学士学位)],4,,,物理,化学,6500,1_3_0610_5_01
655,"1,895",985,四川大学,电子信息类(电子信息工程、光电信息科学与工程、通信工程),unmatched_name_changed_or_not_in_2026_physics_plan,0,,,,,,,,,,,
655,"1,895",985,国防科技大学,航空航天类(航空航天工程、飞行器动力工程、材料科学与工程),exact_school_major,1,J002,国防科技大学,03,航空航天类(航空航天工程、飞行器动力工程、材料科学与工程),5,,(考生须为应届普通高中毕业生；政治面貌为中共党员或共青团员)(考生入校后以英语为公共外语教学内容安排教学),物理,化学,6500,1_3_J002_5_03
655,"1,895",985,大连理工大学,工程力学(创新班),exact_school_major,1,0141,大连理工大学,09,工程力学(创新班),16,,"[含工程力学(钱令希力学创新班)、工程力学(智算力学创新班),上述两个专业分流任选]",物理,化学,6240,1_3_0141_5_09
655,"1,895",985,电子科技大学(沙河校区),电子信息类(中外合作办学)(电子信息)(电子信息工程),exact_school_major,1,9614,电子科技大学(沙河校区),G2,电子信息类(中外合作办学)(电子信息)(电子信息工程),2,,(清水河校区),物理,化学,100000,1_3_9614_5_G2
655,"1,895",985,西北工业大学,航空航天类(航宇力学)(民族班，只招少数民族考生)(工程力学),unmatched_name_changed_or_not_in_2026_physics_plan,0,,,,,,,,,,,
655,"1,895",985,重庆大学,工科试验班(卓越计划)[电气工程及其自动化、计算机科学与技术、人工智能、机械设计制造及其自动化、储能科学与工程(等普通类四年制理工类专业)],unmatched_name_changed_or_not_in_2026_physics_plan,0,,,,,,,,,,,
655,"1,895",211,上海财经大学,会计学,exact_school_major,1,0272,上海财经大学,01,会计学,1,,,物理,无限制,6500,1_3_0272_5_01
655,"1,895",211,北京邮电大学,通信工程(大类招生),exact_school_major,1,0013,北京邮电大学,03,通信工程(大类招生),21,,"(包含:通信工程、电子信息工程、空间信息与数字技术专业。一年级在沙河校区,二、三、四年级将根据学校规划安排在沙河校区或西土城路校区)",物理,化学,5500,1_3_0013_5_03
655,"1,895",211,北京邮电大学,电子信息类(电子科学与技术、电子信息科学与技术、光电信息科学与工程、集成电路设计与集成系统),exact_school_major,1,0013,北京邮电大学,04,电子信息类(电子科学与技术、电子信息科学与技术、光电信息科学与工程、集成电路设计与集成系统),15,,"(一年级在沙河校区,二、三、四年级将根据学校规划安排在沙河校区或西土城路校区)",物理,化学,5500,1_3_0013_5_04
654,"2,000",985,中国人民大学(苏州校区),数学与应用数学(中外合作办学)(人大与索邦),exact_school_major,1,9002,中国人民大学(苏州校区),06,数学与应用数学(中外合作办学)(人大与索邦),2,,"(合作院校为法国索邦大学,毕业时可获中法双学位)",物理,化学,70000,1_3_9002_5_06
654,"2,000",985,华东师范大学,数学与应用数学,exact_school_major,1,0269,华东师范大学,55,数学与应用数学,4,,,物理,化学,7000,1_3_0269_5_55
654,"2,000",985,华东师范大学,软件工程,exact_school_major,1,0269,华东师范大学,64,软件工程,8,,(第三、四年学费16000元/年。大三下学期至大四学年到临港我校滴水湖国际软件学院就读),物理,化学,7000,1_3_0269_5_64
654,"2,000",985,华南理工大学,工科试验班(智能装备与先进制造)(机械工程、机械电子工程、智能车辆工程、过程装备与控制工程、材料成型及控制工程),unmatched_name_changed_or_not_in_2026_physics_plan,0,,,,,,,,,,,
654,"2,000",985,南开大学,金融学类[金融学、保险学(保险与精算)],unmatched_name_changed_or_not_in_2026_physics_plan,0,,,,,,,,,,,
654,"2,000",985,厦门大学,会计学(会计、财务、审计，含双学士学位项目),unmatched_name_changed_or_not_in_2026_physics_plan,0,,,,,,,,,,,
654,"2,000",985,吉林大学,车辆工程(饶斌班),exact_school_major,1,0183,吉林大学,93,车辆工程(饶斌班),1,,(智能电动车辆工程方向),物理,化学,6830,1_3_0183_5_93
654,"2,000",985,山东大学,计算机科学与技术,exact_school_major,1,0422,山东大学,33,计算机科学与技术,6,,[含计算机拔尖2.0班(泰山学堂)、计算机菁英班、人工智能与大数据新工科创新实验班],物理,化学,6600,1_3_0422_5_33
654,"2,000",985,山东大学,电子信息类(通信电子与光电方向)(通信工程、电子科学与技术、光电信息科学与工程),exact_school_major,1,0422,山东大学,35,电子信息类(通信电子与光电方向)(通信工程、电子科学与技术、光电信息科学与工程),6,,(含崇新学堂、微纳光电子科学与技术实验班、光电科创未来精英班),物理,化学,6600,1_3_0422_5_35
654,"2,000",985,武汉大学,口腔医学(5年),exact_school_major,1,0486,武汉大学,Q3,口腔医学(5年),2,,(不招收色弱、色盲考生),物理,化学,5850,1_3_0486_5_Q3
653,"2,108",985,中南大学,口腔医学(5+3一体化),exact_school_major,1,0533,中南大学,92,口腔医学(5+3一体化),2,,,物理,地理,7800,1_3_0533_5_92
653,"2,108",985,中山大学,机械工程,exact_school_major,1,0558,中山大学,3E,机械工程,5,,(深圳校区),物理,化学,6850,1_3_0558_5_3E
653,"2,108",985,华东师范大学,微电子科学与工程,exact_school_major,1,0269,华东师范大学,62,微电子科学与工程,4,,,物理,化学,7000,1_3_0269_5_62
653,"2,108",985,华东师范大学,计算机科学与技术,exact_school_major,1,0269,华东师范大学,63,计算机科学与技术,8,,,物理,化学,7000,1_3_0269_5_63
653,"2,108",985,华东师范大学,数据科学与大数据技术,exact_school_major,1,0269,华东师范大学,65,数据科学与大数据技术,5,,,物理,化学,7000,1_3_0269_5_65
653,"2,108",985,华中科技大学,临床医学,exact_school_major,1,0487,华中科技大学,4F,临床医学,1,(高校专项计划),"(色弱、色盲、单色识别不全者不予录取)(特控线上录取)(教育部高校专项计划,只投档符合报考条件的考生)",物理,化学,5850,1_3_0487_5_4F
653,"2,108",985,南开大学,经济学类(经济学、国际经济与贸易、财政学、商务经济学),unmatched_name_changed_or_not_in_2026_physics_plan,0,,,,,,,,,,,
653,"2,108",985,厦门大学,物理学类(含物理学、天文学)(物理学、天文学),exact_school_major,1,0384,厦门大学,18,物理学类(含物理学、天文学)(物理学、天文学),3,,(分流时本专业类内专业任选。入校后可选拔进入萨本栋物理学国家级拔尖学生培养基地、天文学拔尖学生培养基地),物理,化学,5460,1_3_0384_5_18
653,"2,108",985,吉林大学,人工智能(王湘浩班),exact_school_major,1,0183,吉林大学,BN,人工智能(王湘浩班),1,,(宜英语语种考生就读),物理,化学,6830,1_3_0183_5_BN
653,"2,108",985,同济大学,医学试验班[临床医学(领军人才培养)、临床医学、口腔医学、生物技术、生物信息学],unmatched_name_changed_or_not_in_2026_physics_plan,0,,,,,,,,,,,
653,"2,108",985,四川大学,网络空间安全(含双学士学位),exact_school_major,1,0610,四川大学,17,网络空间安全(含双学士学位),4,,,物理,化学,6500,1_3_0610_5_17
653,"2,108",985,浙江大学医学院,生物医学(中外合作办学)(ZJUUoE联合学院，含生物信息),exact_school_major,1,9335,浙江大学医学院,9W,"生物医学(中外合作办学)(ZJUUoE联合学院,含生物信息)",6,,(在海宁国际校区就读；同时获浙江大学毕业证书、学士学位证书和英国爱丁堡大学学士学位证书),物理,化学,160000,1_3_9335_5_9W
653,"2,108",211,上海财经大学,金融学(数字与智能金融),unmatched_name_changed_or_not_in_2026_physics_plan,0,,,,,,,,,,,
653,"2,108",211,中国政法大学,法学(北邮联合培养智慧法学实验班),exact_school_major,1,0053,中国政法大学,42,法学(北邮联合培养智慧法学实验班),2,,"(由我校和北京邮电大学联合培养,第三学年到北邮学习一年,授予两校联合学士学位,详见章程)",物理,无限制,5000,1_3_0053_5_42
653,"2,108",211,北京中医药大学,中医学(领军人才培养计划),unmatched_name_changed_or_not_in_2026_physics_plan,0,,,,,,,,,,,
653,"2,108",211,北京邮电大学,低空技术与工程,unmatched_name_changed_or_not_in_2026_physics_plan,0,,,,,,,,,,,
652,"2,228",985,中南大学,自动化类(自动化与电气类)(人工智能、电气工程及其自动化、自动化、测控技术与仪器),unmatched_name_changed_or_not_in_2026_physics_plan,0,,,,,,,,,,,
652,"2,228",985,中南大学,计算机类(计算机科学与技术、信息安全、数据科学与大数据技术),exact_school_major,1,0533,中南大学,B5,计算机类(计算机科学与技术、信息安全、数据科学与大数据技术),4,,,物理,化学,6500,1_3_0533_5_B5
652,"2,228",985,北京师范大学,理科试验班[化学、生物科学类、环境科学与工程类、心理学、地理科学类、化学(励耘实验班)、生物科学(励耘实验班)、地理科学(励耘实验班)],unmatched_name_changed_or_not_in_2026_physics_plan,0,,,,,,,,,,,
652,"2,228",985,北京师范大学(珠海校区),数学类[数学与应用数学、物理学、系统科学与工程、数据科学与大数据技术、应用统计学、人工智能(创新实验班)],unmatched_name_changed_or_not_in_2026_physics_plan,0,,,,,,,,,,,
652,"2,228",985,华东师范大学,统计学类(统计学、数据科学),exact_school_major,1,0269,华东师范大学,56,统计学类(统计学、数据科学),4,,,物理,化学,7700,1_3_0269_5_56
652,"2,228",985,华南理工大学,数学类(数学与应用数学、信息与计算科学、统计学),exact_school_major,1,0561,华南理工大学,29,数学类(数学与应用数学、信息与计算科学、统计学),2,,,物理,化学,6850,1_3_0561_5_29
652,"2,228",985,厦门大学,能源动力类(新能源科学与工程、储能科学与工程),exact_school_major,1,0384,厦门大学,23,能源动力类(新能源科学与工程、储能科学与工程),3,,(分流时本专业类内专业任选),物理,化学,5460,1_3_0384_5_23
652,"2,228",985,厦门大学,工科试验班(航空航天，含双学士学位项目)(机械设计制造及其自动化、测控技术与仪器、自动化、飞行器设计与工程、飞行器动力工程),unmatched_name_changed_or_not_in_2026_physics_plan,0,,,,,,,,,,,
652,"2,228",985,吉林大学,理科试验班(唐敖庆班)(数学类、计算机科学与技术),exact_school_major,1,0183,吉林大学,02,理科试验班(唐敖庆班)(数学类、计算机科学与技术),2,,,物理,化学,6320,1_3_0183_5_02
652,"2,228",985,吉林大学,集成电路设计与集成系统(集成电路科技英才特色班),exact_school_major,1,0183,吉林大学,9L,集成电路设计与集成系统(集成电路科技英才特色班),1,,,物理,化学,6210,1_3_0183_5_9L
652,"2,228",985,哈尔滨工业大学(威海),工科试验班(AI加先进技术领军班)(计算机科学与技术、人工智能、网络空间安全、自动化、通信工程、电子信息工程、集成电路设计与集成系统、光电信息科学与工程、电气工程及其自动化),unmatched_name_changed_or_not_in_2026_physics_plan,0,,,,,,,,,,,
652,"2,228",985,四川大学,电气类(电气工程及其自动化、自动化),exact_school_major,1,0610,四川大学,09,电气类(电气工程及其自动化、自动化),6,,,物理,化学,6500,1_3_0610_5_09
652,"2,228",985,天津大学,数学类(数学与应用数学、金融数学、数据科学与大数据技术),unmatched_name_changed_or_not_in_2026_physics_plan,0,,,,,,,,,,,
652,"2,228",985,山东大学,自动化类(自动化、机器人工程),exact_school_major,1,0422,山东大学,23,自动化类(自动化、机器人工程),6,,(含卓越工程师培养计划、自动化科学新工科实验班),物理,化学,6600,1_3_0422_5_23
652,"2,228",985,重庆大学,计算机科学与技术(拔尖计划),exact_school_major,1,0611,重庆大学,66,计算机科学与技术(拔尖计划),2,,,物理,化学,6440,1_3_0611_5_66
652,"2,228",211,上海财经大学,审计学,exact_school_major,1,0272,上海财经大学,04,审计学,1,,,物理,无限制,6500,1_3_0272_5_04
652,"2,228",211,北京邮电大学,软件工程,exact_school_major,1,0013,北京邮电大学,07,软件工程,8,,"(一年级在沙河校区,二、三、四年级将根据学校规划安排在沙河校区或西土城路校区。后两年学费为16000元/年。本专业部分课程采用英语授课,建议非英语考生慎重报考)",物理,化学,5500,1_3_0013_5_07
652,"2,228",211,北京邮电大学,人工智能(大类招生),exact_school_major,1,0013,北京邮电大学,09,人工智能(大类招生),11,,"(包含:信息工程、人工智能专业。一年级在沙河校区,二、三、四年级将根据学校规划安排在沙河校区或西土城路校区)",物理,化学,5500,1_3_0013_5_09
652,"2,228",211,华北电力大学(北京),电气工程及其自动化,exact_school_major,1,0054,华北电力大学(北京),02,电气工程及其自动化,12,,,物理,化学,5500,1_3_0054_5_02
652,"2,228",211,哈尔滨工程大学,船舶与海洋工程(兴海领军),unmatched_name_changed_or_not_in_2026_physics_plan,0,,,,,,,,,,,
652,"2,228",211,哈尔滨工程大学,海洋信息工程(兴海领军),unmatched_name_changed_or_not_in_2026_physics_plan,0,,,,,,,,,,,
651,"2,356",985,中南大学,航空航天工程,exact_school_major,1,0533,中南大学,96,航空航天工程,8,,,物理,化学,6500,1_3_0533_5_96
651,"2,356",985,中国农业大学,理科试验班类(生命科学)(生物科学类、农学、种子科学与工程、园艺、植物保护、动物医学类、动物科学、草业科学、环境科学与工程类、食品科学与工程类、化学类),exact_school_major,1,0019,中国农业大学,01,理科试验班类(生命科学)(生物科学类、农学、种子科学与工程、园艺、植物保护、动物医学类、动物科学、草业科学、环境科学与工程类、食品科学与工程类、化学类),2,,,物理,化学,5000,1_3_0019_5_01
651,"2,356",985,中山大学,经济学类(含数字方向，广州)(经济学、金融学),unmatched_name_changed_or_not_in_2026_physics_plan,0,,,,,,,,,,,
651,"2,356",985,北京理工大学,光电信息科学与工程(中外合作办学),exact_school_major,1,0007,北京理工大学,H5,光电信息科学与工程(中外合作办学),2,,,物理,化学,57000,1_3_0007_5_H5
651,"2,356",985,大连理工大学,大数据管理与应用(新工科拔尖班),exact_school_major,1,0141,大连理工大学,13,大数据管理与应用(新工科拔尖班),20,,"(含大数据管理与应用、信息管理与信息系统、金融科技,上述三个专业分流任选)",物理,无限制,6240,1_3_0141_5_13
651,"2,356",985,山东大学,计算机类(智能科技新工科实验班)(软件工程、数字媒体技术、数据科学与大数据技术、微电子科学与工程、集成电路设计与集成系统),unmatched_name_changed_or_not_in_2026_physics_plan,0,,,,,,,,,,,
651,"2,356",985,山东大学,网络空间安全,unmatched_name_changed_or_not_in_2026_physics_plan,0,,,,,,,,,,,
651,"2,356",985,山东大学,临床医学(5+3一体化),exact_school_major,1,0422,山东大学,48,临床医学(5+3一体化),2,,(不招收色弱、色盲考生),物理,地理,7920,1_3_0422_5_48
651,"2,356",985,湖南大学,计算机科学与技术,exact_school_major,1,0532,湖南大学,35,计算机科学与技术,4,,"(含计算机科学与技术、软件工程,专业分流时在上述专业内任选)[入校后可选拔进入工科试验班(人工智能类)]",物理,化学,6500,1_3_0532_5_35
651,"2,356",985,重庆大学,电气工程及其自动化,exact_school_major,1,0611,重庆大学,24,电气工程及其自动化,8,,,物理,化学,6440,1_3_0611_5_24
651,"2,356",211,中国政法大学,法学(经济学双学士学位项目),exact_school_major,1,0053,中国政法大学,43,法学(经济学双学士学位项目),2,,"(在商学院培养,可获得法学和经济学专业两个学士学位,详见章程)",物理,无限制,5000,1_3_0053_5_43
651,"2,356",211,北京邮电大学,网络空间安全(大类招生),exact_school_major,1,0013,北京邮电大学,08,网络空间安全(大类招生),9,,[包含:网络空间安全、信息安全、密码科学与技术(AI安全与密码班)专业。办学地点在沙河校区],物理,化学,5500,1_3_0013_5_08
651,"2,356",211,西安电子科技大学,电子信息类(集成电路)(微电子科学与工程、集成电路设计与集成系统),exact_school_major,1,0701,西安电子科技大学,12,电子信息类(集成电路)(微电子科学与工程、集成电路设计与集成系统),12,,,物理,化学,6600,1_3_0701_5_12
650,"2,480",985,中山大学,口腔医学,exact_school_major,1,0558,中山大学,1S,口腔医学,4,,(不招色盲色弱)(广州校区北校园),物理,化学,7660,1_3_0558_5_1S
650,"2,480",985,华东师范大学,物理学,exact_school_major,1,0269,华东师范大学,58,物理学,3,,,物理,化学,7000,1_3_0269_5_58
650,"2,480",985,华东师范大学,通信工程,exact_school_major,1,0269,华东师范大学,60,通信工程,4,,,物理,化学,7000,1_3_0269_5_60
650,"2,480",985,华南理工大学,物理学类(应用物理学、光电信息科学与工程),exact_school_major,1,0561,华南理工大学,31,物理学类(应用物理学、光电信息科学与工程),2,,,物理,化学,6850,1_3_0561_5_31
650,"2,480",985,吉林大学,理科试验班(唐敖庆班)(物理学类、化学类、生物科学类),exact_school_major,1,0183,吉林大学,01,理科试验班(唐敖庆班)(物理学类、化学类、生物科学类),2,,,物理,化学,6320,1_3_0183_5_01
650,"2,480",985,吉林大学,网络空间安全(王湘浩班),exact_school_major,1,0183,吉林大学,9W,网络空间安全(王湘浩班),2,,(宜英语语种考生就读),物理,化学,6830,1_3_0183_5_9W
650,"2,480",985,四川大学,航空航天类(航空航天工程、飞行器控制与信息工程),exact_school_major,1,0610,四川大学,16,航空航天类(航空航天工程、飞行器控制与信息工程),4,,,物理,化学,6500,1_3_0610_5_16
650,"2,480",985,山东大学,人工智能,unmatched_name_changed_or_not_in_2026_physics_plan,0,,,,,,,,,,,
650,"2,480",211,上海财经大学,统计学类[经济统计学(金融统计与风险管理)、统计学(实验班)、数据科学],unmatched_name_changed_or_not_in_2026_physics_plan,0,,,,,,,,,,,
650,"2,480",211,北京外国语大学,西班牙语,unmatched_name_changed_or_not_in_2026_physics_plan,0,,,,,,,,,,,
650,"2,480",211,南京航空航天大学,航空航天类(长空创新班)(飞行器设计与工程、飞行器环境与生命保障工程、飞行器动力工程、飞行器制造工程、航空航天工程、飞行器控制与信息工程),unmatched_name_changed_or_not_in_2026_physics_plan,0,,,,,,,,,,,
649,"2,609",985,中南大学,软件工程,exact_school_major,1,0533,中南大学,81,软件工程,6,,,物理,化学,8950,1_3_0533_5_81
649,"2,609",985,中南大学,电子信息类(电子信息科学与技术、通信工程、电子信息工程),exact_school_major,1,0533,中南大学,B3,电子信息类(电子信息科学与技术、通信工程、电子信息工程),8,,,物理,化学,5300,1_3_0533_5_B3
649,"2,609",985,中山大学,化学类(化学、高分子材料与工程、应用化学),exact_school_major_multiple_plan_rows,2,0558,中山大学,10,化学类(化学、高分子材料与工程、应用化学),5,,(不招色盲色弱)(广州校区东校园),物理,化学,6850,1_3_0558_5_10
649,"2,609",985,中山大学,化学类(化学、高分子材料与工程、应用化学),exact_school_major_multiple_plan_rows,2,0558,中山大学,AB,化学类(化学、高分子材料与工程、应用化学),1,(高校专项计划),"(不招色盲色弱)(特控线上录取)(教育部高校专项计划,只投档符合报考条件的考生)(广州校区东校园)",物理,化学,6850,1_3_0558_5_AB
649,"2,609",985,中山大学,金融学(金融学、AI双学士学位项目，珠海),unmatched_name_changed_or_not_in_2026_physics_plan,0,,,,,,,,,,,
649,"2,609",985,华东师范大学,化学,exact_school_major,1,0269,华东师范大学,69,化学,2,(高校专项计划),"(特控线上录取)(教育部高校专项计划,只投档符合报考条件的考生)",物理,化学,7000,1_3_0269_5_69
649,"2,609",985,四川大学,物理学类(物理学、微电子科学与工程、核工程与核技术),unmatched_name_changed_or_not_in_2026_physics_plan,0,,,,,,,,,,,
649,"2,609",985,天津大学,医学试验班(新医科)[智能医学工程、临床医学(5年制)、生物科学、药学、预防医学(5年制)、生物医学工程],unmatched_name_changed_or_not_in_2026_physics_plan,0,,,,,,,,,,,
649,"2,609",985,山东大学,口腔医学(5+3一体化),exact_school_major,1,0422,山东大学,42,口腔医学(5+3一体化),2,,(不招收色弱、色盲考生),物理,化学,7920,1_3_0422_5_42
649,"2,609",985,湖南大学,电子信息工程,exact_school_major,1,0532,湖南大学,28,电子信息工程,3,,"(含电子信息工程、测控技术与仪器,专业分流时在上述专业内任选)[入校后可选拔进入工科试验班(人工智能类)]",物理,化学,6500,1_3_0532_5_28
649,"2,609",985,电子科技大学(沙河校区),电子信息类(中外合作办学)(通信、微电子)(通信工程、微电子科学与工程),exact_school_major,1,9614,电子科技大学(沙河校区),G1,电子信息类(中外合作办学)(通信、微电子)(通信工程、微电子科学与工程),2,,(清水河校区),物理,化学,100000,1_3_9614_5_G1
649,"2,609",985,重庆大学,工科试验班(未来信息)(通信工程、测控技术与仪器、自动化、电子信息工程、机器人工程、集成电路设计与集成系统、智能感知工程),unmatched_name_changed_or_not_in_2026_physics_plan,0,,,,,,,,,,,
649,"2,609",211,东北师范大学,数学与应用数学(陆家羲试验班)(师范),exact_school_major,1,0200,东北师范大学,E1,数学与应用数学(陆家羲试验班)(师范),3,(师范类),,物理,化学,6320,1_3_0200_5_E1
649,"2,609",211,北京中医药大学,中西医临床医学(华佗班),exact_school_major,1,0026,北京中医药大学,03,中西医临床医学(华佗班),3,,(色盲、色弱及其他各类不能准确识别颜色考生不予录取),物理,化学,5800,1_3_0026_5_03
649,"2,609",211,北京交通大学,理科试验班类(詹天佑试点班信息类)(通信工程、计算机科学与技术、信息安全),exact_school_major,1,0004,北京交通大学,01,理科试验班类(詹天佑试点班信息类)(通信工程、计算机科学与技术、信息安全),4,,"(特殊培养方案,详见学校招生网站)",物理,化学,5500,1_3_0004_5_01
649,"2,609",211,哈尔滨工程大学,计算机科学与技术(兴海领军),unmatched_name_changed_or_not_in_2026_physics_plan,0,,,,,,,,,,,
649,"2,609",211,哈尔滨工程大学,核工程与核技术(兴海领军),unmatched_name_changed_or_not_in_2026_physics_plan,0,,,,,,,,,,,
649,"2,609",211,天津医科大学,临床医学(5+3一体化),exact_school_major,1,0062,天津医科大学,2C,临床医学(5+3一体化),4,,(色盲、色弱考生不予录取),物理,地理,5800,1_3_0062_5_2C
648,"2,729",985,中南大学,光电信息科学与工程,exact_school_major,1,0533,中南大学,32,光电信息科学与工程,4,,,物理,化学,6500,1_3_0533_5_32
648,"2,729",985,中国农业大学,生物技术(北理工联培项目),exact_school_major,1,0019,中国农业大学,55,生物技术(北理工联培项目),1,,(该专业与北京理工大学生物医学工程专业进行联合学士学位培养),物理,化学,5000,1_3_0019_5_55
648,"2,729",985,华南理工大学,大数据管理与应用,exact_school_major,1,0561,华南理工大学,48,大数据管理与应用,4,,,物理,无限制,6060,1_3_0561_5_48
648,"2,729",985,厦门大学,理科试验班(生命科学与医药健康类)(生物科学、生物技术、药学、预防医学、医学检验技术),unmatched_name_changed_or_not_in_2026_physics_plan,0,,,,,,,,,,,
648,"2,729",985,吉林大学,法学(涉外法治人才试验班),exact_school_major,1,0183,吉林大学,55,法学(涉外法治人才试验班),1,,,物理,无限制,6070,1_3_0183_5_55
648,"2,729",985,吉林大学,机械工程(饶斌班),exact_school_major,1,0183,吉林大学,88,机械工程(饶斌班),2,,,物理,化学,6830,1_3_0183_5_88
648,"2,729",985,哈尔滨工业大学(深圳),通信工程(中外合作办学),exact_school_major,1,8213,哈尔滨工业大学(深圳),08,通信工程(中外合作办学),10,,"(该专业是与韩国汉阳大学合作办学,学生入学后不得转专业,“4+0”培养模式,中英文授课)",物理,化学,100000,1_3_8213_5_08
648,"2,729",985,湖南大学,计算机科学与技术(智能实验班),exact_school_major,1,0532,湖南大学,36,计算机科学与技术(智能实验班),4,,"(含智能科学与技术、物联网工程、数字媒体技术、数据科学与大数据技术,专业分流时在上述专业内任选)[入校后可选拔进入工科试验班(人工智能类)]",物理,化学,6500,1_3_0532_5_36
648,"2,729",985,湖南大学,微电子科学与工程,exact_school_major,1,0532,湖南大学,31,微电子科学与工程,2,,[入校后可选拔进入工科试验班(人工智能类)],物理,化学,6500,1_3_0532_5_31
648,"2,729",211,上海财经大学,金融学,exact_school_major,1,0272,上海财经大学,06,金融学,1,,(金融学+统计学双学士学位),物理,无限制,7150,1_3_0272_5_06
648,"2,729",211,中央财经大学,金融学类(金融工程、金融科技),exact_school_major,1,0034,中央财经大学,05,金融学类(金融工程、金融科技),4,,,物理,无限制,5000,1_3_0034_5_05
648,"2,729",211,华北电力大学(北京),智能电网信息工程,exact_school_major,1,0054,华北电力大学(北京),03,智能电网信息工程,3,,,物理,化学,5500,1_3_0054_5_03
648,"2,729",211,西安电子科技大学,电子信息类(通信)(通信工程、信息工程、空间信息与数字技术),exact_school_major,1,0701,西安电子科技大学,10,电子信息类(通信)(通信工程、信息工程、空间信息与数字技术),15,,,物理,化学,6600,1_3_0701_5_10
647,"2,833",985,中国农业大学,理科试验班(信息科学)(电子信息类、计算机类、农业工程类、机械类、水利类、数学与应用数学、工程力学、地理科学类),exact_school_major,1,0019,中国农业大学,02,理科试验班(信息科学)(电子信息类、计算机类、农业工程类、机械类、水利类、数学与应用数学、工程力学、地理科学类),2,,,物理,化学,5000,1_3_0019_5_02
647,"2,833",985,华东师范大学,生物科学类(生物科学、生物技术),exact_school_major,1,0269,华东师范大学,70,生物科学类(生物科学、生物技术),2,(高校专项计划),"(特控线上录取)(教育部高校专项计划,只投档符合报考条件的考生)",物理,化学,7000,1_3_0269_5_70
647,"2,833",985,厦门大学,经济学类(含双学士学位项目)(金融学、财政学、税收学、国际经济与贸易、经济学),unmatched_name_changed_or_not_in_2026_physics_plan,0,,,,,,,,,,,
647,"2,833",985,厦门大学,工科试验班(化工与材料类)(化学工程与工艺、材料科学与工程),unmatched_name_changed_or_not_in_2026_physics_plan,0,,,,,,,,,,,
647,"2,833",985,吉林大学,口腔医学(5+3一体化),exact_school_major,1,0183,吉林大学,BE,口腔医学(5+3一体化),2,,,物理,化学,7080,1_3_0183_5_BE
647,"2,833",985,大连理工大学,电子信息类(电子信息工程、计算机科学与技术、未来机器人、自动化、电气工程及其自动化、光电信息科学与工程、生物医学工程),exact_school_major_multiple_plan_rows,2,0141,大连理工大学,14,电子信息类(电子信息工程、计算机科学与技术、未来机器人、自动化、电气工程及其自动化、光电信息科学与工程、生物医学工程),140,,(本专业类内分流任选),物理,化学,6240,1_3_0141_5_14
647,"2,833",985,大连理工大学,电子信息类(电子信息工程、计算机科学与技术、未来机器人、自动化、电气工程及其自动化、光电信息科学与工程、生物医学工程),exact_school_major_multiple_plan_rows,2,0141,大连理工大学,AA,电子信息类(电子信息工程、计算机科学与技术、未来机器人、自动化、电气工程及其自动化、光电信息科学与工程、生物医学工程),2,(高校专项计划),"(本专业类内分流任选)(特控线上录取)(教育部高校专项计划,只投档符合报考条件的考生)",物理,化学,6240,1_3_0141_5_AA
647,"2,833",211,中国药科大学,药学(拔尖创新班),exact_school_major,1,0316,中国药科大学,02,药学(拔尖创新班),2,,(不招色盲色弱),物理,化学,7480,1_3_0316_5_02
647,"2,833",211,中央财经大学,数字经济(成思危拔尖班),exact_school_major,1,0034,中央财经大学,17,数字经济(成思危拔尖班),2,,,物理,无限制,5000,1_3_0034_5_17
646,"2,978",985,中国农业大学,生物科学类(生物科学、生物技术),exact_school_major,1,0019,中国农业大学,08,生物科学类(生物科学、生物技术),2,,,物理,化学,5000,1_3_0019_5_08
646,"2,978",985,中国农业大学,农学(智能农业创新班),exact_school_major,1,0019,中国农业大学,45,农学(智能农业创新班),1,,"[采用特殊培养模式(多学科交叉融合,科教协同育人,详见学校本科招生报考指南)]",物理,化学,3000,1_3_0019_5_45
646,"2,978",985,华东师范大学,金融学(双学位),unmatched_name_changed_or_not_in_2026_physics_plan,0,,,,,,,,,,,
646,"2,978",985,四川大学,生物医学工程类(生物医学工程、医学信息工程),exact_school_major,1,0610,四川大学,15,生物医学工程类(生物医学工程、医学信息工程),5,,,物理,化学,6500,1_3_0610_5_15
646,"2,978",985,四川大学,临床医学(五年制),exact_school_major,1,0610,四川大学,20,临床医学(五年制),4,,,物理,化学,7250,1_3_0610_5_20
646,"2,978",985,湖南大学,电气工程及其自动化,exact_school_major,1,0532,湖南大学,27,电气工程及其自动化,7,,"(含电气工程及其自动化、测控技术与仪器、储能科学与工程,专业分流时在上述专业内任选)[入校后可选拔进入工科试验班(人工智能类)]",物理,化学,6500,1_3_0532_5_27
646,"2,978",985,重庆大学,工科试验班(计算机与智能软件)(计算机科学与技术、软件工程、人工智能、数据科学与大数据技术、信息安全),unmatched_name_changed_or_not_in_2026_physics_plan,0,,,,,,,,,,,
646,"2,978",211,中国政法大学,法学,exact_school_major,1,0053,中国政法大学,02,法学,7,,,物理,无限制,5000,1_3_0053_5_02
646,"2,978",211,北京交通大学,理科试验班类(詹天佑试点班智能类)(轨道交通信号与控制、交通运输、测控技术与仪器、电气工程及其自动化),exact_school_major,1,0004,北京交通大学,02,理科试验班类(詹天佑试点班智能类)(轨道交通信号与控制、交通运输、测控技术与仪器、电气工程及其自动化),4,,"(特殊培养方案,详见学校招生网站)",物理,化学,5500,1_3_0004_5_02
646,"2,978",211,西安电子科技大学,电子信息类(电子工程)(电子信息工程、信息对抗技术、电磁场与无线技术),exact_school_major,1,0701,西安电子科技大学,11,电子信息类(电子工程)(电子信息工程、信息对抗技术、电磁场与无线技术),13,,,物理,化学,6600,1_3_0701_5_11
645,"3,122",985,中南大学,数学类(数学与应用数学、信息与计算科学、统计学),exact_school_major,1,0533,中南大学,A5,数学类(数学与应用数学、信息与计算科学、统计学),6,,,物理,化学,5300,1_3_0533_5_A5
645,"3,122",985,中国农业大学,计算机类(计算机科学与技术、数据科学与大数据技术),exact_school_major,1,0019,中国农业大学,17,计算机类(计算机科学与技术、数据科学与大数据技术),4,,,物理,化学,5000,1_3_0019_5_17
645,"3,122",985,华南理工大学,工科试验班(先进材料)(高分子材料与工程、材料科学与工程、功能材料、生物材料),exact_school_major,1,0561,华南理工大学,17,工科试验班(先进材料)(高分子材料与工程、材料科学与工程、功能材料、生物材料),5,,(不招色盲考生),物理,化学,6850,1_3_0561_5_17
645,"3,122",985,吉林大学,临床医学(5+3一体化),exact_school_major,1,0183,吉林大学,BA,临床医学(5+3一体化),3,,(宜英语语种考生就读),物理,化学,7080,1_3_0183_5_BA
645,"3,122",985,大连理工大学,智能分子工程(新工科拔尖班),exact_school_major,1,0141,大连理工大学,18,智能分子工程(新工科拔尖班),12,,"(含智能分子工程、制药工程、高分子材料与工程、精细化工,上述四个专业分流任选。不招色盲、色弱考生)",物理,化学,6240,1_3_0141_5_18
645,"3,122",985,大连理工大学,能源与动力工程(创新班),exact_school_major,1,0141,大连理工大学,11,能源与动力工程(创新班),25,,,物理,化学,6240,1_3_0141_5_11
645,"3,122",985,大连理工大学,电子科学与技术,exact_school_major,1,0141,大连理工大学,26,电子科学与技术,102,,"(含电子科学与技术、集成电路设计与集成系统、电子信息材料。本专业与软件工程、智能无人系统技术同学域培养,专业分流在上述专业内任选。就读大连开发区校区)",物理,化学,6240,1_3_0141_5_26
645,"3,122",985,天津大学,工科试验班(智慧化工与绿色低碳类)(化学工程与工艺、精细化工、过程装备与控制工程、环境科学、环境工程),unmatched_name_changed_or_not_in_2026_physics_plan,0,,,,,,,,,,,
645,"3,122",985,天津大学,工科试验班(高新舰船与海洋装备智能设计与管理)(船舶与海洋工程),unmatched_name_changed_or_not_in_2026_physics_plan,0,,,,,,,,,,,
645,"3,122",985,湖南大学,集成电路设计与集成系统,exact_school_major,1,0532,湖南大学,32,集成电路设计与集成系统,2,,[入校后可选拔进入工科试验班(人工智能类)],物理,化学,6500,1_3_0532_5_32
645,"3,122",211,中央财经大学,工商管理类(会计学院)[会计学、会计学(法学、会计学双学位项目)、财务管理],unmatched_name_changed_or_not_in_2026_physics_plan,0,,,,,,,,,,,
645,"3,122",211,北京科技大学,理科试验班(纳米科学与工程试验班)(纳米材料与技术、材料科学与工程),unmatched_name_changed_or_not_in_2026_physics_plan,0,,,,,,,,,,,
645,"3,122",211,南京航空航天大学,电子信息类(拔尖创新班)(电子信息科学与技术、信息工程),unmatched_name_changed_or_not_in_2026_physics_plan,0,,,,,,,,,,,
645,"3,122",211,南京航空航天大学,计算机科学与技术,exact_school_major,1,0287,南京航空航天大学,2C,计算机科学与技术,2,,"(一、二年级在常州市天目湖校区就读,三、四年级在南京市将军路校区就读)",物理,化学,6380,1_3_0287_5_2C
645,"3,122",211,天津医科大学,口腔医学(5+3一体化),exact_school_major,1,0062,天津医科大学,2E,口腔医学(5+3一体化),2,,(色盲、色弱考生不予录取),物理,地理,5800,1_3_0062_5_2E
645,"3,122",211,西安电子科技大学,计算机类(计算机科学与技术、软件工程),exact_school_major_multiple_plan_rows,2,0701,西安电子科技大学,14,计算机类(计算机科学与技术、软件工程),16,,"(大类中的“软件工程”专业一、二年级每人每年学费6600元,大三、大四按学分计,每学分不超过400元,总学分不高于80学分)",物理,化学,6600,1_3_0701_5_14
645,"3,122",211,西安电子科技大学,计算机类(计算机科学与技术、软件工程),exact_school_major_multiple_plan_rows,2,0701,西安电子科技大学,AB,计算机类(计算机科学与技术、软件工程),1,(高校专项计划),"(大类中的“软件工程”专业一、二年级每人每年学费6600元,大三、大四按学分计,每学分不超过400元,总学分不高于80学分)(特控线上录取)(教育部高校专项计划,只投档符合报考条件的考生)",物理,化学,6600,1_3_0701_5_AB
645,"3,122",211,西安电子科技大学,计算机类(智能)(人工智能、智能科学与技术),unmatched_name_changed_or_not_in_2026_physics_plan,0,,,,,,,,,,,
644,"3,250",985,中国农业大学,理科试验班(智能装备)(电子信息类、计算机类、农业工程类、机械类、水利类、环境工程),exact_school_major,1,0019,中国农业大学,03,理科试验班(智能装备)(电子信息类、计算机类、农业工程类、机械类、水利类、环境工程),2,,,物理,化学,5000,1_3_0019_5_03
644,"3,250",985,中山大学,临床医学(广州),exact_school_major,1,0558,中山大学,1H,临床医学(广州),4,,(不招色盲色弱)(广州校区北校园),物理,化学,7660,1_3_0558_5_1H
644,"3,250",985,山东大学,机械类(机械设计制造及其自动化、智能制造工程),exact_school_major,1,0422,山东大学,26,机械类(机械设计制造及其自动化、智能制造工程),8,,(含卓越工程师培养计划),物理,化学,6600,1_3_0422_5_26
644,"3,250",985,湖南大学,人工智能,exact_school_major,1,0532,湖南大学,33,人工智能,6,,"(含人工智能、机器人工程、自动化,专业分流时在上述专业内任选)[入校后可选拔进入工科试验班(人工智能类)]",物理,化学,6500,1_3_0532_5_33
644,"3,250",985,重庆大学,工科试验班(智能网联汽车创新班)[车辆工程(等智能网联汽车领域相关专业)],unmatched_name_changed_or_not_in_2026_physics_plan,0,,,,,,,,,,,
644,"3,250",211,上海财经大学,经济学,unmatched_name_changed_or_not_in_2026_physics_plan,0,,,,,,,,,,,
644,"3,250",211,东北师范大学,物理学(陆家羲试验班)(师范),exact_school_major,1,0200,东北师范大学,E3,物理学(陆家羲试验班)(师范),4,(师范类),,物理,化学,6320,1_3_0200_5_E3
644,"3,250",211,北京科技大学,理科试验班(拔尖人才计划)(材料科学与工程、计算机科学与技术、人工智能、机器人工程、自动化),exact_school_major,1,0008,北京科技大学,04,理科试验班(拔尖人才计划)(材料科学与工程、计算机科学与技术、人工智能、机器人工程、自动化),3,,"(特殊班型,特殊培养政策详见学校本科招生网)",物理,化学,5000,1_3_0008_5_04
644,"3,250",211,华北电力大学(北京),计算机科学与技术,exact_school_major,1,0054,华北电力大学(北京),07,计算机科学与技术,3,,,物理,化学,5500,1_3_0054_5_07
644,"3,250",211,西安电子科技大学,电子信息类(电子科学、信息物理、空天信息)(电子科学与技术、光电信息科学与工程、电子信息科学与技术、空间科学与技术、探测制导与控制技术、遥感科学与技术),unmatched_name_changed_or_not_in_2026_physics_plan,0,,,,,,,,,,,
644,"3,250",211,西安电子科技大学,计算机类(网络安全)(信息安全、网络空间安全),exact_school_major,1,0701,西安电子科技大学,15,计算机类(网络安全)(信息安全、网络空间安全),6,,,物理,化学,6600,1_3_0701_5_15
643,"3,397",985,东北大学,人工智能(未来技术学院),exact_school_major,1,0145,东北大学,AZ,人工智能(未来技术学院),25,,"(入学后部分课程采用英文教材和英语授课,外语语种为非英语的考生请慎重报考)",物理,化学,6240,1_3_0145_5_AZ
643,"3,397",985,中国人民大学(苏州校区),金融学(中外合作办学),exact_school_major,1,9002,中国人民大学(苏州校区),03,金融学(中外合作办学),4,,"(合作院校为法国KEDGE商学院,毕业时可获中法双学位)",物理,无限制,70000,1_3_9002_5_03
643,"3,397",985,中国农业大学,电子信息类(电子信息工程、通信工程、电气工程及其自动化、人工智能),exact_school_major,1,0019,中国农业大学,16,电子信息类(电子信息工程、通信工程、电气工程及其自动化、人工智能),5,,,物理,化学,5000,1_3_0019_5_16
643,"3,397",985,华南理工大学,工科试验班(智慧化工与低碳工程)(应用化学、化学工程与工艺、能源化学工程、制药工程、轻化工程、资源环境科学、环境工程、环境科学与工程),unmatched_name_changed_or_not_in_2026_physics_plan,0,,,,,,,,,,,
643,"3,397",985,吉林大学,网络空间安全,exact_school_major,1,0183,吉林大学,9V,网络空间安全,2,,(宜英语语种考生就读),物理,化学,6830,1_3_0183_5_9V
643,"3,397",985,国防科技大学,大气科学类(大气科学、气象技术与工程),exact_school_major,1,J002,国防科技大学,05,大气科学类(大气科学、气象技术与工程),4,,(考生须为应届普通高中毕业生；政治面貌为中共党员或共青团员)(考生入校后以英语为公共外语教学内容安排教学),物理,化学,5300,1_3_J002_5_05
643,"3,397",985,大连理工大学,智能无人系统技术,exact_school_major,1,0141,大连理工大学,27,智能无人系统技术,110,,"(该专业与软件工程、电子科学与技术、集成电路设计与集成系统、电子信息材料同学域培养,位于大连开发区校区。大一通识培养后,学域内专业任选)",物理,化学,6240,1_3_0141_5_27
643,"3,397",985,天津大学,工科试验班(智能制造与建造)(工程力学、工业设计、机械设计制造及其自动化、能源与动力工程、智能制造工程、港口航道与海岸工程、水利水电工程、土木工程、建筑环境与能源应用工程、材料成型及控制工程、智慧建筑与建造),unmatched_name_changed_or_not_in_2026_physics_plan,0,,,,,,,,,,,
643,"3,397",985,湖南大学,电子科学与技术,exact_school_major,1,0532,湖南大学,29,电子科学与技术,4,,[入校后可选拔进入工科试验班(人工智能类)],物理,化学,6500,1_3_0532_5_29
643,"3,397",985,湖南大学,信息安全,unmatched_name_changed_or_not_in_2026_physics_plan,0,,,,,,,,,,,
643,"3,397",211,中国药科大学,生物制药(拔尖创新班),exact_school_major,1,0316,中国药科大学,07,生物制药(拔尖创新班),2,,(不招色盲色弱),物理,化学,6380,1_3_0316_5_07
643,"3,397",211,北京交通大学,计算机类[计算机科学与技术、计算机科学与技术(铁路信息技术)、物联网工程、数据科学与大数据技术(数据智能)、人工智能、人工智能(智能系统与应用)、软件工程(国家级特色化示范性软件学院)、数据科学与大数据技术、信息安全、保密技术(技术、管理双学位项目)],unmatched_name_changed_or_not_in_2026_physics_plan,0,,,,,,,,,,,
643,"3,397",211,北京科技大学,材料科学与工程(高精尖班),unmatched_name_changed_or_not_in_2026_physics_plan,0,,,,,,,,,,,
643,"3,397",211,华北电力大学(北京),机器人工程,exact_school_major,1,0054,华北电力大学(北京),0A,机器人工程,3,,,物理,化学,5500,1_3_0054_5_0A
643,"3,397",211,南京航空航天大学,工程力学(钱伟长拔尖创新班),unmatched_name_changed_or_not_in_2026_physics_plan,0,,,,,,,,,,,
642,"3,545",985,中国农业大学,农学,exact_school_major,1,0019,中国农业大学,04,农学,3,,(包含农学、种子科学与工程两个专业方向),物理,化学,3000,1_3_0019_5_04
642,"3,545",985,华东师范大学,心理学(双学位),exact_school_major,1,0269,华东师范大学,54,心理学(双学位),2,,(与计算机科学与技术进行双学士学位培养),物理,化学,7000,1_3_0269_5_54
642,"3,545",985,湖南大学,通信工程,exact_school_major,1,0532,湖南大学,30,通信工程,4,,[入校后可选拔进入工科试验班(人工智能类)],物理,化学,6500,1_3_0532_5_30
642,"3,545",211,中国政法大学,国际商务(涉外法商人才培养实验班),exact_school_major,1,0053,中国政法大学,19,国际商务(涉外法商人才培养实验班),1,,(本专业人才培养模式改革有关安排详见章程),物理,无限制,5000,1_3_0053_5_19
642,"3,545",211,中央财经大学,精算学,exact_school_major,1,0034,中央财经大学,10,精算学,5,,,物理,无限制,5500,1_3_0034_5_10
642,"3,545",211,中央财经大学,金融学(国际金融与公司理财),unmatched_name_changed_or_not_in_2026_physics_plan,0,,,,,,,,,,,
642,"3,545",211,北京外国语大学,法语,exact_school_major,1,0030,北京外国语大学,22,法语,1,,,物理,无限制,6000,1_3_0030_5_22
642,"3,545",211,南京航空航天大学,人工智能,exact_school_major,1,0287,南京航空航天大学,2Q,人工智能,3,,"(一、二年级在常州市天目湖校区就读,三、四年级在南京市将军路校区就读)",物理,化学,6380,1_3_0287_5_2Q
642,"3,545",211,哈尔滨工程大学,飞行器设计与工程(兴海领军),unmatched_name_changed_or_not_in_2026_physics_plan,0,,,,,,,,,,,
642,"3,545",211,哈尔滨工程大学,人工智能(兴海领军),unmatched_name_changed_or_not_in_2026_physics_plan,0,,,,,,,,,,,
642,"3,545",211,对外经济贸易大学,金融工程(量化金融实验班),exact_school_major,1,0036,对外经济贸易大学,09,金融工程(量化金融实验班),2,,,物理,无限制,5000,1_3_0036_5_09
642,"3,545",211,苏州大学,临床医学(5+3一体化),exact_school_major,1,0285,苏州大学,2X,临床医学(5+3一体化),2,,(不招色弱、色盲、单色识别不全者),物理,化学,7480,1_3_0285_5_2X
641,"3,709",985,中南大学,机械类(车辆工程、机械设计制造及其自动化、微电子科学与工程),exact_school_major,1,0533,中南大学,B1,机械类(车辆工程、机械设计制造及其自动化、微电子科学与工程),8,,,物理,化学,6500,1_3_0533_5_B1
641,"3,709",985,吉林大学,法学,exact_school_major,1,0183,吉林大学,56,法学,4,,,物理,无限制,6070,1_3_0183_5_56
641,"3,709",985,大连理工大学,储能科学与工程(新工科拔尖班),exact_school_major,1,0141,大连理工大学,19,储能科学与工程(新工科拔尖班),32,,"(含储能科学与工程、过程装备与控制工程、化学工程与工艺、安全工程,上述专业分流任选。不招色盲、色弱考生)",物理,化学,6240,1_3_0141_5_19
641,"3,709",985,大连理工大学,材料类(新工科拔尖班)(电子信息材料、金属材料工程、功能材料、材料成型及控制工程),exact_school_major,1,0141,大连理工大学,12,材料类(新工科拔尖班)(电子信息材料、金属材料工程、功能材料、材料成型及控制工程),17,,(本专业类内分流任选。入校后可选拔进入材料中日精英班),物理,化学,6240,1_3_0141_5_12
641,"3,709",985,山东大学,物理学类(物理学、应用物理学),exact_school_major,1,0422,山东大学,18,物理学类(物理学、应用物理学),6,,[含王淦昌基地班、物理拔尖2.0班(泰山学堂)、严济慈英才班],物理,化学,6600,1_3_0422_5_18
641,"3,709",985,山东大学,能源动力类(电气与智慧能源新工科实验班)(电气工程及其自动化、能源与动力工程、能源与环境系统工程、新能源科学与工程、储能科学与工程),unmatched_name_changed_or_not_in_2026_physics_plan,0,,,,,,,,,,,
641,"3,709",211,华北电力大学(保定),电气工程及其自动化,exact_school_major,1,0079,华北电力大学(保定),03,电气工程及其自动化,13,,,物理,化学,5500,1_3_0079_5_03
641,"3,709",211,华北电力大学(北京),电子信息工程,exact_school_major_multiple_plan_rows,2,0054,华北电力大学(北京),04,电子信息工程,3,,,物理,化学,5500,1_3_0054_5_04
641,"3,709",211,华北电力大学(北京),电子信息工程,exact_school_major_multiple_plan_rows,2,0054,华北电力大学(北京),AB,电子信息工程,1,(高校专项计划),"(特控线上录取)(教育部高校专项计划,只投档符合报考条件的考生)",物理,化学,5500,1_3_0054_5_AB
641,"3,709",211,南京航空航天大学,自动化,exact_school_major,1,0287,南京航空航天大学,1G,自动化,3,,"(一、二年级在常州市天目湖校区就读,三、四年级在南京市将军路校区就读)",物理,化学,6380,1_3_0287_5_1G
641,"3,709",211,南京航空航天大学,低空技术与工程,exact_school_major,1,0287,南京航空航天大学,2L,低空技术与工程,2,,(入学后在天目湖校区就读),物理,化学,6380,1_3_0287_5_2L
640,"3,873",985,华中科技大学,生物科学(中外合作办学),exact_school_major,1,0487,华中科技大学,19,生物科学(中外合作办学),3,,"(色盲、单色识别不全者不予录取；与埃夫里-巴黎萨克雷大学联合培养,4+0模式,核心课程全英文授课；达到要求者可获得中方大学毕业证、学位证,以及外方大学学位证)",物理,化学,108000,1_3_0487_5_19
640,"3,873",985,吉林大学,经济学(匡亚明班，拔尖学生培养基地),exact_school_major,1,0183,吉林大学,52,"经济学(匡亚明班,拔尖学生培养基地)",1,,,物理,无限制,6070,1_3_0183_5_52
640,"3,873",985,吉林大学,电气工程及其自动化,exact_school_major,1,0183,吉林大学,AQ,电气工程及其自动化,3,,,物理,化学,6830,1_3_0183_5_AQ
640,"3,873",985,吉林大学,临床医学(白求恩班),exact_school_major,1,0183,吉林大学,BB,临床医学(白求恩班),3,,(宜英语语种考生就读),物理,化学,7080,1_3_0183_5_BB
640,"3,873",985,哈尔滨工业大学,应用物理学(中外合作办学),exact_school_major,1,0213,哈尔滨工业大学,17,应用物理学(中外合作办学),10,,"(该专业是与俄罗斯圣彼得堡国立大学合作。学生入学后不得转专业,“4+0”培养,中英文授课)",物理,化学,68000,1_3_0213_5_17
640,"3,873",985,大连理工大学,船舶与海洋工程(新工科拔尖班),exact_school_major,1,0141,大连理工大学,17,船舶与海洋工程(新工科拔尖班),18,,,物理,化学,6240,1_3_0141_5_17
640,"3,873",985,大连理工大学,应用物理学(王大珩物理国家基础科学拔尖计划班),exact_school_major,1,0141,大连理工大学,16,应用物理学(王大珩物理国家基础科学拔尖计划班),15,,(含应用物理学+人工智能双学位班。不招色盲考生),物理,化学,6240,1_3_0141_5_16
640,"3,873",985,西北工业大学,航空航天工程(中外合作办学),exact_school_major,1,0699,西北工业大学,62,航空航天工程(中外合作办学),7,,,物理,化学,70000,1_3_0699_5_62
640,"3,873",985,重庆大学,工科试验班(高端装备与智能制造)(机械设计制造及其自动化、车辆工程、航空航天工程、工程力学、机械电子工程、工业工程),unmatched_name_changed_or_not_in_2026_physics_plan,0,,,,,,,,,,,
640,"3,873",211,上海财经大学,数据科学与大数据技术(工学),unmatched_name_changed_or_not_in_2026_physics_plan,0,,,,,,,,,,,
640,"3,873",211,华北电力大学(北京),电子科学与技术,exact_school_major,1,0054,华北电力大学(北京),06,电子科学与技术,3,,,物理,化学,5500,1_3_0054_5_06
640,"3,873",211,南京航空航天大学,电气工程及其自动化,exact_school_major,1,0287,南京航空航天大学,1H,电气工程及其自动化,4,,"(一、二年级在常州市天目湖校区就读,三、四年级在南京市将军路校区就读)",物理,化学,6380,1_3_0287_5_1H
640,"3,873",211,南京航空航天大学,信息安全,exact_school_major,1,0287,南京航空航天大学,2F,信息安全,2,,"(一、二年级在常州市天目湖校区就读,三、四年级在南京市将军路校区就读)",物理,化学,6380,1_3_0287_5_2F
640,"3,873",211,对外经济贸易大学,工商管理类(项目选拔进入，分流时专业任选)[会计学、财务管理、人力资源管理、市场营销、工商管理、会计学(北邮计算机联合学士学位培养项目)、会计学(北邮金科联合学士学位培养项目)],exact_school_major,1,0036,对外经济贸易大学,12,"工商管理类(项目选拔进入,分流时专业任选)[会计学、财务管理、人力资源管理、市场营销、工商管理、会计学(北邮计算机联合学士学位培养项目)、会计学(北邮金科联合学士学位培养项目)]",2,,,物理,无限制,5000,1_3_0036_5_12
640,"3,873",211,对外经济贸易大学,法学类[法学、法学(大数据双学士学位项目)、法学(涉外型卓越经贸法律人才实验班)],unmatched_name_changed_or_not_in_2026_physics_plan,0,,,,,,,,,,,
639,"4,039",985,华南理工大学,金融科技,exact_school_major,1,0561,华南理工大学,47,金融科技,2,,,物理,化学,6060,1_3_0561_5_47
639,"4,039",985,吉林大学,临床医学(白求恩班),exact_school_major,1,0183,吉林大学,BB,临床医学(白求恩班),3,,(宜英语语种考生就读),物理,化学,7080,1_3_0183_5_BB
639,"4,039",985,哈尔滨工业大学,数学与应用数学(中外合作办学),exact_school_major,1,0213,哈尔滨工业大学,16,数学与应用数学(中外合作办学),10,,"(该专业是与俄罗斯圣彼得堡国立大学合作。学生入学后不得转专业,“4+0”培养,中英文授课)",物理,化学,68000,1_3_0213_5_16
639,"4,039",985,四川大学,生物科学类(含双学士学位)[生物科学、生态学、生物科学(计算生物学双学士学位)],exact_school_major,1,0610,四川大学,04,生物科学类(含双学士学位)[生物科学、生态学、生物科学(计算生物学双学士学位)],8,,,物理,化学,6500,1_3_0610_5_04
639,"4,039",985,大连理工大学,软件工程,exact_school_major_multiple_plan_rows,2,0141,大连理工大学,24,软件工程,80,,"(本专业与智能无人系统技术、电子科学与技术、集成电路设计与集成系统、电子信息材料同学域培养,专业分流在上述专业内任选。就读大连开发区校区。软件工程专业前两年学费5200元/年)",物理,化学,16000,1_3_0141_5_24
639,"4,039",985,大连理工大学,软件工程,exact_school_major_multiple_plan_rows,2,0141,大连理工大学,AD,软件工程,2,(高校专项计划),"(就读大连开发区校区。软件工程专业前两年学费5200元/年)(特控线上录取)(教育部高校专项计划,只投档符合报考条件的考生)",物理,化学,16000,1_3_0141_5_AD
639,"4,039",211,上海财经大学,经济学(数量经济),unmatched_name_changed_or_not_in_2026_physics_plan,0,,,,,,,,,,,
639,"4,039",211,中央财经大学,统计学类[统计学、统计学(统计学、金融学双学位项目)、应用统计学、应用统计学(国际贸易、应统双学位项目)、经济统计学、经济统计学(供应链、经统双学位项目)、数据科学与大数据技术],unmatched_name_changed_or_not_in_2026_physics_plan,0,,,,,,,,,,,
639,"4,039",211,北京交通大学,电子信息类[通信工程、信息工程、电子科学与技术、电气工程及其自动化、电气工程及其自动化(电气、经济双学位项目)、光电信息科学与工程],unmatched_name_changed_or_not_in_2026_physics_plan,0,,,,,,,,,,,
639,"4,039",211,南京航空航天大学,软件工程,exact_school_major,1,0287,南京航空航天大学,2D,软件工程,4,,"(一、二年级在常州市天目湖校区就读,三、四年级在南京市将军路校区就读)",物理,化学,6380,1_3_0287_5_2D
639,"4,039",211,哈尔滨工程大学,能源与动力工程(兴海领军),unmatched_name_changed_or_not_in_2026_physics_plan,0,,,,,,,,,,,
638,"4,214",985,中国农业大学,资源环境科学(拔尖创新班),exact_school_major,1,0019,中国农业大学,44,资源环境科学(拔尖创新班),1,,"[采用特殊培养模式(导师制,小班化、国际化培养,详见学校本科招生报考指南)]",物理,化学,5000,1_3_0019_5_44
638,"4,214",985,华南理工大学,工科试验班(智能交通与数字建造)(智慧交通、智能建造、土木工程、水务工程、工程管理、工程力学),unmatched_name_changed_or_not_in_2026_physics_plan,0,,,,,,,,,,,
638,"4,214",985,华南理工大学,工科试验班(生命科学与健康工程)(食品科学与工程、食品质量与安全、生物工程、生物制药、生物技术),unmatched_name_changed_or_not_in_2026_physics_plan,0,,,,,,,,,,,
638,"4,214",985,四川大学,高分子材料与工程,exact_school_major,1,0610,四川大学,06,高分子材料与工程,6,,,物理,化学,6500,1_3_0610_5_06
638,"4,214",985,大连理工大学,工程力学,exact_school_major,1,0141,大连理工大学,29,工程力学,49,,"(含工程力学、飞行器设计与工程、低空技术与工程,上述三个专业分流任选)",物理,化学,6240,1_3_0141_5_29
638,"4,214",985,山东大学,智能医学工程,exact_school_major,1,0422,山东大学,44,智能医学工程,2,,(可向生物医学工程分流；含医工融合基地班),物理,化学,6600,1_3_0422_5_44
638,"4,214",985,湖南大学,量子信息科学,exact_school_major,1,0532,湖南大学,16,量子信息科学,2,,,物理,化学,5300,1_3_0532_5_16
638,"4,214",985,湖南大学,智能制造工程,exact_school_major,1,0532,湖南大学,24,智能制造工程,8,,"(含智能制造工程、机械设计制造及其自动化,专业分流时在上述专业内任选)[入校后可选拔进入工科试验班(人工智能类)、能源与动力工程专业(未来能源与动力创新实验班)]",物理,化学,6500,1_3_0532_5_24
638,"4,214",985,西北工业大学,飞行器设计与工程(中外合作办学),exact_school_major,1,0699,西北工业大学,61,飞行器设计与工程(中外合作办学),8,,,物理,化学,70000,1_3_0699_5_61
638,"4,214",985,西安交通大学,工业设计(中外合作办学),exact_school_major,1,0698,西安交通大学,9C,工业设计(中外合作办学),2,,"(合作高校为意大利米兰理工大学,学费10.5万每年)",物理,化学,105000,1_3_0698_5_9C
638,"4,214",211,上海财经大学,数学类(数学与应用数学、信息与计算科学),unmatched_name_changed_or_not_in_2026_physics_plan,0,,,,,,,,,,,
638,"4,214",211,中央财经大学,财政学类[财政学、税收学、资产评估、财政学(财政基础理论基地班)、税收学(全球税收治理菁英班)],unmatched_name_changed_or_not_in_2026_physics_plan,0,,,,,,,,,,,
638,"4,214",211,华北电力大学(北京),通信工程,exact_school_major,1,0054,华北电力大学(北京),05,通信工程,2,,,物理,化学,5500,1_3_0054_5_05
638,"4,214",211,南京航空航天大学,智能飞行器技术,exact_school_major,1,0287,南京航空航天大学,1C,智能飞行器技术,2,,,物理,化学,6380,1_3_0287_5_1C
638,"4,214",211,南京航空航天大学,电子信息类(电子信息科学与技术、信息工程),exact_school_major,1,0287,南京航空航天大学,1P,电子信息类(电子信息科学与技术、信息工程),10,,"(一、二年级在常州市天目湖校区就读,三、四年级在南京市将军路校区就读)",物理,化学,6380,1_3_0287_5_1P
637,"4,398",985,东北大学,计算机科学与技术,exact_school_major_multiple_plan_rows,2,0145,东北大学,AM,计算机科学与技术,60,,"(入学后部分课程采用英文教材和英语授课,外语语种为非英语的考生请慎重报考)",物理,化学,6240,1_3_0145_5_AM
637,"4,398",985,东北大学,计算机科学与技术,exact_school_major_multiple_plan_rows,2,0145,东北大学,DM,计算机科学与技术,1,(高校专项计划),"(入学后部分课程采用英文教材和英语授课,外语语种为非英语的考生请慎重报考)(特控线上录取)(教育部高校专项计划,只投档符合报考条件的考生)",物理,化学,6240,1_3_0145_5_DM
637,"4,398",985,华东师范大学,心理学类(心理学、应用心理学),unmatched_name_changed_or_not_in_2026_physics_plan,0,,,,,,,,,,,
637,"4,398",985,吉林大学,数学类(数学与应用数学、信息与计算科学、统计学),exact_school_major,1,0183,吉林大学,78,数学类(数学与应用数学、信息与计算科学、统计学),8,,,物理,化学,6320,1_3_0183_5_78
637,"4,398",985,大连理工大学,生物工程(新工科拔尖班),exact_school_major,1,0141,大连理工大学,21,生物工程(新工科拔尖班),10,,(不招色盲、色弱考生),物理,化学,6240,1_3_0141_5_21
637,"4,398",985,天津大学,经济管理试验班(保密管理、工程管理、工业工程、信息管理与信息系统、供应链管理、财务管理、电子商务、金融学),unmatched_name_changed_or_not_in_2026_physics_plan,0,,,,,,,,,,,
637,"4,398",985,山东大学,临床医学(五年制),exact_school_major,1,0422,山东大学,50,临床医学(五年制),2,,(不招收色弱、色盲考生),物理,地理,7920,1_3_0422_5_50
637,"4,398",985,湖南大学,数学类(数学与应用数学、信息与计算科学),exact_school_major,1,0532,湖南大学,14,数学类(数学与应用数学、信息与计算科学),5,,"(包含数学与应用数学、信息与计算科学,本专业类内分流任选；入校后可选拔进入理科试验班)",物理,化学,5300,1_3_0532_5_14
637,"4,398",985,西北工业大学,电子科学与技术(中外合作办学),exact_school_major,1,0699,西北工业大学,64,电子科学与技术(中外合作办学),8,,,物理,化学,70000,1_3_0699_5_64
637,"4,398",211,东北师范大学,物理学类[物理学(师范)、电子信息科学与技术、材料物理],exact_school_major,1,0200,东北师范大学,C5,物理学类[物理学(师范)、电子信息科学与技术、材料物理],3,,,物理,化学,6320,1_3_0200_5_C5
637,"4,398",211,中南财经政法大学,法学类[法学、法学(民商法方向)、法学(涉外法治方向)、法学(政府法治方向)、法学(社会治理方向)、国际法、知识产权、国际经贸规则、法学(刑事司法方向)、纪检监察],unmatched_name_changed_or_not_in_2026_physics_plan,0,,,,,,,,,,,
637,"4,398",211,华东理工大学,工科试验班(智能与机器人)(人工智能、机器人工程),exact_school_major,1,0251,华东理工大学,01,工科试验班(智能与机器人)(人工智能、机器人工程),4,,(不招色盲者),物理,化学,7000,1_3_0251_5_01
637,"4,398",211,南京航空航天大学,光电信息科学与工程,exact_school_major,1,0287,南京航空航天大学,2A,光电信息科学与工程,2,,,物理,化学,5800,1_3_0287_5_2A
637,"4,398",211,南京航空航天大学,微电子科学与工程(集成电路设计),exact_school_major,1,0287,南京航空航天大学,2P,微电子科学与工程(集成电路设计),4,,"(一、二年级在常州市天目湖校区就读,三、四年级在南京市将军路校区就读)",物理,化学,5800,1_3_0287_5_2P
637,"4,398",211,对外经济贸易大学,金融工程(大类招生，项目选拔进入，分流时专业任选),exact_school_major,1,0036,对外经济贸易大学,08,"金融工程(大类招生,项目选拔进入,分流时专业任选)",5,,[含：金融工程、金融科技、金融科技(北邮人工智能联合学士学位培养项目)],物理,无限制,5000,1_3_0036_5_08
637,"4,398",211,西南财经大学,数字经济(基础学科拔尖实验班),exact_school_major,1,0651,西南财经大学,01,数字经济(基础学科拔尖实验班),1,,,物理,无限制,5760,1_3_0651_5_01
637,"4,398",211,西南财经大学,金融学(智能金融与区块链金融),exact_school_major,1,0651,西南财经大学,04,金融学(智能金融与区块链金融),1,,,物理,无限制,5760,1_3_0651_5_04
636,"4,544",985,中南大学,能源动力类(能源类)(能源与动力工程、新能源科学与工程、建筑环境与能源应用工程),exact_school_major,1,0533,中南大学,B2,能源动力类(能源类)(能源与动力工程、新能源科学与工程、建筑环境与能源应用工程),5,,,物理,化学,6500,1_3_0533_5_B2
636,"4,544",985,中国农业大学,机械类(机械设计制造及其自动化、车辆工程、工业设计、机械电子工程),exact_school_major,1,0019,中国农业大学,15,机械类(机械设计制造及其自动化、车辆工程、工业设计、机械电子工程),6,,,物理,化学,5000,1_3_0019_5_15
636,"4,544",985,吉林大学,计算机科学与技术,exact_school_major,1,0183,吉林大学,9T,计算机科学与技术,23,,(宜英语语种考生就读),物理,化学,6830,1_3_0183_5_9T
636,"4,544",985,吉林大学,人工智能,exact_school_major,1,0183,吉林大学,BP,人工智能,5,,(宜英语语种考生就读),物理,化学,6830,1_3_0183_5_BP
636,"4,544",985,哈尔滨工业大学,大数据管理与应用(中外合作办学),exact_school_major,1,0213,哈尔滨工业大学,14,大数据管理与应用(中外合作办学),8,,"(该专业是与法国里昂商学院合作。学生入学后不得转专业,“4+0”培养,中英文授课)",物理,无限制,78000,1_3_0213_5_14
636,"4,544",985,四川大学,工科试验班(先进化工与高端装备类)[化学工程与工艺、制药工程、生物工程、化学工程与工艺(互联化工交叉试验班)、过程装备与控制工程],unmatched_name_changed_or_not_in_2026_physics_plan,0,,,,,,,,,,,
636,"4,544",985,大连理工大学,智能制造工程,exact_school_major,1,0141,大连理工大学,28,智能制造工程,107,,"(含智能制造工程、机械设计制造及其自动化、智能车辆工程、能源与动力工程、电子信息材料、金属材料工程、功能材料、材料成型及控制工程、测控技术与仪器、生物医学工程,学生分流时专业任选。入校后可选拔进入机械日强班、材料中日精英班、机械卓越国合班)",物理,化学,6240,1_3_0141_5_28
636,"4,544",211,上海财经大学,工商管理(双学士学位、工商管理和统计学),unmatched_name_changed_or_not_in_2026_physics_plan,0,,,,,,,,,,,
636,"4,544",211,北京外国语大学,翻译(外交外事高级翻译),unmatched_name_changed_or_not_in_2026_physics_plan,0,,,,,,,,,,,
636,"4,544",211,北京科技大学,纳米材料与技术(前沿材料与未来技术),exact_school_major,1,0008,北京科技大学,05,纳米材料与技术(前沿材料与未来技术),1,,,物理,化学,5000,1_3_0008_5_05
636,"4,544",211,南京航空航天大学,机器人工程,exact_school_major,1,0287,南京航空航天大学,1S,机器人工程,5,,,物理,化学,5800,1_3_0287_5_1S
635,"4,735",985,东北大学,自动化类(自动化、电气工程及其自动化、测控技术与仪器、电子科学与技术、工业智能),unmatched_name_changed_or_not_in_2026_physics_plan,0,,,,,,,,,,,
635,"4,735",985,东北大学,人工智能,unmatched_name_changed_or_not_in_2026_physics_plan,0,,,,,,,,,,,
635,"4,735",985,东北大学,机器人工程,exact_school_major,1,0145,东北大学,AX,机器人工程,15,,"(入学后部分课程采用英文教材和英语授课,外语语种为非英语的考生请慎重报考)",物理,化学,6240,1_3_0145_5_AX
635,"4,735",985,中国农业大学,植物保护,exact_school_major,1,0019,中国农业大学,07,植物保护,3,,,物理,化学,3000,1_3_0019_5_07
635,"4,735",985,中国农业大学,动物医学类(动物医学、中兽医学、兽医公共卫生),exact_school_major,1,0019,中国农业大学,12,动物医学类(动物医学、中兽医学、兽医公共卫生),3,,,物理,化学,3000,1_3_0019_5_12
635,"4,735",985,中国农业大学,食品科学与工程类(食品科学与工程、食品质量与安全、葡萄与葡萄酒工程、食品营养与健康),exact_school_major,1,0019,中国农业大学,13,食品科学与工程类(食品科学与工程、食品质量与安全、葡萄与葡萄酒工程、食品营养与健康),5,,,物理,化学,5000,1_3_0019_5_13
635,"4,735",985,吉林大学,集成电路设计与集成系统,exact_school_major,1,0183,吉林大学,9M,集成电路设计与集成系统,5,,,物理,化学,6210,1_3_0183_5_9M
635,"4,735",985,吉林大学,自动化,exact_school_major,1,0183,吉林大学,9R,自动化,3,,,物理,化学,6830,1_3_0183_5_9R
635,"4,735",985,吉林大学,机器人工程,exact_school_major,1,0183,吉林大学,9S,机器人工程,1,,,物理,化学,6210,1_3_0183_5_9S
635,"4,735",985,吉林大学,物联网工程,exact_school_major,1,0183,吉林大学,9U,物联网工程,4,,(宜英语语种考生就读),物理,化学,6830,1_3_0183_5_9U
635,"4,735",985,大连理工大学,应用化学(张大煜化学国家基础科学拔尖计划班),exact_school_major,1,0141,大连理工大学,15,应用化学(张大煜化学国家基础科学拔尖计划班),15,,(含应用化学+人工智能双学位班。不招色盲、色弱考生),物理,化学,6240,1_3_0141_5_15
635,"4,735",985,大连理工大学,数学类(数学与应用数学、信息与计算科学),exact_school_major,1,0141,大连理工大学,25,数学类(数学与应用数学、信息与计算科学),36,,"(含信息与计算科学+人工智能双学位班、数学与应用数学+人工智能双学位班,上述专业分流任选,可选拔进华罗庚数学拔尖计划班)",物理,化学,6240,1_3_0141_5_25
635,"4,735",985,湖南大学,精算学,exact_school_major,1,0532,湖南大学,06,精算学,2,,,物理,无限制,5500,1_3_0532_5_06
635,"4,735",985,湖南大学,统计学类(统计学、经济统计学),exact_school_major,1,0532,湖南大学,22,统计学类(统计学、经济统计学),4,,"(包含统计学、经济统计学,本专业类内分流任选)",物理,化学,5500,1_3_0532_5_22
635,"4,735",985,湖南大学,智能车辆工程,exact_school_major,1,0532,湖南大学,25,智能车辆工程,5,,"(含智能车辆工程、车辆工程,专业分流时在上述专业内任选)[入校后可选拔进入工科试验班(人工智能类)、能源与动力工程专业(未来能源与动力创新实验班)]",物理,化学,6500,1_3_0532_5_25
635,"4,735",985,电子科技大学(沙河校区),电子信息类(中外合作办学)(海南陵水国际教育创新区)(通信工程、电子信息工程),unmatched_name_changed_or_not_in_2026_physics_plan,0,,,,,,,,,,,
635,"4,735",985,西北工业大学,探测制导与控制技术(中外合作办学),exact_school_major,1,0699,西北工业大学,63,探测制导与控制技术(中外合作办学),7,,,物理,化学,70000,1_3_0699_5_63
635,"4,735",211,中央财经大学,数学类(数学与应用数学、信息与计算科学),exact_school_major,1,0034,中央财经大学,13,数学类(数学与应用数学、信息与计算科学),2,,,物理,化学,5500,1_3_0034_5_13
635,"4,735",211,对外经济贸易大学,经济学类(分流时专业任选)(国际经济与贸易、财政学、税收学),exact_school_major,1,0036,对外经济贸易大学,02,经济学类(分流时专业任选)(国际经济与贸易、财政学、税收学),3,,,物理,无限制,5000,1_3_0036_5_02
635,"4,735",211,对外经济贸易大学,金融数学,exact_school_major,1,0036,对外经济贸易大学,37,金融数学,4,,,物理,无限制,5000,1_3_0036_5_37
635,"4,735",双非补充,深圳大学,人工智能(IEEE荣誉班),exact_school_major,1,0590,深圳大学,68,人工智能(IEEE荣誉班),2,,,物理,化学,6853,1_3_0590_5_68
634,"4,913",985,东北大学,软件工程(特色班),exact_school_major,1,0145,东北大学,AS,软件工程(特色班),20,,"(入学后部分课程采用英文教材和英语授课,外语语种为非英语的考生请慎重报考。大一、大二学费为5200元/年,大三、大四学费为16000元/年)",物理,化学,16000,1_3_0145_5_AS
634,"4,913",985,中南大学,临床医学类(临床及口腔五年制医学类)[临床医学(五年制)、口腔医学(五年制)、精神医学],unmatched_name_changed_or_not_in_2026_physics_plan,0,,,,,,,,,,,
634,"4,913",985,中南大学,计算机科学与技术(中外合作办学),unmatched_name_changed_or_not_in_2026_physics_plan,0,,,,,,,,,,,
634,"4,913",985,吉林大学,智能制造工程,exact_school_major,1,0183,吉林大学,92,智能制造工程,2,,,物理,化学,6830,1_3_0183_5_92
634,"4,913",985,吉林大学,车辆工程,exact_school_major,1,0183,吉林大学,95,车辆工程,7,,(含新能源汽车和智能汽车方向),物理,化学,6830,1_3_0183_5_95
634,"4,913",985,吉林大学,通信工程,exact_school_major,1,0183,吉林大学,9N,通信工程,7,,,物理,化学,6830,1_3_0183_5_9N
634,"4,913",985,湖南大学,工程力学(力学实验班),unmatched_name_changed_or_not_in_2026_physics_plan,0,,,,,,,,,,,
634,"4,913",211,北京科技大学,计算机类(计算机科学与技术、信息安全、物联网工程),exact_school_major,1,0008,北京科技大学,16,计算机类(计算机科学与技术、信息安全、物联网工程),9,,"(一、二年级在北京校区,三、四年级在雄安校区)",物理,化学,5000,1_3_0008_5_16
634,"4,913",211,华北电力大学(北京),人工智能,exact_school_major,1,0054,华北电力大学(北京),09,人工智能,1,,,物理,化学,5500,1_3_0054_5_09
634,"4,913",211,南京航空航天大学,航空航天类(飞行器设计与工程、飞行器环境与生命保障工程、飞行器动力工程、飞行器制造工程、航空航天工程、飞行器控制与信息工程),unmatched_name_changed_or_not_in_2026_physics_plan,0,,,,,,,,,,,
634,"4,913",211,南京航空航天大学,信息与计算科学(信息与计算科学+人工智能双学士学位),unmatched_name_changed_or_not_in_2026_physics_plan,0,,,,,,,,,,,
634,"4,913",211,南京航空航天大学,探测制导与控制技术,exact_school_major,1,0287,南京航空航天大学,1L,探测制导与控制技术,2,,"(一、二年级在常州市天目湖校区就读,三、四年级在南京市将军路校区就读)",物理,化学,6380,1_3_0287_5_1L
634,"4,913",211,南京航空航天大学,物联网工程,exact_school_major,1,0287,南京航空航天大学,2E,物联网工程,2,,"(一、二年级在常州市天目湖校区就读,三、四年级在南京市将军路校区就读)",物理,化学,6380,1_3_0287_5_2E
634,"4,913",211,西南财经大学,会计学(注册会计师专门化方向),exact_school_major,1,0651,西南财经大学,15,会计学(注册会计师专门化方向),2,,,物理,无限制,5760,1_3_0651_5_15
634,"4,913",211,西南财经大学,会计学(双语实验班),exact_school_major,1,0651,西南财经大学,16,会计学(双语实验班),1,,,物理,无限制,8000,1_3_0651_5_16
633,"5,103",985,中国农业大学,园艺,exact_school_major,1,0019,中国农业大学,05,园艺,3,,,物理,化学,3000,1_3_0019_5_05
633,"5,103",985,中国农业大学,农业工程类(农业工程、农业机械化及其自动化、农业智能装备工程),exact_school_major,1,0019,中国农业大学,14,农业工程类(农业工程、农业机械化及其自动化、农业智能装备工程),3,,,物理,化学,5000,1_3_0019_5_14
633,"5,103",985,中国海洋大学,海洋科学(蓝梦拔尖人才实验班),unmatched_name_changed_or_not_in_2026_physics_plan,0,,,,,,,,,,,
633,"5,103",985,北京理工大学,会计学(中外合作办学),exact_school_major,1,0007,北京理工大学,H1,会计学(中外合作办学),2,,,物理,无限制,78000,1_3_0007_5_H1
633,"5,103",985,华东师范大学,新闻学(双学位),unmatched_name_changed_or_not_in_2026_physics_plan,0,,,,,,,,,,,
633,"5,103",985,大连理工大学,临床医学,unmatched_name_changed_or_not_in_2026_physics_plan,0,,,,,,,,,,,
633,"5,103",985,大连理工大学,机械设计制造及其自动化(中外合作办学),unmatched_name_changed_or_not_in_2026_physics_plan,0,,,,,,,,,,,
633,"5,103",985,山东大学,生物科学类(生物科学、生物技术、生态学、生物工程),exact_school_major,1,0422,山东大学,20,生物科学类(生物科学、生物技术、生态学、生物工程),3,,[含童第周、曾呈奎基地班、生命拔尖2.0班(泰山学堂)、王应睐、戴芳澜英才班；不招收色弱、色盲考生],物理,化学,6600,1_3_0422_5_20
633,"5,103",985,山东大学威海分校,电子信息类(智能工程新工科实验班)(计算机科学与技术、电子科学与技术、机器人工程),unmatched_name_changed_or_not_in_2026_physics_plan,0,,,,,,,,,,,
633,"5,103",985,重庆大学,工科试验班(智慧能源与先进材料)(能源与动力工程、材料科学与工程、碳储科学与工程、新能源科学与工程、储能科学与工程、建筑环境与能源应用工程、材料成型及控制工程、核工程与核技术),unmatched_name_changed_or_not_in_2026_physics_plan,0,,,,,,,,,,,
633,"5,103",211,上海财经大学,工商管理类[工商管理(商务分析)、工商管理(战略与创新创业)、市场营销、人力资源管理],unmatched_name_changed_or_not_in_2026_physics_plan,0,,,,,,,,,,,
633,"5,103",211,东北师范大学,化学(郑汝骊试验班)(师范),exact_school_major,1,0200,东北师范大学,E4,化学(郑汝骊试验班)(师范),3,(师范类),,物理,化学,6320,1_3_0200_5_E4
633,"5,103",211,北京中医药大学,中医学(卓越5+3一体化),exact_school_major,1,0026,北京中医药大学,06,中医学(卓越5+3一体化),8,,(色盲、色弱及其他各类不能准确识别颜色考生不予录取),物理,化学,5800,1_3_0026_5_06
633,"5,103",211,北京交通大学,自动化类(智能系统与智能制造)(轨道交通信号与控制、自动化、智能装备与系统、机器人工程、智能制造工程、智能车辆工程、测控技术与仪器),unmatched_name_changed_or_not_in_2026_physics_plan,0,,,,,,,,,,,
633,"5,103",211,北京邮电大学,电子信息工程(中外合作办学),exact_school_major,1,0013,北京邮电大学,0T,电子信息工程(中外合作办学),5,,"(一年级在沙河校区,二、三、四年级将根据学校规划安排在沙河校区或西土城路校区。本专业部分课程采用英语授课,建议非英语考生慎重报考)",物理,化学,100000,1_3_0013_5_0T
633,"5,103",211,南京航空航天大学,工程力学(钱伟长班),exact_school_major,1,0287,南京航空航天大学,1B,工程力学(钱伟长班),2,,,物理,化学,6380,1_3_0287_5_1B
633,"5,103",211,南京航空航天大学,智能制造工程,unmatched_name_changed_or_not_in_2026_physics_plan,0,,,,,,,,,,,
633,"5,103",211,南京航空航天大学,无人驾驶航空器系统工程,exact_school_major,1,0287,南京航空航天大学,2H,无人驾驶航空器系统工程,4,,(入学后在天目湖校区就读),物理,化学,6380,1_3_0287_5_2H
633,"5,103",211,哈尔滨工程大学,材料科学与工程(兴海领军),unmatched_name_changed_or_not_in_2026_physics_plan,0,,,,,,,,,,,
633,"5,103",211,对外经济贸易大学,精算学(选拔进入双学士学位项目或实验班),exact_school_major,1,0036,对外经济贸易大学,31,精算学(选拔进入双学士学位项目或实验班),5,,(可参与精算学-劳动与社会保障双学士学位项目或精算与风险管理实验班选拔；国际交流：自愿参与曼彻斯特大学、肯特大学联合培养“2+2”项目选拔),物理,无限制,5500,1_3_0036_5_31
633,"5,103",211,对外经济贸易大学,经济统计学,exact_school_major,1,0036,对外经济贸易大学,38,经济统计学,4,,,物理,无限制,5000,1_3_0036_5_38
632,"5,294",985,东北大学,电子信息类(电子信息工程、通信工程),exact_school_major,1,0145,东北大学,AP,电子信息类(电子信息工程、通信工程),60,,"(入学后部分课程采用英文教材和英语授课,外语语种为非英语的考生请慎重报考)",物理,化学,6240,1_3_0145_5_AP
632,"5,294",985,东北大学,物联网工程,exact_school_major,1,0145,东北大学,AN,物联网工程,27,,"(入学后部分课程采用英文教材和英语授课,外语语种为非英语的考生请慎重报考)",物理,化学,6240,1_3_0145_5_AN
632,"5,294",985,中南大学,交通运输类(交通运输、交通设备与控制工程、轨道交通信号与控制),unmatched_name_changed_or_not_in_2026_physics_plan,0,,,,,,,,,,,
632,"5,294",985,中国农业大学,动物科学,exact_school_major,1,0019,中国农业大学,11,动物科学,2,,,物理,化学,3000,1_3_0019_5_11
632,"5,294",985,中山大学,海洋工程与技术(民族班，只招少数民族考生),unmatched_name_changed_or_not_in_2026_physics_plan,0,,,,,,,,,,,
632,"5,294",985,吉林大学,物理学类(物理学、应用物理学),exact_school_major,1,0183,吉林大学,80,物理学类(物理学、应用物理学),8,,,物理,化学,6320,1_3_0183_5_80
632,"5,294",985,吉林大学,机械工程,exact_school_major,1,0183,吉林大学,89,机械工程,6,,,物理,化学,6830,1_3_0183_5_89
632,"5,294",985,吉林大学,信息工程,exact_school_major,1,0183,吉林大学,9P,信息工程,4,,,物理,化学,6830,1_3_0183_5_9P
632,"5,294",985,四川大学,化学类(化学、应用化学),exact_school_major,1,0610,四川大学,03,化学类(化学、应用化学),7,,,物理,化学,6500,1_3_0610_5_03
632,"5,294",985,四川大学,药学类(药学、临床药学),exact_school_major,1,0610,四川大学,28,药学类(药学、临床药学),6,,,物理,化学,7250,1_3_0610_5_28
632,"5,294",985,大连理工大学,智能建造(新工科拔尖班),unmatched_name_changed_or_not_in_2026_physics_plan,0,,,,,,,,,,,
632,"5,294",985,湖南大学,工业设计,unmatched_name_changed_or_not_in_2026_physics_plan,0,,,,,,,,,,,
632,"5,294",211,东北师范大学,化学(师范),exact_school_major,1,0200,东北师范大学,BD,化学(师范),4,(师范类),,物理,化学,6320,1_3_0200_5_BD
632,"5,294",211,东北师范大学,生物科学(郝水试验班)(师范),exact_school_major,1,0200,东北师范大学,E5,生物科学(郝水试验班)(师范),3,(师范类),,物理,化学,6320,1_3_0200_5_E5
632,"5,294",211,中央财经大学,计算机类(计算机科学与技术、信息安全、数据科学与大数据技术),unmatched_name_changed_or_not_in_2026_physics_plan,0,,,,,,,,,,,
632,"5,294",211,华东理工大学,计算机类(计算机科学与技术、软件工程),exact_school_major,1,0251,华东理工大学,03,计算机类(计算机科学与技术、软件工程),4,,(不招不能准确在显示器上识别红、黄、绿、蓝、紫各颜色中任何一种颜色的数码、字母者),物理,化学,7000,1_3_0251_5_03
632,"5,294",211,南京航空航天大学,应用物理学(应用物理学+电子信息科学与技术双学士学位),unmatched_name_changed_or_not_in_2026_physics_plan,0,,,,,,,,,,,
632,"5,294",211,哈尔滨工程大学,数学与应用数学(双学位试验班),exact_school_major,1,0217,哈尔滨工程大学,51,数学与应用数学(双学位试验班),4,,,物理,化学,4000,1_3_0217_5_51
632,"5,294",211,天津医科大学,临床医学,exact_school_major,1,0062,天津医科大学,2K,临床医学,3,,(色盲、色弱考生不予录取),物理,地理,5800,1_3_0062_5_2K
632,"5,294",211,苏州大学,电子信息工程,exact_school_major,1,0285,苏州大学,20,电子信息工程,3,,,物理,化学,6380,1_3_0285_5_20
631,"5,474",985,中国农业大学,数学与应用数学,exact_school_major,1,0019,中国农业大学,20,数学与应用数学,3,,,物理,化学,5000,1_3_0019_5_20
631,"5,474",985,中国农业大学,地理科学类(地理信息科学、土地资源管理),exact_school_major_multiple_plan_rows,2,0019,中国农业大学,29,地理科学类(地理信息科学、土地资源管理),2,,,物理,化学,5000,1_3_0019_5_29
631,"5,474",985,中国农业大学,地理科学类(地理信息科学、土地资源管理),exact_school_major_multiple_plan_rows,2,0019,中国农业大学,AC,地理科学类(地理信息科学、土地资源管理),1,(高校专项计划),"(特控线上录取)(教育部高校专项计划,只投档符合报考条件的考生)",物理,化学,5000,1_3_0019_5_AC
631,"5,474",985,吉林大学,英语,exact_school_major,1,0183,吉林大学,15,英语,2,,(招收英语考生),物理,无限制,5810,1_3_0183_5_15
631,"5,474",985,吉林大学,电子信息类(电子科学与技术、微电子科学与工程、电子信息科学与技术),exact_school_major,1,0183,吉林大学,9K,电子信息类(电子科学与技术、微电子科学与工程、电子信息科学与技术),38,,,物理,化学,6830,1_3_0183_5_9K
631,"5,474",985,吉林大学,数据科学与大数据技术,exact_school_major,1,0183,吉林大学,9Y,数据科学与大数据技术,8,,(宜英语语种考生就读。第3、4年学费共28000元),物理,化学,6830,1_3_0183_5_9Y
631,"5,474",985,吉林大学,新能源科学与工程,exact_school_major,1,0183,吉林大学,AM,新能源科学与工程,1,,,物理,化学,6210,1_3_0183_5_AM
631,"5,474",985,吉林大学,仪器类(测控技术与仪器、智能感知工程),exact_school_major,1,0183,吉林大学,AP,仪器类(测控技术与仪器、智能感知工程),8,,,物理,化学,6210,1_3_0183_5_AP
631,"5,474",985,四川大学,工科试验班(清洁能源与智慧建造)(水利科学与工程、城市地下空间工程、能源与动力工程),unmatched_name_changed_or_not_in_2026_physics_plan,0,,,,,,,,,,,
631,"5,474",211,北京中医药大学,中医学(卓越中医儿科班5+3一体化),exact_school_major,1,0026,北京中医药大学,07,中医学(卓越中医儿科班5+3一体化),1,,(色盲、色弱及其他各类不能准确识别颜色考生不予录取),物理,化学,5800,1_3_0026_5_07
631,"5,474",211,北京科技大学,工科试验班类(卓越工程人才)(材料科学与工程、机械工程、自动化、能源与动力工程、碳中和科学与工程、智能采矿工程、冶金工程、智能建造),exact_school_major,1,0008,北京科技大学,03,工科试验班类(卓越工程人才)(材料科学与工程、机械工程、自动化、能源与动力工程、碳中和科学与工程、智能采矿工程、冶金工程、智能建造),8,,"(特殊班型,特殊培养政策详见学校本科招生网)",物理,化学,5000,1_3_0008_5_03
631,"5,474",211,北京科技大学,人工智能,exact_school_major,1,0008,北京科技大学,07,人工智能,5,,,物理,化学,5000,1_3_0008_5_07
631,"5,474",211,北京科技大学,通信工程,exact_school_major,1,0008,北京科技大学,17,通信工程,3,,"(一、二年级在北京校区,三、四年级在雄安校区)",物理,化学,5000,1_3_0008_5_17
631,"5,474",211,华北电力大学(北京),氢能科学与工程,exact_school_major,1,0054,华北电力大学(北京),0J,氢能科学与工程,2,,,物理,化学,5500,1_3_0054_5_0J
631,"5,474",211,南京理工大学,计算机类(计算机科学与技术、软件工程、智能科学与技术),unmatched_name_changed_or_not_in_2026_physics_plan,0,,,,,,,,,,,
631,"5,474",211,南京理工大学,光电信息科学与工程(理学学士学位),unmatched_name_changed_or_not_in_2026_physics_plan,0,,,,,,,,,,,
631,"5,474",211,南京航空航天大学,能源与动力工程,unmatched_name_changed_or_not_in_2026_physics_plan,0,,,,,,,,,,,
631,"5,474",211,南京航空航天大学,机械工程,exact_school_major,1,0287,南京航空航天大学,1Q,机械工程,2,,,物理,化学,6380,1_3_0287_5_1Q
631,"5,474",211,南京航空航天大学,飞行器适航技术,exact_school_major,1,0287,南京航空航天大学,1Z,飞行器适航技术,2,,"(一、二年级在常州市天目湖校区就读,三、四年级在南京市将军路校区就读)",物理,化学,5800,1_3_0287_5_1Z
631,"5,474",211,对外经济贸易大学,数据科学与大数据技术(大类招生，项目选拔进入，分流时专业任选),exact_school_major,1,0036,对外经济贸易大学,27,"数据科学与大数据技术(大类招生,项目选拔进入,分流时专业任选)",5,,[含：数据科学与大数据技术、法学-数据科学与大数据技术双学士学位项目、保险学-数据科学与大数据技术双学士学位项目、智能科学与技术、人工智能(项目制培养)],物理,化学,5500,1_3_0036_5_27
631,"5,474",211,苏州大学,计算机科学与技术,exact_school_major,1,0285,苏州大学,1Z,计算机科学与技术,3,,,物理,化学,6380,1_3_0285_5_1Z
631,"5,474",211,西南交通大学,计算机类(计算机科学与技术、软件工程),exact_school_major,1,0613,西南交通大学,10,计算机类(计算机科学与技术、软件工程),4,,,物理,化学,6240,1_3_0613_5_10
631,"5,474",双非补充,深圳大学,金融科技,exact_school_major,1,0590,深圳大学,B2,金融科技,1,,"(学费约5510-6061元/学年,以广东省物价部门最新批准数为准)",物理,无限制,待定,1_3_0590_5_B2
630,"5,670",985,东北大学,智能制造工程,exact_school_major,1,0145,东北大学,AK,智能制造工程,40,,,物理,化学,6240,1_3_0145_5_AK
630,"5,670",985,东北大学,能源与动力工程,exact_school_major_multiple_plan_rows,2,0145,东北大学,AF,能源与动力工程,5,,,物理,化学,6240,1_3_0145_5_AF
630,"5,670",985,东北大学,能源与动力工程,exact_school_major_multiple_plan_rows,2,0145,东北大学,DF,能源与动力工程,1,(高校专项计划),"(特控线上录取)(教育部高校专项计划,只投档符合报考条件的考生)",物理,化学,6240,1_3_0145_5_DF
630,"5,670",985,中南大学,材料类(冶金材料类)(材料科学与工程、粉体材料科学与工程、冶金工程、新能源材料与器件),unmatched_name_changed_or_not_in_2026_physics_plan,0,,,,,,,,,,,
630,"5,670",985,中国农业大学,环境科学与工程类(应用气象学、生态学、资源环境科学、环境工程),exact_school_major_multiple_plan_rows,2,0019,中国农业大学,09,环境科学与工程类(应用气象学、生态学、资源环境科学、环境工程),2,,,物理,化学,5000,1_3_0019_5_09
630,"5,670",985,中国农业大学,环境科学与工程类(应用气象学、生态学、资源环境科学、环境工程),exact_school_major_multiple_plan_rows,2,0019,中国农业大学,AB,环境科学与工程类(应用气象学、生态学、资源环境科学、环境工程),1,(高校专项计划),"(特控线上录取)(教育部高校专项计划,只投档符合报考条件的考生)",物理,化学,5000,1_3_0019_5_AB
630,"5,670",985,中国农业大学,水利类(农业水利工程、水利水电工程、能源与动力工程、农业建筑环境与能源工程、土木工程),unmatched_name_changed_or_not_in_2026_physics_plan,0,,,,,,,,,,,
630,"5,670",985,中国海洋大学,计算机类(计算机科学与技术、智能科学与技术、数据科学与大数据技术、网络空间安全、软件工程、保密技术),unmatched_name_changed_or_not_in_2026_physics_plan,0,,,,,,,,,,,
630,"5,670",985,吉林大学,空间信息与数字技术,exact_school_major,1,0183,吉林大学,9Q,空间信息与数字技术,3,,,物理,化学,6830,1_3_0183_5_9Q
630,"5,670",985,吉林大学,生物医学科学(白求恩班),exact_school_major,1,0183,吉林大学,AR,生物医学科学(白求恩班),1,,,物理,化学,6440,1_3_0183_5_AR
630,"5,670",985,山东大学,材料类(先进材料与智慧成型方向)(材料科学与工程、材料成型及控制工程),unmatched_name_changed_or_not_in_2026_physics_plan,0,,,,,,,,,,,
630,"5,670",985,山东大学威海分校,数学类(数学与应用数学、信息与计算科学、统计学),exact_school_major,1,9422,山东大学威海分校,0B,数学类(数学与应用数学、信息与计算科学、统计学),5,,,物理,化学,6600,1_3_9422_5_0B
630,"5,670",985,湖南大学,法学,unmatched_name_changed_or_not_in_2026_physics_plan,0,,,,,,,,,,,
630,"5,670",211,中国传媒大学,数字媒体技术(游戏科学与技术方向),exact_school_major,1,0033,中国传媒大学,54,数字媒体技术(游戏科学与技术方向),2,,,物理,化学,5500,1_3_0033_5_54
630,"5,670",211,北京中医药大学,中药学(时珍国药班),unmatched_name_changed_or_not_in_2026_physics_plan,0,,,,,,,,,,,
630,"5,670",211,北京交通大学,交通运输类[交通运输(铁道运输)、交通运输(城市轨道交通)、交通运输(高铁运营管理)、交通运输(民航运输)、交通工程、智能运输工程、物流工程、电子商务],unmatched_name_changed_or_not_in_2026_physics_plan,0,,,,,,,,,,,
630,"5,670",211,华北电力大学(北京),自动化,exact_school_major_multiple_plan_rows,2,0054,华北电力大学(北京),08,自动化,5,,,物理,化学,5500,1_3_0054_5_08
630,"5,670",211,华北电力大学(北京),自动化,exact_school_major_multiple_plan_rows,2,0054,华北电力大学(北京),AC,自动化,1,(高校专项计划),"(特控线上录取)(教育部高校专项计划,只投档符合报考条件的考生)",物理,化学,5500,1_3_0054_5_AC
630,"5,670",211,南京理工大学,电子信息类(电子科学与技术、电子信息工程、光电信息科学与工程、通信工程),unmatched_name_changed_or_not_in_2026_physics_plan,0,,,,,,,,,,,
630,"5,670",211,南京航空航天大学,储能科学与工程,unmatched_name_changed_or_not_in_2026_physics_plan,0,,,,,,,,,,,
630,"5,670",211,南京航空航天大学,测控技术与仪器,unmatched_name_changed_or_not_in_2026_physics_plan,0,,,,,,,,,,,
630,"5,670",211,南京航空航天大学,信息与计算科学,unmatched_name_changed_or_not_in_2026_physics_plan,0,,,,,,,,,,,
630,"5,670",211,河海大学,水利类(大禹直升班)(水文与水资源工程、水利水电工程、港口航道与海岸工程),unmatched_name_changed_or_not_in_2026_physics_plan,0,,,,,,,,,,,
630,"5,670",211,苏州大学,软件工程,exact_school_major,1,0285,苏州大学,1Y,软件工程,2,,,物理,化学,6380,1_3_0285_5_1Y
630,"5,670",211,西南交通大学,电气工程及其自动化,exact_school_major,1,0613,西南交通大学,01,电气工程及其自动化,4,,,物理,化学,6240,1_3_0613_5_01
629,"5,882",985,东北大学,计算机类(软件工程、信息安全、数字媒体技术),unmatched_name_changed_or_not_in_2026_physics_plan,0,,,,,,,,,,,
629,"5,882",985,吉林大学,仿生科学与工程,exact_school_major,1,0183,吉林大学,9J,仿生科学与工程,3,,,物理,化学,6830,1_3_0183_5_9J
629,"5,882",985,吉林大学,软件工程,exact_school_major,1,0183,吉林大学,9X,软件工程,33,,(宜英语语种考生就读。第3、4年学费共28000元),物理,化学,6830,1_3_0183_5_9X
629,"5,882",985,山东大学,化学类(化学),exact_school_major,1,0422,山东大学,19,化学类(化学),2,,[含邓从豪基地班、化学拔尖2.0班(泰山学堂)；不招收色弱、色盲考生],物理,化学,6600,1_3_0422_5_19
629,"5,882",985,山东大学,药学类[药学、临床药学(五年制)],exact_school_major,1,0422,山东大学,45,药学类[药学、临床药学(五年制)],2,(高校专项计划),"(特控线上录取)(教育部高校专项计划,只投档符合报考条件的考生)",物理,化学,7920,1_3_0422_5_45
629,"5,882",985,湖南大学,大数据管理与应用,exact_school_major,1,0532,湖南大学,45,大数据管理与应用,2,,"[含大数据管理与应用(商务大数据)、大数据管理与应用(金融大数据),专业分流时在上述专业内任选]",物理,无限制,5500,1_3_0532_5_45
629,"5,882",211,北京中医药大学,中医学(实验班),unmatched_name_changed_or_not_in_2026_physics_plan,0,,,,,,,,,,,
629,"5,882",211,北京工业大学,电子科学与技术(实验班),exact_school_major,1,0005,北京工业大学,35,电子科学与技术(实验班),2,,"(第一年在通州校区,第二、三、四学年根据学校规划安排在平乐园校区或房山校区)",物理,化学,5000,1_3_0005_5_35
629,"5,882",211,华东理工大学,电子信息类(自动化、电气工程及其自动化、信息工程),exact_school_major,1,0251,华东理工大学,02,电子信息类(自动化、电气工程及其自动化、信息工程),7,,(不招色盲者),物理,化学,7000,1_3_0251_5_02
629,"5,882",211,华北电力大学(北京),储能科学与工程,exact_school_major,1,0054,华北电力大学(北京),0L,储能科学与工程,2,,,物理,化学,5500,1_3_0054_5_0L
629,"5,882",211,南京理工大学,飞行器设计与工程,unmatched_name_changed_or_not_in_2026_physics_plan,0,,,,,,,,,,,
629,"5,882",211,南京理工大学,微电子科学与工程,unmatched_name_changed_or_not_in_2026_physics_plan,0,,,,,,,,,,,
629,"5,882",211,南京航空航天大学,大数据管理与应用(拔尖创新班),unmatched_name_changed_or_not_in_2026_physics_plan,0,,,,,,,,,,,
629,"5,882",211,南京航空航天大学,新能源材料与器件,unmatched_name_changed_or_not_in_2026_physics_plan,0,,,,,,,,,,,
629,"5,882",211,哈尔滨工程大学,水声工程(含水声、电子水声、海洋信息3个专业),unmatched_name_changed_or_not_in_2026_physics_plan,0,,,,,,,,,,,
629,"5,882",211,苏州大学,通信工程,exact_school_major,1,0285,苏州大学,22,通信工程,2,,,物理,化学,6380,1_3_0285_5_22
629,"5,882",211,苏州大学,临床医学,exact_school_major,1,0285,苏州大学,2Z,临床医学,2,,(不招色弱、色盲、单色识别不全者),物理,化学,7480,1_3_0285_5_2Z
629,"5,882",双非补充,深圳大学,计算机科学与技术,exact_school_major,1,0590,深圳大学,50,计算机科学与技术,4,,,物理,化学,6853,1_3_0590_5_50
628,"6,080",985,东北大学,机械类(机械工程、过程装备与控制工程、车辆工程、工业设计),unmatched_name_changed_or_not_in_2026_physics_plan,0,,,,,,,,,,,
628,"6,080",985,东北大学,材料类(材料科学与工程、材料成型及控制工程、材料物理),unmatched_name_changed_or_not_in_2026_physics_plan,0,,,,,,,,,,,
628,"6,080",985,东北大学秦皇岛分校,计算机科学与技术,exact_school_major,1,9145,东北大学秦皇岛分校,0D,计算机科学与技术,5,,,物理,化学,6240,1_3_9145_5_0D
628,"6,080",985,中南大学,化工与制药类(化学生物环境类)(应用化学、化学工程与工艺、制药工程、环境工程、生物工程),unmatched_name_changed_or_not_in_2026_physics_plan,0,,,,,,,,,,,
628,"6,080",985,中南大学,工科试验班(轨道交通基础设施与安全类)(铁道工程、工程力学、消防工程、工程管理、城市地下空间工程、安全工程),unmatched_name_changed_or_not_in_2026_physics_plan,0,,,,,,,,,,,
628,"6,080",985,中国农业大学,园林,unmatched_name_changed_or_not_in_2026_physics_plan,0,,,,,,,,,,,
628,"6,080",985,中国海洋大学,电子信息类(电子信息工程、电子信息科学与技术、通信工程、微电子科学与工程、集成电路设计与集成系统),unmatched_name_changed_or_not_in_2026_physics_plan,0,,,,,,,,,,,
628,"6,080",985,中国海洋大学,船舶与海洋工程,exact_school_major_multiple_plan_rows,2,0423,中国海洋大学,23,船舶与海洋工程,3,,,物理,化学,6600,1_3_0423_5_23
628,"6,080",985,中国海洋大学,船舶与海洋工程,exact_school_major_multiple_plan_rows,2,0423,中国海洋大学,AB,船舶与海洋工程,1,(高校专项计划),"(特控线上录取)(教育部高校专项计划,只投档符合报考条件的考生)",物理,化学,6600,1_3_0423_5_AB
628,"6,080",985,兰州大学,核工程与核技术,exact_school_major,1,0730,兰州大学,76,核工程与核技术,2,,(不招色盲、单色识别不全考生),物理,化学,5800,1_3_0730_5_76
628,"6,080",985,吉林大学,工程力学,exact_school_major,1,0183,吉林大学,91,工程力学,2,,,物理,化学,6830,1_3_0183_5_91
628,"6,080",985,吉林大学,能源与动力工程,exact_school_major,1,0183,吉林大学,98,能源与动力工程,11,,,物理,化学,6830,1_3_0183_5_98
628,"6,080",985,吉林大学,临床医学(眼科学特色班),unmatched_name_changed_or_not_in_2026_physics_plan,0,,,,,,,,,,,
628,"6,080",985,吉林大学,临床医学,exact_school_major,1,0183,吉林大学,BD,临床医学,9,,(宜英语语种考生就读),物理,化学,7080,1_3_0183_5_BD
628,"6,080",985,吉林大学,口腔医学,exact_school_major,1,0183,吉林大学,BF,口腔医学,2,,,物理,化学,7080,1_3_0183_5_BF
628,"6,080",985,四川大学,医学技术类(含双学士学位)[医学检验技术(含双学士学位)、康复治疗学(含双学士学位)、医学影像技术(含双学士学位)、眼视光学(含双学士学位)、口腔医学技术(含双学士学位)],exact_school_major,1,0610,四川大学,25,医学技术类(含双学士学位)[医学检验技术(含双学士学位)、康复治疗学(含双学士学位)、医学影像技术(含双学士学位)、眼视光学(含双学士学位)、口腔医学技术(含双学士学位)],4,,,物理,化学,7250,1_3_0610_5_25
628,"6,080",985,湖南大学,生物技术,exact_school_major,1,0532,湖南大学,21,生物技术,2,,"(含生物技术、生物医学工程,专业分流时在上述专业内任选)(项目制和导师制培养)[入校后可选拔进入生物技术+计算机科学与技术(双学位)专业、理科试验班]",物理,化学,6500,1_3_0532_5_21
628,"6,080",985,西安交通大学,建筑学(中外合作办学),exact_school_major,1,0698,西安交通大学,9D,建筑学(中外合作办学),2,,"(合作高校为意大利米兰理工大学,学费10.5万每年)",物理,化学,105000,1_3_0698_5_9D
628,"6,080",985,重庆大学,电气工程及其自动化(中外合作办学),unmatched_name_changed_or_not_in_2026_physics_plan,0,,,,,,,,,,,
628,"6,080",211,中国政法大学,应用心理学,exact_school_major,1,0053,中国政法大学,17,应用心理学,2,,,物理,无限制,5000,1_3_0053_5_17
628,"6,080",211,北京科技大学,材料智能技术,unmatched_name_changed_or_not_in_2026_physics_plan,0,,,,,,,,,,,
628,"6,080",211,北京科技大学,自动化类(自动化、测控技术与仪器、智能感知工程),exact_school_major,1,0008,北京科技大学,15,自动化类(自动化、测控技术与仪器、智能感知工程),9,,"(一、二年级在北京校区,三、四年级在雄安校区)",物理,化学,5000,1_3_0008_5_15
628,"6,080",211,北京邮电大学,智能科学与技术(中外合作办学),exact_school_major,1,0013,北京邮电大学,0U,智能科学与技术(中外合作办学),5,,"(一年级在沙河校区,二、三、四年级将根据学校规划安排在沙河校区或西土城路校区。本专业部分课程采用英语授课,建议非英语考生慎重报考)",物理,化学,100000,1_3_0013_5_0U
628,"6,080",211,华北电力大学(保定),自动化,exact_school_major,1,0079,华北电力大学(保定),0B,自动化,4,,,物理,化学,5500,1_3_0079_5_0B
628,"6,080",211,华北电力大学(北京),机械工程,exact_school_major,1,0054,华北电力大学(北京),0H,机械工程,1,,,物理,化学,5500,1_3_0054_5_0H
628,"6,080",211,华北电力大学(北京),能源与动力工程,exact_school_major_multiple_plan_rows,2,0054,华北电力大学(北京),0K,能源与动力工程,7,,,物理,化学,5500,1_3_0054_5_0K
628,"6,080",211,华北电力大学(北京),能源与动力工程,exact_school_major_multiple_plan_rows,2,0054,华北电力大学(北京),AD,能源与动力工程,1,(高校专项计划),"(特控线上录取)(教育部高校专项计划,只投档符合报考条件的考生)",物理,化学,5500,1_3_0054_5_AD
628,"6,080",211,南京理工大学,自动化类(轨道交通信号与控制、自动化、电气工程及其自动化、智能电网信息工程),unmatched_name_changed_or_not_in_2026_physics_plan,0,,,,,,,,,,,
628,"6,080",211,武汉理工大学,通信工程(卓越实验班),unmatched_name_changed_or_not_in_2026_physics_plan,0,,,,,,,,,,,
628,"6,080",211,河海大学,电气工程及其自动化,exact_school_major,1,0294,河海大学,F2,电气工程及其自动化,3,,"(大一、大三、大四在南京相应校区学习,大二在常州校区学习)",物理,化学,6380,1_3_0294_5_F2
628,"6,080",211,西南交通大学,电子信息工程,exact_school_major,1,0613,西南交通大学,04,电子信息工程,3,,,物理,化学,6240,1_3_0613_5_04
628,"6,080",211,西南交通大学,大功率半导体科学与工程,exact_school_major,1,0613,西南交通大学,02,大功率半导体科学与工程,2,,,物理,化学,6240,1_3_0613_5_02
628,"6,080",211,西南交通大学,电子信息类(微电子科学与工程、电子科学与技术),exact_school_major,1,0613,西南交通大学,03,电子信息类(微电子科学与工程、电子科学与技术),3,,,物理,化学,6240,1_3_0613_5_03
628,"6,080",211,西南交通大学,信息安全,exact_school_major,1,0613,西南交通大学,22,信息安全,2,,,物理,化学,6240,1_3_0613_5_22
628,"6,080",211,西南交通大学,电子信息科学与技术,exact_school_major,1,0613,西南交通大学,06,电子信息科学与技术,2,,,物理,化学,6240,1_3_0613_5_06
628,"6,080",211,西安电子科技大学,管理科学与工程类(数字化与商务智能融合培养)(信息管理与信息系统、工业工程、大数据管理与应用),unmatched_name_changed_or_not_in_2026_physics_plan,0,,,,,,,,,,,
627,"6,264",985,东北大学,数学类(数学与应用数学、信息与计算科学),exact_school_major,1,0145,东北大学,AE,数学类(数学与应用数学、信息与计算科学),30,,"(入学后部分课程采用英文教材和英语授课,外语语种为非英语的考生请慎重报考)",物理,化学,6240,1_3_0145_5_AE
627,"6,264",985,东北大学秦皇岛分校,自动化类(自动化、电气工程及其自动化),exact_school_major,1,9145,东北大学秦皇岛分校,0B,自动化类(自动化、电气工程及其自动化),8,,,物理,化学,6240,1_3_9145_5_0B
627,"6,264",985,中国海洋大学,海洋科学,exact_school_major,1,0423,中国海洋大学,00,海洋科学,2,,,物理,化学,6600,1_3_0423_5_00
627,"6,264",985,中国海洋大学,声学,exact_school_major,1,0423,中国海洋大学,09,声学,2,,(入校后可选拔至汪德昭菁英班),物理,化学,6600,1_3_0423_5_09
627,"6,264",985,兰州大学,电子信息类(含基地班)(电子信息科学与技术、通信工程、人工智能),unmatched_name_changed_or_not_in_2026_physics_plan,0,,,,,,,,,,,
627,"6,264",985,兰州大学,数学与应用数学(基地班),unmatched_name_changed_or_not_in_2026_physics_plan,0,,,,,,,,,,,
627,"6,264",985,吉林大学,临床医学,exact_school_major,1,0183,吉林大学,BD,临床医学,9,,(宜英语语种考生就读),物理,化学,7080,1_3_0183_5_BD
627,"6,264",985,四川大学,医学试验班(医学基础与法医学)(基础医学、法医学),unmatched_name_changed_or_not_in_2026_physics_plan,0,,,,,,,,,,,
627,"6,264",985,大连理工大学,少数民族预科班,unmatched_name_changed_or_not_in_2026_physics_plan,0,,,,,,,,,,,
627,"6,264",985,西北农林科技大学,电气工程及其自动化,exact_school_major,1,0712,西北农林科技大学,01,电气工程及其自动化,2,,,物理,化学,6600,1_3_0712_5_01
627,"6,264",211,北京交通大学,理科试验班[信息与计算科学、统计学、数据科学、数学与应用数学(拔尖班)、系统科学与工程(智能交通系统拔尖班)、应用物理学(黄昆英才班)、纳米材料与技术(智能材料)、工程力学],unmatched_name_changed_or_not_in_2026_physics_plan,0,,,,,,,,,,,
627,"6,264",211,北京工业大学,物联网工程,exact_school_major,1,0005,北京工业大学,66,物联网工程,2,,"(色盲限报。第一年在通州校区,第二、三、四学年根据学校规划安排在平乐园校区或房山校区)",物理,化学,5000,1_3_0005_5_66
627,"6,264",211,北京科技大学,应用物理学,unmatched_name_changed_or_not_in_2026_physics_plan,0,,,,,,,,,,,
627,"6,264",211,华东理工大学,数学类(数学与应用数学、信息与计算科学),exact_school_major,1,0251,华东理工大学,06,数学类(数学与应用数学、信息与计算科学),5,,,物理,化学,7000,1_3_0251_5_06
627,"6,264",211,哈尔滨工程大学,自动化类(自动化、电气工程及其自动化、测控技术与仪器、探测制导与控制技术、机器人工程、人工智能),unmatched_name_changed_or_not_in_2026_physics_plan,0,,,,,,,,,,,
627,"6,264",211,哈尔滨工程大学,电子信息类(电子信息工程、通信工程、光电信息科学与工程),unmatched_name_changed_or_not_in_2026_physics_plan,0,,,,,,,,,,,
627,"6,264",211,对外经济贸易大学,金融学类[金融学、金融学(国际金融与市场)、经济与金融、投资学、保险学],unmatched_name_changed_or_not_in_2026_physics_plan,0,,,,,,,,,,,
627,"6,264",211,武汉理工大学,机械工程(卓越实验班),unmatched_name_changed_or_not_in_2026_physics_plan,0,,,,,,,,,,,
627,"6,264",211,武汉理工大学,电子信息类(电子信息工程、电子科学与技术、智能科学与技术、通信工程、集成电路设计与集成系统),unmatched_name_changed_or_not_in_2026_physics_plan,0,,,,,,,,,,,
627,"6,264",211,武汉理工大学,计算机类(计算机科学与技术、软件工程、数据科学与大数据技术),exact_school_major,1,0497,武汉理工大学,07,计算机类(计算机科学与技术、软件工程、数据科学与大数据技术),4,,,物理,化学,5850,1_3_0497_5_07
627,"6,264",211,苏州大学,纳米材料与技术,exact_school_major,1,0285,苏州大学,1X,纳米材料与技术,2,,,物理,化学,6380,1_3_0285_5_1X
627,"6,264",211,苏州大学,生物信息学,exact_school_major,1,0285,苏州大学,2M,生物信息学,2,,,物理,化学,5500,1_3_0285_5_2M
627,"6,264",211,西南交通大学,通信工程,exact_school_major,1,0613,西南交通大学,05,通信工程,4,,,物理,化学,6240,1_3_0613_5_05
626,"6,487",985,东北大学秦皇岛分校,物联网工程,exact_school_major,1,9145,东北大学秦皇岛分校,0E,物联网工程,2,,,物理,化学,6240,1_3_9145_5_0E
626,"6,487",985,东北大学秦皇岛分校,电子信息工程,exact_school_major,1,9145,东北大学秦皇岛分校,09,电子信息工程,5,,,物理,化学,6240,1_3_9145_5_09
626,"6,487",985,东北大学秦皇岛分校,通信工程,exact_school_major,1,9145,东北大学秦皇岛分校,0A,通信工程,4,,,物理,化学,6240,1_3_9145_5_0A
626,"6,487",985,中南大学,机械设计制造及其自动化(中外合作办学),unmatched_name_changed_or_not_in_2026_physics_plan,0,,,,,,,,,,,
626,"6,487",985,兰州大学,物理学类(含基地班)(物理学、微电子科学与工程),unmatched_name_changed_or_not_in_2026_physics_plan,0,,,,,,,,,,,
626,"6,487",985,兰州大学,计算机类(含基地班)(计算机科学与技术、数据科学与大数据技术),unmatched_name_changed_or_not_in_2026_physics_plan,0,,,,,,,,,,,
626,"6,487",985,吉林大学,经济学类(经济学、财政学、国际经济与贸易、金融学),exact_school_major,1,0183,吉林大学,53,经济学类(经济学、财政学、国际经济与贸易、金融学),3,,,物理,无限制,6070,1_3_0183_5_53
626,"6,487",985,吉林大学,物流管理,exact_school_major,1,0183,吉林大学,66,物流管理,2,,(物流管理-计算机科学与技术双学士学位复合型人才培养项目：商学与管理学院和计算机科学与技术学院联合建设),物理,无限制,8800,1_3_0183_5_66
626,"6,487",985,吉林大学,化学类(化学、应用化学、材料化学、高分子材料与工程、化学工程与工艺),exact_school_major,1,0183,吉林大学,85,化学类(化学、应用化学、材料化学、高分子材料与工程、化学工程与工艺),16,,(宜英语语种考生就读),物理,化学,6320,1_3_0183_5_85
626,"6,487",985,吉林大学,材料类(材料科学与工程、无机非金属材料工程、材料成型及控制工程),exact_school_major,1,0183,吉林大学,99,材料类(材料科学与工程、无机非金属材料工程、材料成型及控制工程),9,,,物理,化学,6830,1_3_0183_5_99
626,"6,487",985,吉林大学,放射医学,exact_school_major,1,0183,吉林大学,AT,放射医学,2,,,物理,化学,7080,1_3_0183_5_AT
626,"6,487",985,哈尔滨工业大学(威海),船舶与海洋工程(中外合作办学),exact_school_major,1,9213,哈尔滨工业大学(威海),08,船舶与海洋工程(中外合作办学),5,,"(该专业是与英国思克莱德大学合作办学,学生入学后不得转专业,""4+0""培养,中英文授课)",物理,化学,100000,1_3_9213_5_08
626,"6,487",985,四川大学,工科试验班(绿色城市与智慧建造)(环境工程、土木工程、工程力学),exact_school_major,1,0610,四川大学,12,工科试验班(绿色城市与智慧建造)(环境工程、土木工程、工程力学),5,,,物理,化学,6500,1_3_0610_5_12
626,"6,487",985,山东大学威海分校,物理学类(物理学),exact_school_major,1,9422,山东大学威海分校,0A,物理学类(物理学),4,,,物理,化学,6600,1_3_9422_5_0A
626,"6,487",985,湖南大学,化学类(化学、应用化学、化学生物学),exact_school_major_multiple_plan_rows,2,0532,湖南大学,17,化学类(化学、应用化学、化学生物学),2,,"(包含化学、应用化学、化学生物学,本专业类内分流任选)",物理,化学,5300,1_3_0532_5_17
626,"6,487",985,湖南大学,化学类(化学、应用化学、化学生物学),exact_school_major_multiple_plan_rows,2,0532,湖南大学,AB,化学类(化学、应用化学、化学生物学),1,(高校专项计划),"(包含化学、应用化学、化学生物学,本专业类内分流任选)(特控线上录取)(教育部高校专项计划,只投档符合报考条件的考生)",物理,化学,5300,1_3_0532_5_AB
626,"6,487",985,湖南大学,材料科学与工程,exact_school_major,1,0532,湖南大学,26,材料科学与工程,9,,"(含电子信息材料、材料科学与工程,专业分流时在上述专业内任选)",物理,化学,6500,1_3_0532_5_26
626,"6,487",985,湖南大学,会计学,unmatched_name_changed_or_not_in_2026_physics_plan,0,,,,,,,,,,,
626,"6,487",211,北京科技大学,数学类(数学与应用数学、信息与计算科学、统计学),unmatched_name_changed_or_not_in_2026_physics_plan,0,,,,,,,,,,,
626,"6,487",211,华东理工大学,能源与动力工程(双学士学位项目),unmatched_name_changed_or_not_in_2026_physics_plan,0,,,,,,,,,,,
626,"6,487",211,华北电力大学(保定),机器人工程,exact_school_major,1,0079,华北电力大学(保定),0C,机器人工程,2,,,物理,化学,5500,1_3_0079_5_0C
626,"6,487",211,华北电力大学(北京),信息与计算科学,unmatched_name_changed_or_not_in_2026_physics_plan,0,,,,,,,,,,,
626,"6,487",211,南京理工大学,兵器类(弹药工程与爆炸技术、武器系统与工程),unmatched_name_changed_or_not_in_2026_physics_plan,0,,,,,,,,,,,
626,"6,487",211,合肥工业大学,计算机科学与技术,exact_school_major,1,0359,合肥工业大学,0T,计算机科学与技术,4,,"(有体检要求,具体参见学校章程)",物理,化学,6050,1_3_0359_5_0T
626,"6,487",211,哈尔滨工程大学,软件工程,exact_school_major,1,0217,哈尔滨工程大学,2K,软件工程,20,,"(后两年学费16000元/年,不招单色异常考生)",物理,化学,5500,1_3_0217_5_2K
626,"6,487",211,武汉理工大学,人工智能,exact_school_major,1,0497,武汉理工大学,08,人工智能,2,,,物理,化学,5850,1_3_0497_5_08
626,"6,487",211,武汉理工大学,电子信息类(含交叉力学)(工程力学、电子信息科学与技术、光电信息科学与工程),unmatched_name_changed_or_not_in_2026_physics_plan,0,,,,,,,,,,,
626,"6,487",211,河北工业大学,电气工程及其自动化,exact_school_major,1,0080,河北工业大学,0F,电气工程及其自动化,4,,,物理,化学,5800,1_3_0080_5_0F
626,"6,487",211,河海大学,计算机科学与技术,exact_school_major,1,0294,河海大学,G1,计算机科学与技术,5,,"(大一、大三、大四在南京相应校区学习,大二在常州校区学习)",物理,化学,6380,1_3_0294_5_G1
626,"6,487",211,河海大学,人工智能,exact_school_major,1,0294,河海大学,XJ,人工智能,2,,"(大一在南京相应校区学习,大二起在常州校区学习)",物理,化学,6380,1_3_0294_5_XJ
626,"6,487",211,苏州大学,电气工程与智能控制,exact_school_major,1,0285,苏州大学,2E,电气工程与智能控制,2,,,物理,化学,5800,1_3_0285_5_2E
626,"6,487",211,西南交通大学,人工智能,exact_school_major,1,0613,西南交通大学,09,人工智能,3,,,物理,化学,6240,1_3_0613_5_09
626,"6,487",211,西南交通大学,数据科学与大数据技术,exact_school_major,1,0613,西南交通大学,11,数据科学与大数据技术,2,,,物理,化学,6240,1_3_0613_5_11
626,"6,487",211,西安电子科技大学,少数民族预科班,exact_school_major,1,0701,西安电子科技大学,91,少数民族预科班,2,,(培养地点：西安电子科技大学长安校区),物理,化学,5500,1_3_0701_5_91
625,"6,708",985,东北大学秦皇岛分校,机械电子工程,exact_school_major,1,9145,东北大学秦皇岛分校,0G,机械电子工程,2,,,物理,化学,6240,1_3_9145_5_0G
625,"6,708",985,中国农业大学,化学类(化学、应用化学),exact_school_major,1,0019,中国农业大学,19,化学类(化学、应用化学),2,,,物理,化学,5000,1_3_0019_5_19
625,"6,708",985,兰州大学,应用物理学(原子核物理方向基地班),exact_school_major,1,0730,兰州大学,48,应用物理学(原子核物理方向基地班),3,,(不招色盲、单色识别不全考生),物理,化学,5800,1_3_0730_5_48
625,"6,708",985,吉林大学,工商管理(吕振羽班),exact_school_major,1,0183,吉林大学,62,工商管理(吕振羽班),2,,,物理,无限制,6070,1_3_0183_5_62
625,"6,708",985,吉林大学,大数据管理与应用,exact_school_major,1,0183,吉林大学,67,大数据管理与应用,2,,(大数据管理与应用-法学双学士学位复合型人才培养项目：商学与管理学院和法学院联合建设),物理,无限制,8500,1_3_0183_5_67
625,"6,708",985,吉林大学,临床医学(5+3一体化，儿科学),exact_school_major,1,0183,吉林大学,BC,"临床医学(5+3一体化,儿科学)",2,,(宜英语语种考生就读),物理,化学,7080,1_3_0183_5_BC
625,"6,708",985,大连理工大学,工程力学(中外合作办学),exact_school_major,1,0141,大连理工大学,62,工程力学(中外合作办学),8,,"(与白俄罗斯国立大学合作,零起点学习俄语,部分课程采用英语授课,非英语语种考生慎重报考)",物理,化学,60000,1_3_0141_5_62
625,"6,708",211,中南财经政法大学,会计学(会计学、会计学注册会计师、财管),exact_school_major,1,0520,中南财经政法大学,38,会计学(会计学、会计学注册会计师、财管),4,,,物理,无限制,5850,1_3_0520_5_38
625,"6,708",211,中国政法大学,翻译(法律翻译实验班),exact_school_major,1,0053,中国政法大学,13,翻译(法律翻译实验班),2,,(本专业人才培养模式改革有关安排详见章程)(外语语种为英语),物理,无限制,6000,1_3_0053_5_13
625,"6,708",211,北京中医药大学,中医学,exact_school_major_multiple_plan_rows,2,0026,北京中医药大学,09,中医学,8,,(色盲、色弱及其他各类不能准确识别颜色考生不予录取),物理,化学,5800,1_3_0026_5_09
625,"6,708",211,北京中医药大学,中医学,exact_school_major_multiple_plan_rows,2,0026,北京中医药大学,AB,中医学,1,(高校专项计划),"(色盲、色弱及其他各类不能准确识别颜色考生不予录取)(特控线上录取)(教育部高校专项计划,只投档符合报考条件的考生)",物理,化学,5800,1_3_0026_5_AB
625,"6,708",211,北京科技大学,机械类(机器人工程、智能制造工程、机械工程、车辆工程、物流工程、工业设计),unmatched_name_changed_or_not_in_2026_physics_plan,0,,,,,,,,,,,
625,"6,708",211,北京邮电大学,物联网工程(中外合作办学),exact_school_major,1,0013,北京邮电大学,0S,物联网工程(中外合作办学),9,,"(一年级在沙河校区,二、三、四年级将根据学校规划安排在沙河校区或西土城路校区。本专业部分课程采用英语授课,建议非英语考生慎重报考)",物理,化学,100000,1_3_0013_5_0S
625,"6,708",211,华北电力大学(北京),能源动力类(新能源)(新能源科学与工程、新能源材料与器件),exact_school_major,1,0054,华北电力大学(北京),0N,能源动力类(新能源)(新能源科学与工程、新能源材料与器件),6,,,物理,化学,5500,1_3_0054_5_0N
625,"6,708",211,南京理工大学,机械类(车辆工程、工业工程、机械工程),unmatched_name_changed_or_not_in_2026_physics_plan,0,,,,,,,,,,,
625,"6,708",211,合肥工业大学,电子信息工程,exact_school_major,1,0359,合肥工业大学,0U,电子信息工程,4,,"(有体检要求,具体参见学校章程)",物理,化学,6050,1_3_0359_5_0U
625,"6,708",211,合肥工业大学,集成电路设计与集成系统,unmatched_name_changed_or_not_in_2026_physics_plan,0,,,,,,,,,,,
625,"6,708",211,哈尔滨工程大学,核工程与核技术,unmatched_name_changed_or_not_in_2026_physics_plan,0,,,,,,,,,,,
625,"6,708",211,武汉理工大学,车辆工程(智能新能源汽车博学实验班),unmatched_name_changed_or_not_in_2026_physics_plan,0,,,,,,,,,,,
625,"6,708",211,武汉理工大学,自动化类(电气工程及其自动化、自动化、机器人工程),unmatched_name_changed_or_not_in_2026_physics_plan,0,,,,,,,,,,,
625,"6,708",211,苏州大学,机械电子工程,exact_school_major,1,0285,苏州大学,2J,机械电子工程,2,,,物理,化学,5800,1_3_0285_5_2J
625,"6,708",211,西南交通大学,交通运输类(交通运输、交通工程),exact_school_major,1,0613,西南交通大学,12,交通运输类(交通运输、交通工程),3,,,物理,化学,6240,1_3_0613_5_12
625,"6,708",211,西南财经大学,数学与应用数学(基础学科拔尖实验班),exact_school_major,1,0651,西南财经大学,03,数学与应用数学(基础学科拔尖实验班),1,,,物理,化学,6240,1_3_0651_5_03
624,"6,942",985,东北大学秦皇岛分校,机械类(机械工程、车辆工程),exact_school_major,1,9145,东北大学秦皇岛分校,07,机械类(机械工程、车辆工程),5,,,物理,化学,6240,1_3_9145_5_07
624,"6,942",985,东北大学秦皇岛分校,数学类(数学与应用数学、应用统计学、数据科学与大数据技术),exact_school_major,1,9145,东北大学秦皇岛分校,06,数学类(数学与应用数学、应用统计学、数据科学与大数据技术),4,,,物理,化学,6240,1_3_9145_5_06
624,"6,942",985,中国海洋大学,海洋技术,exact_school_major,1,0423,中国海洋大学,07,海洋技术,3,,(入校后可选拔至汪德昭菁英班),物理,化学,6600,1_3_0423_5_07
624,"6,942",985,中国海洋大学,生物科学类(生态学、生物技术、生物科学),exact_school_major,1,0423,中国海洋大学,15,生物科学类(生态学、生物技术、生物科学),3,,,物理,化学,6600,1_3_0423_5_15
624,"6,942",985,中国海洋大学,数学类(数学与应用数学、信息与计算科学),exact_school_major,1,0423,中国海洋大学,54,数学类(数学与应用数学、信息与计算科学),4,,[入校后可选拔至金融科技(金融学+数学与应用数学)双学位项目、数学拔尖班],物理,化学,6600,1_3_0423_5_54
624,"6,942",985,中央民族大学,计算机类(计算机科学与技术、软件工程、数据科学与大数据技术),exact_school_major,1,0052,中央民族大学,56,计算机类(计算机科学与技术、软件工程、数据科学与大数据技术),8,,,物理,化学,5300,1_3_0052_5_56
624,"6,942",985,吉林大学,生物科学类(生物科学、生物技术、生物制药),exact_school_major,1,0183,吉林大学,87,生物科学类(生物科学、生物技术、生物制药),12,,,物理,化学,6320,1_3_0183_5_87
624,"6,942",985,吉林大学,材料物理,exact_school_major,1,0183,吉林大学,9A,材料物理,12,,,物理,化学,6830,1_3_0183_5_9A
624,"6,942",985,吉林大学,地下水科学与工程(黄大年班),exact_school_major,1,0183,吉林大学,AJ,地下水科学与工程(黄大年班),1,,,物理,化学,6830,1_3_0183_5_AJ
624,"6,942",985,山东大学,智能建造与智慧交通,unmatched_name_changed_or_not_in_2026_physics_plan,0,,,,,,,,,,,
624,"6,942",985,湖南大学,化学工程与工艺,unmatched_name_changed_or_not_in_2026_physics_plan,0,,,,,,,,,,,
624,"6,942",985,重庆大学,机械设计制造及其自动化(中外合作办学),unmatched_name_changed_or_not_in_2026_physics_plan,0,,,,,,,,,,,
624,"6,942",211,中南财经政法大学,统计学类(统计学、应用统计学、数据科学与大数据技术),unmatched_name_changed_or_not_in_2026_physics_plan,0,,,,,,,,,,,
624,"6,942",211,中国传媒大学,数字媒体技术,exact_school_major,1,0033,中国传媒大学,59,数字媒体技术,3,,,物理,化学,5500,1_3_0033_5_59
624,"6,942",211,中国政法大学,信息管理与信息系统(北理联合培养数据法学实验班),exact_school_major,1,0053,中国政法大学,27,信息管理与信息系统(北理联合培养数据法学实验班),2,,"(由我校和北京理工大学联合培养,第二学年到北理学习一年,授予两校联合学士学位,详见章程)",物理,无限制,5000,1_3_0053_5_27
624,"6,942",211,中国石油大学(北京),电子信息工程,exact_school_major,1,1414,中国石油大学(北京),20,电子信息工程,3,,,物理,化学,5200,1_3_1414_5_20
624,"6,942",211,中国石油大学(北京),计算机科学与技术,exact_school_major,1,1414,中国石油大学(北京),21,计算机科学与技术,3,,,物理,化学,5200,1_3_1414_5_21
624,"6,942",211,北京科技大学,储能科学与工程,exact_school_major,1,0008,北京科技大学,20,储能科学与工程,3,,"(一、二年级在北京校区,三、四年级在雄安校区)",物理,化学,5000,1_3_0008_5_20
624,"6,942",211,北京科技大学,材料科学与工程,exact_school_major,1,0008,北京科技大学,14,材料科学与工程,12,,"(百分百满足学生分流意愿。大一学年结束后可分流至材料科学与工程、材料物理、材料化学、无机非金属材料工程、材料成型及控制工程、高分子材料与工程专业。一、二年级在北京校区,三、四年级在雄安校区)",物理,化学,5000,1_3_0008_5_14
624,"6,942",211,北京邮电大学,电信工程及管理(中外合作办学),exact_school_major,1,0013,北京邮电大学,0R,电信工程及管理(中外合作办学),13,,"(一年级在沙河校区,二、三、四年级将根据学校规划安排在沙河校区或西土城路校区。本专业部分课程采用英语授课,建议非英语考生慎重报考)",物理,化学,100000,1_3_0013_5_0R
624,"6,942",211,华东理工大学,机械类(机械智能化实验班)(机械设计制造及其自动化、过程装备与控制工程、智能制造工程),unmatched_name_changed_or_not_in_2026_physics_plan,0,,,,,,,,,,,
624,"6,942",211,华北电力大学(保定),通信工程,exact_school_major,1,0079,华北电力大学(保定),04,通信工程,3,,,物理,化学,5500,1_3_0079_5_04
624,"6,942",211,华北电力大学(保定),电子信息科学与技术,exact_school_major,1,0079,华北电力大学(保定),05,电子信息科学与技术,2,,,物理,化学,5500,1_3_0079_5_05
624,"6,942",211,华北电力大学(北京),核工程与核技术,exact_school_major,1,0054,华北电力大学(北京),0P,核工程与核技术,4,,,物理,化学,5500,1_3_0054_5_0P
624,"6,942",211,南京理工大学,大数据管理与应用,unmatched_name_changed_or_not_in_2026_physics_plan,0,,,,,,,,,,,
624,"6,942",211,南京理工大学,能源动力类(储能科学与工程、能源与动力工程),unmatched_name_changed_or_not_in_2026_physics_plan,0,,,,,,,,,,,
624,"6,942",211,南京理工大学,武器发射工程,unmatched_name_changed_or_not_in_2026_physics_plan,0,,,,,,,,,,,
624,"6,942",211,合肥工业大学,电气工程及其自动化,exact_school_major,1,0359,合肥工业大学,0Q,电气工程及其自动化,4,,,物理,化学,5500,1_3_0359_5_0Q
624,"6,942",211,合肥工业大学,自动化,exact_school_major,1,0359,合肥工业大学,0R,自动化,4,,,物理,化学,6050,1_3_0359_5_0R
624,"6,942",211,合肥工业大学,信息安全,exact_school_major,1,0359,合肥工业大学,0V,信息安全,3,,"(有体检要求,具体参见学校章程)",物理,化学,6050,1_3_0359_5_0V
624,"6,942",211,哈尔滨工程大学,海洋工程类(船舶与海洋工程、港口航道与海岸工程、海洋机器人),unmatched_name_changed_or_not_in_2026_physics_plan,0,,,,,,,,,,,
624,"6,942",211,哈尔滨工程大学,航空航天类(飞行器设计与工程、飞行器动力工程、工程力学),unmatched_name_changed_or_not_in_2026_physics_plan,0,,,,,,,,,,,
624,"6,942",211,哈尔滨工程大学,机械类(机械设计制造及其自动化、工业设计),unmatched_name_changed_or_not_in_2026_physics_plan,0,,,,,,,,,,,
624,"6,942",211,哈尔滨工程大学,智能制造工程,unmatched_name_changed_or_not_in_2026_physics_plan,0,,,,,,,,,,,
624,"6,942",211,哈尔滨工程大学,核化工与核燃料工程,unmatched_name_changed_or_not_in_2026_physics_plan,0,,,,,,,,,,,
624,"6,942",211,暨南大学,计算机科学与技术,exact_school_major,1,0559,暨南大学,2F,计算机科学与技术,3,,(广州番禺校区),物理,化学,6850,1_3_0559_5_2F
624,"6,942",211,武汉理工大学,机械设计制造及其自动化,exact_school_major,1,0497,武汉理工大学,15,机械设计制造及其自动化,3,,,物理,化学,5850,1_3_0497_5_15
624,"6,942",211,河北工业大学,电子信息工程,exact_school_major,1,0080,河北工业大学,14,电子信息工程,2,,,物理,化学,5800,1_3_0080_5_14
624,"6,942",211,河海大学,通信工程,exact_school_major,1,0294,河海大学,XF,通信工程,2,,"(大一在南京相应校区学习,大二起在常州校区学习)",物理,化学,6380,1_3_0294_5_XF
624,"6,942",211,河海大学,自动化,unmatched_name_changed_or_not_in_2026_physics_plan,0,,,,,,,,,,,
624,"6,942",211,苏州大学,数学类[数学与应用数学、数学与应用数学(师范)],exact_school_major,1,0285,苏州大学,1F,数学类[数学与应用数学、数学与应用数学(师范)],2,,,物理,化学,6050,1_3_0285_5_1F
624,"6,942",211,苏州大学,智能制造工程,exact_school_major,1,0285,苏州大学,26,智能制造工程,2,,,物理,化学,5800,1_3_0285_5_26
624,"6,942",211,西南交通大学,轨道交通信号与控制,exact_school_major,1,0613,西南交通大学,08,轨道交通信号与控制,2,,,物理,化学,6240,1_3_0613_5_08
624,"6,942",211,西南财经大学,统计学类(统计学、数据科学),exact_school_major,1,0651,西南财经大学,17,统计学类(统计学、数据科学),5,,,物理,化学,6240,1_3_0651_5_17
624,"6,942",双非补充,深圳大学,电子科学与技术,unmatched_name_changed_or_not_in_2026_physics_plan,0,,,,,,,,,,,
623,"7,175",985,东北大学,经济管理试验班(工商管理、市场营销、会计学、工业工程、信息管理与信息系统、金融学、经济学),unmatched_name_changed_or_not_in_2026_physics_plan,0,,,,,,,,,,,
623,"7,175",985,东北大学秦皇岛分校,仪器类(智能光电感知)(测控技术与仪器、光电信息科学与工程),unmatched_name_changed_or_not_in_2026_physics_plan,0,,,,,,,,,,,
623,"7,175",985,东北大学秦皇岛分校,智能感知工程,exact_school_major,1,9145,东北大学秦皇岛分校,0F,智能感知工程,2,,,物理,化学,6240,1_3_9145_5_0F
623,"7,175",985,中央民族大学,法学类[法学、法学(涉外法治)],exact_school_major,1,0052,中央民族大学,23,法学类[法学、法学(涉外法治)],2,,,物理,无限制,5000,1_3_0052_5_23
623,"7,175",985,中央民族大学,电子信息类(电子信息工程、通信工程、人工智能),exact_school_major,1,0052,中央民族大学,55,电子信息类(电子信息工程、通信工程、人工智能),6,,,物理,化学,5300,1_3_0052_5_55
623,"7,175",985,吉林大学,工商管理,exact_school_major_multiple_plan_rows,2,0183,吉林大学,61,工商管理,3,,(工商管理-国际经济与贸易双学士学位复合型人才培养项目：商学与管理学院和经济学院联合建设),物理,无限制,8500,1_3_0183_5_61
623,"7,175",985,吉林大学,工商管理,exact_school_major_multiple_plan_rows,2,0183,吉林大学,63,工商管理,2,,(工商管理-法学双学士学位复合型人才培养项目：商学与管理学院和法学院联合建设),物理,无限制,8500,1_3_0183_5_63
623,"7,175",985,吉林大学,工业工程,exact_school_major,1,0183,吉林大学,90,工业工程,6,,,物理,化学,6070,1_3_0183_5_90
623,"7,175",985,吉林大学,工业设计,exact_school_major,1,0183,吉林大学,97,工业设计,10,,(含汽车造型与结构方向),物理,化学,6830,1_3_0183_5_97
623,"7,175",985,山东大学,环境科学与工程类(环境工程、环境科学),unmatched_name_changed_or_not_in_2026_physics_plan,0,,,,,,,,,,,
623,"7,175",985,湖南大学,少数民族预科班,exact_school_major,1,0532,湖南大学,91,少数民族预科班,1,,,物理,无限制,4000,1_3_0532_5_91
623,"7,175",211,上海大学,理科试验班类(数学与应用数学、应用物理学、理论与应用力学),unmatched_name_changed_or_not_in_2026_physics_plan,0,,,,,,,,,,,
623,"7,175",211,中国传媒大学,计算机科学与技术,exact_school_major_multiple_plan_rows,2,0033,中国传媒大学,62,计算机科学与技术,3,,,物理,化学,5500,1_3_0033_5_62
623,"7,175",211,中国传媒大学,计算机科学与技术,exact_school_major_multiple_plan_rows,2,0033,中国传媒大学,AB,计算机科学与技术,2,(高校专项计划),"(特控线上录取)(教育部高校专项计划,只投档符合报考条件的考生)",物理,化学,5500,1_3_0033_5_AB
623,"7,175",211,中国地质大学(北京),计算机科学与技术,exact_school_major,1,1415,中国地质大学(北京),12,计算机科学与技术,2,,"(一年级在北京校区,二年级起在雄安校区；不招单色识别不全)",物理,化学,5500,1_3_1415_5_12
623,"7,175",211,中国石油大学(北京),自动化,exact_school_major,1,1414,中国石油大学(北京),18,自动化,3,,,物理,化学,5200,1_3_1414_5_18
623,"7,175",211,中国石油大学(北京),人工智能,exact_school_major,1,1414,中国石油大学(北京),19,人工智能,2,,,物理,化学,5500,1_3_1414_5_19
623,"7,175",211,中国矿业大学,电气工程及其自动化,exact_school_major,1,0290,中国矿业大学,01,电气工程及其自动化,7,,,物理,化学,5800,1_3_0290_5_01
623,"7,175",211,中国矿业大学(北京),计算机科学与技术,exact_school_major,1,1413,中国矿业大学(北京),58,计算机科学与技术,2,,(专业录取的身体限制条件详见学校本科招生章程),物理,化学,5500,1_3_1413_5_58
623,"7,175",211,中国矿业大学(北京),电气工程及其自动化,exact_school_major,1,1413,中国矿业大学(北京),51,电气工程及其自动化,3,,,物理,化学,5500,1_3_1413_5_51
623,"7,175",211,北京科技大学,安全工程,unmatched_name_changed_or_not_in_2026_physics_plan,0,,,,,,,,,,,
623,"7,175",211,华东理工大学,材料类(新材料实验班)(电子信息材料、高分子材料与工程、无机非金属材料工程、复合材料与工程、新能源材料与器件),exact_school_major,1,0251,华东理工大学,19,材料类(新材料实验班)(电子信息材料、高分子材料与工程、无机非金属材料工程、复合材料与工程、新能源材料与器件),4,,(不招色弱、色盲、嗅觉迟钝者),物理,化学,7700,1_3_0251_5_19
623,"7,175",211,华北电力大学(北京),测控技术与仪器,exact_school_major,1,0054,华北电力大学(北京),0D,测控技术与仪器,2,,,物理,化学,5500,1_3_0054_5_0D
623,"7,175",211,华北电力大学(北京),辐射防护与核安全,exact_school_major,1,0054,华北电力大学(北京),0Q,辐射防护与核安全,1,,,物理,化学,5500,1_3_0054_5_0Q
623,"7,175",211,华南师范大学,数学与应用数学(师范),exact_school_major,1,0574,华南师范大学,0Z,数学与应用数学(师范),3,(师范类),"(大一学年在南海校园就读,之后回到石牌校园培养)",物理,化学,6850,1_3_0574_5_0Z
623,"7,175",211,南京理工大学,数学类(信息与计算科学、数学与应用数学、应用统计学),unmatched_name_changed_or_not_in_2026_physics_plan,0,,,,,,,,,,,
623,"7,175",211,南京航空航天大学,少数民族预科班,unmatched_name_changed_or_not_in_2026_physics_plan,0,,,,,,,,,,,
623,"7,175",211,合肥工业大学,机械设计制造及其自动化,unmatched_name_changed_or_not_in_2026_physics_plan,0,,,,,,,,,,,
623,"7,175",211,哈尔滨工程大学,能源动力类(能源与动力工程、轮机工程),unmatched_name_changed_or_not_in_2026_physics_plan,0,,,,,,,,,,,
623,"7,175",211,武汉理工大学,交通设备与控制工程(卓越实验班),unmatched_name_changed_or_not_in_2026_physics_plan,0,,,,,,,,,,,
623,"7,175",211,武汉理工大学,机械类(智能制造)(机械工程、智能制造工程、测控技术与仪器、工业工程),exact_school_major_multiple_plan_rows,2,0497,武汉理工大学,19,机械类(智能制造)(机械工程、智能制造工程、测控技术与仪器、工业工程),5,,,物理,化学,5850,1_3_0497_5_19
623,"7,175",211,武汉理工大学,机械类(智能制造)(机械工程、智能制造工程、测控技术与仪器、工业工程),exact_school_major_multiple_plan_rows,2,0497,武汉理工大学,AB,机械类(智能制造)(机械工程、智能制造工程、测控技术与仪器、工业工程),1,(高校专项计划),"(特控线上录取)(教育部高校专项计划,只投档符合报考条件的考生)",物理,化学,5850,1_3_0497_5_AB
623,"7,175",211,江南大学,食品科学与工程,exact_school_major,1,0295,江南大学,06,食品科学与工程,3,,(色盲、色弱及不能准确识别红、黄、绿、兰、紫各种颜色中任何一种颜色的导线、按键、信号灯、几何图形者不予录取),物理,化学,6380,1_3_0295_5_06
623,"7,175",211,河北工业大学,电子科学与技术,exact_school_major,1,0080,河北工业大学,15,电子科学与技术,3,,,物理,化学,5800,1_3_0080_5_15
623,"7,175",211,苏州大学,能源与动力工程,exact_school_major,1,0285,苏州大学,1Q,能源与动力工程,2,,,物理,化学,5800,1_3_0285_5_1Q
623,"7,175",211,苏州大学,机械工程,exact_school_major,1,0285,苏州大学,25,机械工程,2,,,物理,化学,5800,1_3_0285_5_25
623,"7,175",211,西南交通大学,数学与应用数学,exact_school_major,1,0613,西南交通大学,27,数学与应用数学,1,,,物理,化学,6240,1_3_0613_5_27
623,"7,175",211,西南交通大学,机械类(机械设计制造及其自动化、测控技术与仪器、工业工程),exact_school_major,1,0613,西南交通大学,15,机械类(机械设计制造及其自动化、测控技术与仪器、工业工程),5,,,物理,化学,6240,1_3_0613_5_15
623,"7,175",211,西南交通大学,车辆工程,exact_school_major,1,0613,西南交通大学,17,车辆工程,3,,,物理,化学,6240,1_3_0613_5_17
623,"7,175",211,西南交通大学,智能制造工程,exact_school_major,1,0613,西南交通大学,33,智能制造工程,3,,成都东部国际校区,物理,化学,6240,1_3_0613_5_33
623,"7,175",211,西南财经大学,金融学(经管国际化创新实验班),exact_school_major,1,0651,西南财经大学,26,金融学(经管国际化创新实验班),2,,,物理,无限制,8000,1_3_0651_5_26
623,"7,175",双非补充,深圳大学,光电信息科学与工程,exact_school_major,1,0590,深圳大学,B8,光电信息科学与工程,2,,,物理,化学,6853,1_3_0590_5_B8
623,"7,175",双非补充,深圳大学,临床医学(卓越班),unmatched_name_changed_or_not_in_2026_physics_plan,0,,,,,,,,,,,
622,"7,443",985,东北大学秦皇岛分校,信息管理与信息系统,exact_school_major,1,9145,东北大学秦皇岛分校,04,信息管理与信息系统,2,,,物理,无限制,6240,1_3_9145_5_04
622,"7,443",985,中国海洋大学,材料类(材料科学与工程、高分子材料与工程、新能源材料与器件),exact_school_major,1,0423,中国海洋大学,55,材料类(材料科学与工程、高分子材料与工程、新能源材料与器件),5,,,物理,化学,6600,1_3_0423_5_55
622,"7,443",985,兰州大学,生物科学(含基地班),unmatched_name_changed_or_not_in_2026_physics_plan,0,,,,,,,,,,,
622,"7,443",985,吉林大学,会计学,exact_school_major,1,0183,吉林大学,58,会计学,12,,"[按大类招生,含会计学、财务管理专业(含数智化决策培养方向)]",物理,无限制,5520,1_3_0183_5_58
622,"7,443",985,吉林大学,工程管理,exact_school_major,1,0183,吉林大学,68,工程管理,3,,(工程管理-智能制造工程双学士学位复合型人才培养项目：商学与管理学院和机械与航空航天工程学院联合建设),物理,无限制,8800,1_3_0183_5_68
622,"7,443",985,吉林大学,生物医学科学,exact_school_major,1,0183,吉林大学,AS,生物医学科学,2,,,物理,化学,6440,1_3_0183_5_AS
622,"7,443",985,哈尔滨工业大学,化学(中外合作办学),exact_school_major,1,0213,哈尔滨工业大学,18,化学(中外合作办学),10,,"(该专业是与俄罗斯圣彼得堡国立大学合作。学生入学后不得转专业,“4+0”培养,中英文授课)",物理,化学,68000,1_3_0213_5_18
622,"7,443",985,大连理工大学,数学与应用数学(中外合作办学),exact_school_major,1,0141,大连理工大学,63,数学与应用数学(中外合作办学),8,,"(与白俄罗斯国立大学合作,零起点学习俄语,部分课程采用英语授课,非英语语种考生慎重报考)",物理,化学,60000,1_3_0141_5_63
622,"7,443",985,湖南大学,金融学,unmatched_name_changed_or_not_in_2026_physics_plan,0,,,,,,,,,,,
622,"7,443",985,西北农林科技大学,电子信息工程,exact_school_major,1,0712,西北农林科技大学,02,电子信息工程,2,,,物理,化学,6600,1_3_0712_5_02
622,"7,443",211,中国地质大学(北京),软件工程,exact_school_major,1,1415,中国地质大学(北京),16,软件工程,2,,"(一年级在北京校区,二年级起在雄安校区)",物理,化学,5500,1_3_1415_5_16
622,"7,443",211,中国地质大学(北京),数据科学与大数据技术,exact_school_major,1,1415,中国地质大学(北京),17,数据科学与大数据技术,2,,"(一年级在北京校区,二年级起在雄安校区；不招单色识别不全)",物理,化学,5500,1_3_1415_5_17
622,"7,443",211,中国地质大学(北京),人工智能,exact_school_major,1,1415,中国地质大学(北京),18,人工智能,2,,"(一年级在北京校区,二年级起在雄安校区)",物理,化学,5500,1_3_1415_5_18
622,"7,443",211,中国药科大学,生物制药,exact_school_major,1,0316,中国药科大学,08,生物制药,5,,(不招色盲色弱),物理,化学,6380,1_3_0316_5_08
622,"7,443",211,北京科技大学,能源动力类(能源、环境专业)(能源与动力工程、新能源科学与工程、环境工程、环境科学),unmatched_name_changed_or_not_in_2026_physics_plan,0,,,,,,,,,,,
622,"7,443",211,华东理工大学,化学(教育部拔尖基地班),exact_school_major,1,0251,华东理工大学,13,化学(教育部拔尖基地班),2,,(不招色弱、色盲、嗅觉迟钝者),物理,化学,7700,1_3_0251_5_13
622,"7,443",211,华北电力大学(保定),集成电路设计与集成系统,exact_school_major,1,0079,华北电力大学(保定),06,集成电路设计与集成系统,3,,,物理,化学,5500,1_3_0079_5_06
622,"7,443",211,华北电力大学(北京),碳储科学与工程,exact_school_major,1,0054,华北电力大学(北京),0R,碳储科学与工程,1,,,物理,化学,5500,1_3_0054_5_0R
622,"7,443",211,南京师范大学,电气工程及其自动化,unmatched_name_changed_or_not_in_2026_physics_plan,0,,,,,,,,,,,
622,"7,443",211,合肥工业大学,智能制造工程,exact_school_major,1,0359,合肥工业大学,0J,智能制造工程,6,,,物理,化学,6050,1_3_0359_5_0J
622,"7,443",211,合肥工业大学,光电信息科学与工程,exact_school_major,1,0359,合肥工业大学,1J,光电信息科学与工程,3,,,物理,化学,6050,1_3_0359_5_1J
622,"7,443",211,合肥工业大学,车辆工程,unmatched_name_changed_or_not_in_2026_physics_plan,0,,,,,,,,,,,
622,"7,443",211,哈尔滨工程大学,材料类(材料科学与工程、化学工程与工艺),unmatched_name_changed_or_not_in_2026_physics_plan,0,,,,,,,,,,,
622,"7,443",211,哈尔滨工程大学,新能源材料与器件,exact_school_major,1,0217,哈尔滨工程大学,B3,新能源材料与器件,2,(高校专项计划),"(特控线上录取)(教育部高校专项计划,只投档符合报考条件的考生)",物理,化学,5500,1_3_0217_5_B3
622,"7,443",211,天津医科大学,眼视光医学,exact_school_major,1,0062,天津医科大学,2M,眼视光医学,2,,(色盲、色弱考生不予录取),物理,地理,5800,1_3_0062_5_2M
622,"7,443",211,暨南大学,软件工程,exact_school_major,1,0559,暨南大学,2B,软件工程,4,,(广州番禺校区),物理,化学,6850,1_3_0559_5_2B
622,"7,443",211,武汉理工大学,机械类(车辆)(车辆工程、汽车服务工程、能源与动力工程、储能科学与工程),exact_school_major,1,0497,武汉理工大学,18,机械类(车辆)(车辆工程、汽车服务工程、能源与动力工程、储能科学与工程),6,,,物理,化学,5850,1_3_0497_5_18
622,"7,443",211,江南大学,微电子科学与工程,exact_school_major,1,0295,江南大学,33,微电子科学与工程,3,,,物理,化学,6380,1_3_0295_5_33
622,"7,443",211,河海大学,机器人工程,exact_school_major,1,0294,河海大学,XD,机器人工程,2,,"(大一在南京相应校区学习,大二起在常州校区学习)",物理,化学,5800,1_3_0294_5_XD
622,"7,443",211,河海大学,物联网工程,exact_school_major,1,0294,河海大学,XG,物联网工程,2,,"(大一在南京相应校区学习,大二起在常州校区学习)",物理,化学,6380,1_3_0294_5_XG
622,"7,443",211,河海大学,智能科学与技术,exact_school_major,1,0294,河海大学,XM,智能科学与技术,2,,"(大一在南京相应校区学习,大二起在常州校区学习)",物理,化学,6380,1_3_0294_5_XM
622,"7,443",211,苏州大学,轨道交通信号与控制,unmatched_name_changed_or_not_in_2026_physics_plan,0,,,,,,,,,,,
622,"7,443",211,西南交通大学,智慧交通,exact_school_major,1,0613,西南交通大学,36,智慧交通,1,,成都东部国际校区,物理,化学,6240,1_3_0613_5_36
622,"7,443",211,西南财经大学,精算学,exact_school_major,1,0651,西南财经大学,07,精算学,1,,,物理,无限制,5760,1_3_0651_5_07
622,"7,443",211,西南财经大学,计算机类(人工智能、计算机科学与技术、网络空间安全、数据科学与大数据技术),exact_school_major,1,0651,西南财经大学,28,计算机类(人工智能、计算机科学与技术、网络空间安全、数据科学与大数据技术),5,,,物理,化学,6240,1_3_0651_5_28
622,"7,443",211,西安电子科技大学,电子信息工程(中外合作办学),exact_school_major,1,0701,西安电子科技大学,23,电子信息工程(中外合作办学),5,,"(较高学费专业,与法国蔚蓝海岸大学合作办学。学生第一学年结束时需达到法语水平测试A2标准方可升入第二学年,第二学年结束时需达到法语水平测试B1标准方可升入第三学年,最终达到法语水平测试B2标准才能获得西安电子科技大学和法国蔚蓝海岸大学的双本科学位)",物理,化学,70000,1_3_0701_5_23
622,"7,443",双非补充,深圳大学,通信工程,exact_school_major,1,0590,深圳大学,14,通信工程,4,,,物理,化学,6853,1_3_0590_5_14
622,"7,443",双非补充,深圳大学,信息管理与信息系统(创新班),exact_school_major,1,0590,深圳大学,22,信息管理与信息系统(创新班),1,,,物理,无限制,6061,1_3_0590_5_22
622,"7,443",双非补充,深圳大学,生物医学工程(医疗科创卓越班),unmatched_name_changed_or_not_in_2026_physics_plan,0,,,,,,,,,,,
621,"7,691",985,东北大学,少数民族预科班,unmatched_name_changed_or_not_in_2026_physics_plan,0,,,,,,,,,,,
621,"7,691",985,中国海洋大学,大气科学,exact_school_major,1,0423,中国海洋大学,01,大气科学,2,,(入校后可选拔至大气科学拔尖班),物理,化学,6600,1_3_0423_5_01
621,"7,691",985,兰州大学,应用气象学(智慧气象创新班),exact_school_major,1,0730,兰州大学,96,应用气象学(智慧气象创新班),2,,(不招色盲、单色识别不全考生),物理,化学,5800,1_3_0730_5_96
621,"7,691",985,华南理工大学,工业设计(中外合作办学),exact_school_major,1,0561,华南理工大学,42,工业设计(中外合作办学),3,,"(“4+0”培养模式,与日本千叶大学中外合作办学项目,具体培养模式和学习费用请查看学校网站。非英语、日语语种考生谨慎报考。入学后不可转专业)",物理,化学,68000,1_3_0561_5_42
621,"7,691",985,吉林大学,政治学与行政学,exact_school_major,1,0183,吉林大学,57,政治学与行政学,2,,"(按大类招生,含政治学与行政学、国际政治、行政管理专业)",物理,C,6070,1_3_0183_5_57
621,"7,691",985,吉林大学,金融科技,exact_school_major,1,0183,吉林大学,59,金融科技,3,,,物理,无限制,5520,1_3_0183_5_59
621,"7,691",985,吉林大学,药学,exact_school_major,1,0183,吉林大学,AW,药学,2,,,物理,化学,7080,1_3_0183_5_AW
621,"7,691",985,哈尔滨工业大学,智慧建筑与建造(中外合作办学),exact_school_major,1,0213,哈尔滨工业大学,15,智慧建筑与建造(中外合作办学),7,,"(该专业与意大利都灵理工大学合作。学生入学后不得转专业,“4+0”培养,中英文授课)",物理,无限制,70000,1_3_0213_5_15
621,"7,691",985,湖南大学,工商管理,unmatched_name_changed_or_not_in_2026_physics_plan,0,,,,,,,,,,,
621,"7,691",211,东华大学,数据科学与大数据技术,unmatched_name_changed_or_not_in_2026_physics_plan,0,,,,,,,,,,,
621,"7,691",211,东华大学,计算机类(软件工程、计算机科学与技术、信息安全),unmatched_name_changed_or_not_in_2026_physics_plan,0,,,,,,,,,,,
621,"7,691",211,东华大学,人工智能,exact_school_major,1,0255,东华大学,23,人工智能,6,,,物理,化学,7000,1_3_0255_5_23
621,"7,691",211,中南财经政法大学,金融学类(金融学、投资学),exact_school_major,1,0520,中南财经政法大学,09,金融学类(金融学、投资学),2,,(本专业类内专业任选),物理,无限制,5850,1_3_0520_5_09
621,"7,691",211,中国传媒大学,数据科学与大数据技术,exact_school_major,1,0033,中国传媒大学,61,数据科学与大数据技术,3,,,物理,化学,5500,1_3_0033_5_61
621,"7,691",211,中国地质大学(北京),电气工程及其自动化,exact_school_major,1,1415,中国地质大学(北京),13,电气工程及其自动化,1,,"(一年级在北京校区,二年级起在雄安校区)",物理,化学,5500,1_3_1415_5_13
621,"7,691",211,中国地质大学(武汉),计算机类(计算机科学与技术、软件工程、信息安全、智能科学与技术、空间信息与数字技术、数据科学与大数据技术),unmatched_name_changed_or_not_in_2026_physics_plan,0,,,,,,,,,,,
621,"7,691",211,中国石油大学(北京),新能源科学与工程,exact_school_major,1,1414,中国石油大学(北京),17,新能源科学与工程,2,,,物理,化学,5500,1_3_1414_5_17
621,"7,691",211,中国石油大学(华东),计算机科学与技术,exact_school_major,1,0425,中国石油大学(华东),40,计算机科学与技术,3,,(入学后可选拔进入人工智能类特色班),物理,化学,6600,1_3_0425_5_40
621,"7,691",211,中国药科大学,药学类(药学、药物制剂、药物分析、药物化学),exact_school_major,1,0316,中国药科大学,03,药学类(药学、药物制剂、药物分析、药物化学),20,,(不招色盲色弱),物理,化学,7480,1_3_0316_5_03
621,"7,691",211,中央财经大学,少数民族预科班,exact_school_major,1,0034,中央财经大学,91,少数民族预科班,2,,[预科结业时可转入的本科专业包括:财政学类2人、工商管理类(会计学院)2人、保险学2人、劳动与社会保障(精算学-社保双学位项目)2人、统计学类2人、经济与贸易类2人、经济学类(智能经济)2人、工商管理类(商学院)4人、管理科学与工程类3人、投资学(含投资学与大数据双学位项目2个专业)1人、应用心理学(经济心理学)2人、计算机类2人、电子商务(商务智能)3人],物理,无限制,5000,1_3_0034_5_91
621,"7,691",211,北京化工大学,计算机类(电子信息工程、人工智能、计算机科学与技术),unmatched_name_changed_or_not_in_2026_physics_plan,0,,,,,,,,,,,
621,"7,691",211,华北电力大学(保定),工业工程,unmatched_name_changed_or_not_in_2026_physics_plan,0,,,,,,,,,,,
621,"7,691",211,华北电力大学(保定),计算机科学与技术,exact_school_major_multiple_plan_rows,2,0079,华北电力大学(保定),07,计算机科学与技术,3,,,物理,化学,5500,1_3_0079_5_07
621,"7,691",211,华北电力大学(保定),计算机科学与技术,exact_school_major_multiple_plan_rows,2,0079,华北电力大学(保定),AB,计算机科学与技术,1,(高校专项计划),"(特控线上录取)(教育部高校专项计划,只投档符合报考条件的考生)",物理,化学,5500,1_3_0079_5_AB
621,"7,691",211,华北电力大学(北京),水利水电工程(工商双学士学位),exact_school_major,1,0054,华北电力大学(北京),0V,水利水电工程(工商双学士学位),1,,,物理,化学,5000,1_3_0054_5_0V
621,"7,691",211,南京师范大学,计算机科学与技术,exact_school_major,1,0319,南京师范大学,76,计算机科学与技术,2,,,物理,化学,6380,1_3_0319_5_76
621,"7,691",211,合肥工业大学,测控技术与仪器,exact_school_major,1,0359,合肥工业大学,1H,测控技术与仪器,4,,,物理,化学,5500,1_3_0359_5_1H
621,"7,691",211,哈尔滨工程大学,数学与应用数学,unmatched_name_changed_or_not_in_2026_physics_plan,0,,,,,,,,,,,
621,"7,691",211,大连海事大学,法学,exact_school_major,1,0151,大连海事大学,19,法学,10,,,物理,无限制,5520,1_3_0151_5_19
621,"7,691",211,安徽大学,计算机科学与技术,exact_school_major,1,0357,安徽大学,0E,计算机科学与技术,3,,,物理,化学,6480,1_3_0357_5_0E
621,"7,691",211,安徽大学,电子信息工程,exact_school_major,1,0357,安徽大学,0L,电子信息工程,3,,,物理,化学,6480,1_3_0357_5_0L
621,"7,691",211,暨南大学,光电信息科学与工程(创新班),exact_school_major,1,0559,暨南大学,6A,光电信息科学与工程(创新班),2,,(广州番禺校区),物理,化学,6850,1_3_0559_5_6A
621,"7,691",211,武汉理工大学,能源与动力工程(新能源动力),exact_school_major,1,0497,武汉理工大学,16,能源与动力工程(新能源动力),2,,,物理,化学,5850,1_3_0497_5_16
621,"7,691",211,武汉理工大学,船舶与海洋工程,exact_school_major,1,0497,武汉理工大学,22,船舶与海洋工程,6,,,物理,化学,4500,1_3_0497_5_22
621,"7,691",211,江南大学,自动化,exact_school_major,1,0295,江南大学,31,自动化,5,,,物理,化学,6380,1_3_0295_5_31
621,"7,691",211,河北工业大学,机械设计制造及其自动化,exact_school_major,1,0080,河北工业大学,04,机械设计制造及其自动化,2,,,物理,化学,5800,1_3_0080_5_04
621,"7,691",211,河北工业大学,机器人工程,exact_school_major,1,0080,河北工业大学,27,机器人工程,2,,,物理,化学,5800,1_3_0080_5_27
621,"7,691",211,苏州大学,生物制药,exact_school_major,1,0285,苏州大学,2S,生物制药,2,,(不招色弱、色盲、单色识别不全者),物理,化学,6380,1_3_0285_5_2S
621,"7,691",211,西南财经大学,工商管理类(会计学院)[会计学(大数据会计)、财务管理、审计学],unmatched_name_changed_or_not_in_2026_physics_plan,0,,,,,,,,,,,
621,"7,691",211,西南财经大学,数学与应用数学(数学与经济学双学位),exact_school_major,1,0651,西南财经大学,37,数学与应用数学(数学与经济学双学位),2,,,物理,化学,6240,1_3_0651_5_37
621,"7,691",211,西南财经大学,金融数学,exact_school_major,1,0651,西南财经大学,38,金融数学,1,,,物理,无限制,5760,1_3_0651_5_38
621,"7,691",211,西安电子科技大学,通信工程(中外合作办学),exact_school_major,1,0701,西安电子科技大学,22,通信工程(中外合作办学),5,,"(较高学费专业,与英国赫瑞-瓦特大学合办)",物理,化学,80000,1_3_0701_5_22
621,"7,691",211,长安大学,工科试验班(计算机长安学堂计划)(计算机科学与技术),unmatched_name_changed_or_not_in_2026_physics_plan,0,,,,,,,,,,,
621,"7,691",双非补充,深圳大学,机械设计制造及其自动化,exact_school_major,1,0590,深圳大学,42,机械设计制造及其自动化,3,,"(学费约6230-6853元/学年,以广东省物价部门最新批准数为准)",物理,化学,待定,1_3_0590_5_42
621,"7,691",双非补充,深圳大学,信息与计算科学,exact_school_major,1,0590,深圳大学,93,信息与计算科学,2,,,物理,化学,6853,1_3_0590_5_93
620,"7,935",985,中国海洋大学,港口航道与海岸工程,exact_school_major,1,0423,中国海洋大学,24,港口航道与海岸工程,2,,,物理,化学,6600,1_3_0423_5_24
620,"7,935",985,中央民族大学,光电信息科学与工程,exact_school_major,1,0052,中央民族大学,54,光电信息科学与工程,4,,,物理,化学,5300,1_3_0052_5_54
620,"7,935",985,兰州大学,材料类(材料物理、材料化学、新能源材料与器件),unmatched_name_changed_or_not_in_2026_physics_plan,0,,,,,,,,,,,
620,"7,935",985,兰州大学,大气科学(含基地班),unmatched_name_changed_or_not_in_2026_physics_plan,0,,,,,,,,,,,
620,"7,935",985,吉林大学,交通运输类(交通运输、交通工程、道路桥梁与渡河工程),unmatched_name_changed_or_not_in_2026_physics_plan,0,,,,,,,,,,,
620,"7,935",985,吉林大学,环境科学与工程类(环境科学、环境工程),exact_school_major_multiple_plan_rows,2,0183,吉林大学,AF,环境科学与工程类(环境科学、环境工程),2,(高校专项计划),"(实行“类内专业分流任选”,100%按照学生意愿分流)(特控线上录取)(教育部高校专项计划,只投档符合报考条件的考生)",物理,化学,6830,1_3_0183_5_AF
620,"7,935",985,吉林大学,环境科学与工程类(环境科学、环境工程),exact_school_major_multiple_plan_rows,2,0183,吉林大学,AL,环境科学与工程类(环境科学、环境工程),4,,"(实行“类内专业分流任选”,100%按照学生意愿分流)",物理,化学,6830,1_3_0183_5_AL
620,"7,935",985,湖南大学,经济学类(经济学、财政学、国际经济与贸易),unmatched_name_changed_or_not_in_2026_physics_plan,0,,,,,,,,,,,
620,"7,935",985,西北农林科技大学,计算机类(计算机科学与技术、软件工程、数据科学与大数据技术),exact_school_major,1,0712,西北农林科技大学,03,计算机类(计算机科学与技术、软件工程、数据科学与大数据技术),6,,,物理,化学,6600,1_3_0712_5_03
620,"7,935",211,东华大学,智能制造工程,exact_school_major,1,0255,东华大学,28,智能制造工程,4,,,物理,化学,7000,1_3_0255_5_28
620,"7,935",211,东华大学,智能科学与技术,unmatched_name_changed_or_not_in_2026_physics_plan,0,,,,,,,,,,,
620,"7,935",211,东华大学,理科试验班(数据科学与大数据技术、信息管理与信息系统、软件工程、计算机科学与技术、信息安全、电气工程及其自动化、自动化、通信工程、电子信息工程、数学与应用数学、统计学、人工智能等),unmatched_name_changed_or_not_in_2026_physics_plan,0,,,,,,,,,,,
620,"7,935",211,中国传媒大学,通信工程,exact_school_major,1,0033,中国传媒大学,55,通信工程,3,,,物理,化学,5500,1_3_0033_5_55
620,"7,935",211,中国地质大学(武汉),电子信息类(电子信息工程、通信工程),unmatched_name_changed_or_not_in_2026_physics_plan,0,,,,,,,,,,,
620,"7,935",211,中国石油大学(北京),机械类(机器人工程、机械设计制造及其自动化),exact_school_major,1,1414,中国石油大学(北京),08,机械类(机器人工程、机械设计制造及其自动化),5,,,物理,化学,5200,1_3_1414_5_08
620,"7,935",211,中国石油大学(华东),电气工程及其自动化,exact_school_major,1,0425,中国石油大学(华东),30,电气工程及其自动化,4,,(入学后可选拔进入碳中和未来班、卓越工程师班),物理,化学,6600,1_3_0425_5_30
620,"7,935",211,中国石油大学(华东),电子信息工程,exact_school_major,1,0425,中国石油大学(华东),31,电子信息工程,2,,(入学后可选拔进入海洋信息技术特色班),物理,化学,6600,1_3_0425_5_31
620,"7,935",211,中国矿业大学,自动化,exact_school_major,1,0290,中国矿业大学,04,自动化,4,,,物理,化学,5800,1_3_0290_5_04
620,"7,935",211,中国矿业大学(北京),人工智能,exact_school_major,1,1413,中国矿业大学(北京),59,人工智能,3,,,物理,化学,5500,1_3_1413_5_59
620,"7,935",211,中国药科大学,生物技术,exact_school_major,1,0316,中国药科大学,09,生物技术,2,,(不招色盲色弱),物理,化学,6050,1_3_0316_5_09
620,"7,935",211,北京化工大学,工科试验班(宏德书院)(化学工程与工艺、高分子材料与工程),unmatched_name_changed_or_not_in_2026_physics_plan,0,,,,,,,,,,,
620,"7,935",211,北京科技大学,大数据管理与应用(大数据与金融试验班),exact_school_major,1,0008,北京科技大学,26,大数据管理与应用(大数据与金融试验班),2,,"(大一学年结束后可分流至大数据管理与应用、信息管理与信息系统、金融工程专业,其中大数据管理与应用专业整体分流接收比例50%)",物理,无限制,5000,1_3_0008_5_26
620,"7,935",211,华东理工大学,高分子材料与工程(民族班，只招少数民族考生),unmatched_name_changed_or_not_in_2026_physics_plan,0,,,,,,,,,,,
620,"7,935",211,华北电力大学(保定),能源与动力工程,exact_school_major_multiple_plan_rows,2,0079,华北电力大学(保定),0J,能源与动力工程,6,,,物理,化学,5500,1_3_0079_5_0J
620,"7,935",211,华北电力大学(保定),能源与动力工程,exact_school_major_multiple_plan_rows,2,0079,华北电力大学(保定),AC,能源与动力工程,1,(高校专项计划),"(特控线上录取)(教育部高校专项计划,只投档符合报考条件的考生)",物理,化学,5500,1_3_0079_5_AC
620,"7,935",211,华北电力大学(保定),智能感知工程,exact_school_major,1,0079,华北电力大学(保定),0D,智能感知工程,2,,,物理,化学,5500,1_3_0079_5_0D
620,"7,935",211,华北电力大学(北京),水利水电工程,unmatched_name_changed_or_not_in_2026_physics_plan,0,,,,,,,,,,,
620,"7,935",211,合肥工业大学,飞行器制造工程,exact_school_major,1,0359,合肥工业大学,2D,飞行器制造工程,4,,,物理,化学,6050,1_3_0359_5_2D
620,"7,935",211,哈尔滨工程大学,大数据管理与应用,unmatched_name_changed_or_not_in_2026_physics_plan,0,,,,,,,,,,,
620,"7,935",211,天津医科大学,基础医学(朱宪彝班),exact_school_major,1,0062,天津医科大学,2B,基础医学(朱宪彝班),1,,(色盲、色弱考生不予录取),物理,地理,5800,1_3_0062_5_2B
620,"7,935",211,太原理工大学,计算机科学与技术(试验班),exact_school_major,1,0112,太原理工大学,3U,计算机科学与技术(试验班),2,,(明向校区),物理,化学,5500,1_3_0112_5_3U
620,"7,935",211,暨南大学,电气工程及其自动化,exact_school_major,1,0559,暨南大学,5A,电气工程及其自动化,4,,(珠海校区),物理,化学,6850,1_3_0559_5_5A
620,"7,935",211,武汉理工大学,材料类(材料成型及控制工程、材料科学与工程、无机非金属材料工程、高分子材料与工程、复合材料与工程、新能源材料与器件),exact_school_major,1,0497,武汉理工大学,21,材料类(材料成型及控制工程、材料科学与工程、无机非金属材料工程、高分子材料与工程、复合材料与工程、新能源材料与器件),6,,,物理,化学,4500,1_3_0497_5_21
620,"7,935",211,武汉理工大学,数学类(信息与计算科学、统计学),exact_school_major,1,0497,武汉理工大学,17,数学类(信息与计算科学、统计学),3,,,物理,化学,4500,1_3_0497_5_17
620,"7,935",211,江南大学,光电信息科学与工程,exact_school_major,1,0295,江南大学,36,光电信息科学与工程,2,,,物理,化学,5800,1_3_0295_5_36
620,"7,935",211,河海大学,水利水电工程,exact_school_major,1,0294,河海大学,B1,水利水电工程,7,,"(大一、大三、大四在南京相应校区学习,大二在常州校区学习)",物理,化学,6380,1_3_0294_5_B1
620,"7,935",211,河海大学,智能制造工程,exact_school_major,1,0294,河海大学,XC,智能制造工程,3,,"(大一在南京相应校区学习,大二起在常州校区学习)",物理,化学,5800,1_3_0294_5_XC
620,"7,935",211,湖南师范大学,化学(师范),exact_school_major,1,0542,湖南师范大学,P0,化学(师范),2,(师范类),(含世承书院浩青班),物理,化学,4000,1_3_0542_5_P0
620,"7,935",211,苏州大学,物理学,exact_school_major,1,0285,苏州大学,1J,物理学,2,,,物理,化学,6050,1_3_0285_5_1J
620,"7,935",211,西南交通大学,电子信息工程(中外合作办学),exact_school_major,1,0613,西南交通大学,67,电子信息工程(中外合作办学),2,,"(西南交通大学与英国利兹大学合作办学,建议小语种考生慎重报考。成都东部国际校区)",物理,化学,100000,1_3_0613_5_67
620,"7,935",211,长安大学,车辆工程,exact_school_major,1,0710,长安大学,02,车辆工程,3,,"(按类招,含车辆工程、智能车辆工程、汽车服务工程,上述三个专业分流任选)",物理,化学,6600,1_3_0710_5_02
620,"7,935",211,长安大学,电气工程及其自动化,exact_school_major,1,0710,长安大学,39,电气工程及其自动化,3,,,物理,化学,6600,1_3_0710_5_39
620,"7,935",211,陕西师范大学,化学类[化学(师范)、化学(笃学班)、化学(创新实验班)、应用化学],unmatched_name_changed_or_not_in_2026_physics_plan,0,,,,,,,,,,,
619,"8,169",985,中国农业大学,生物工程(营养与健康方向),unmatched_name_changed_or_not_in_2026_physics_plan,0,,,,,,,,,,,
619,"8,169",985,中国海洋大学,化学,exact_school_major,1,0423,中国海洋大学,10,化学,3,,,物理,化学,6600,1_3_0423_5_10
619,"8,169",985,中国海洋大学,海洋资源与环境,exact_school_major,1,0423,中国海洋大学,18,海洋资源与环境,2,,,物理,化学,6600,1_3_0423_5_18
619,"8,169",985,中央民族大学,工商管理类(工商管理、会计学、财务管理、人力资源管理),exact_school_major,1,0052,中央民族大学,35,工商管理类(工商管理、会计学、财务管理、人力资源管理),2,,,物理,无限制,5000,1_3_0052_5_35
619,"8,169",985,中央民族大学,信息与计算科学,exact_school_major,1,0052,中央民族大学,51,信息与计算科学,4,,,物理,化学,5300,1_3_0052_5_51
619,"8,169",985,兰州大学,理论与应用力学(基地班),exact_school_major,1,0730,兰州大学,52,理论与应用力学(基地班),3,,,物理,化学,5800,1_3_0730_5_52
619,"8,169",985,吉林大学,经济学(数量经济),exact_school_major,1,0183,吉林大学,60,经济学(数量经济),3,,,物理,无限制,6070,1_3_0183_5_60
619,"8,169",985,大连理工大学,应用物理学(中外合作办学),exact_school_major,1,0141,大连理工大学,61,应用物理学(中外合作办学),8,,"(不招色盲考生。与白俄罗斯国立大学合作,零起点学习俄语,部分课程采用英语授课,非英语语种考生慎重报考)",物理,化学,60000,1_3_0141_5_61
619,"8,169",985,西北农林科技大学,光电信息科学与工程,exact_school_major,1,0712,西北农林科技大学,04,光电信息科学与工程,2,,,物理,化学,6600,1_3_0712_5_04
619,"8,169",211,东华大学,电子信息类(电气工程及其自动化、自动化、通信工程、电子信息工程),unmatched_name_changed_or_not_in_2026_physics_plan,0,,,,,,,,,,,
619,"8,169",211,中南财经政法大学,计算机类[计算机科学与技术、信息安全、人工智能(会计双学位)],unmatched_name_changed_or_not_in_2026_physics_plan,0,,,,,,,,,,,
619,"8,169",211,中国传媒大学,智能视听工程,exact_school_major,1,0033,中国传媒大学,56,智能视听工程,3,,,物理,化学,5500,1_3_0033_5_56
619,"8,169",211,中国地质大学(北京),地质学(燕山书院创新班),exact_school_major,1,1415,中国地质大学(北京),01,地质学(燕山书院创新班),1,,(不招色盲、色弱、单色识别不全),物理,化学,5500,1_3_1415_5_01
619,"8,169",211,中国石油大学(华东),人工智能,exact_school_major,1,0425,中国石油大学(华东),39,人工智能,2,,(入学后可选拔进入人工智能类特色班),物理,化学,6600,1_3_0425_5_39
619,"8,169",211,中国矿业大学,集成电路设计与集成系统,exact_school_major,1,0290,中国矿业大学,03,集成电路设计与集成系统,3,,,物理,化学,5800,1_3_0290_5_03
619,"8,169",211,中国药科大学,化妆品科学与技术,exact_school_major,1,0316,中国药科大学,06,化妆品科学与技术,4,,(不招色盲色弱),物理,化学,7480,1_3_0316_5_06
619,"8,169",211,北京化工大学,化学(基础拔尖),unmatched_name_changed_or_not_in_2026_physics_plan,0,,,,,,,,,,,
619,"8,169",211,北京林业大学,电气工程及其自动化,exact_school_major,1,0022,北京林业大学,42,电气工程及其自动化,4,,"(一二年级在北京校区培养,三年级起在雄安校区培养)",物理,化学,5500,1_3_0022_5_42
619,"8,169",211,华东理工大学,物理学类(应用物理学、光电信息科学与工程),exact_school_major,1,0251,华东理工大学,07,物理学类(应用物理学、光电信息科学与工程),6,,(不招色盲者),物理,化学,7000,1_3_0251_5_07
619,"8,169",211,华北电力大学(保定),储能科学与工程,exact_school_major,1,0079,华北电力大学(保定),0K,储能科学与工程,2,,,物理,化学,5500,1_3_0079_5_0K
619,"8,169",211,华北电力大学(保定),氢能科学与工程,exact_school_major,1,0079,华北电力大学(保定),0L,氢能科学与工程,2,,,物理,化学,5500,1_3_0079_5_0L
619,"8,169",211,华北电力大学(保定),智能制造工程,exact_school_major,1,0079,华北电力大学(保定),0P,智能制造工程,2,,,物理,化学,5500,1_3_0079_5_0P
619,"8,169",211,华北电力大学(保定),软件工程,exact_school_major,1,0079,华北电力大学(保定),08,软件工程,3,,,物理,化学,5500,1_3_0079_5_08
619,"8,169",211,大连海事大学,人工智能,exact_school_major,1,0151,大连海事大学,25,人工智能,7,,,物理,化学,5200,1_3_0151_5_25
619,"8,169",211,太原理工大学,电气工程及其自动化,exact_school_major,1,0112,太原理工大学,2F,电气工程及其自动化,3,,(明向校区),物理,化学,5500,1_3_0112_5_2F
619,"8,169",211,江南大学,物联网工程,exact_school_major,1,0295,江南大学,29,物联网工程,4,,,物理,化学,6380,1_3_0295_5_29
619,"8,169",211,河海大学,数学类(数学与应用数学、信息与计算科学),exact_school_major,1,0294,河海大学,N1,数学类(数学与应用数学、信息与计算科学),2,,"(大一、大三、大四在南京相应校区学习,大二在常州校区学习)",物理,化学,5500,1_3_0294_5_N1
619,"8,169",211,湖南师范大学,数学与应用数学(师范),exact_school_major,1,0542,湖南师范大学,M2,数学与应用数学(师范),6,(师范类),(含世承书院天问班),物理,化学,4000,1_3_0542_5_M2
619,"8,169",211,西南交通大学,能源动力类(建筑环境与能源应用工程、能源与动力工程),exact_school_major,1,0613,西南交通大学,18,能源动力类(建筑环境与能源应用工程、能源与动力工程),2,,,物理,化学,6240,1_3_0613_5_18
619,"8,169",211,长安大学,工科试验班(智能制造长安学堂计划)(智能制造工程),unmatched_name_changed_or_not_in_2026_physics_plan,0,,,,,,,,,,,
618,"8,439",985,东北大学秦皇岛分校,材料类(材料成型及控制工程、材料科学与工程、冶金工程、资源勘查工程、环境工程),exact_school_major,1,9145,东北大学秦皇岛分校,08,材料类(材料成型及控制工程、材料科学与工程、冶金工程、资源勘查工程、环境工程),12,,,物理,化学,6240,1_3_9145_5_08
618,"8,439",985,中国海洋大学,海洋资源开发技术,exact_school_major,1,0423,中国海洋大学,21,海洋资源开发技术,2,,,物理,化学,6600,1_3_0423_5_21
618,"8,439",985,中央民族大学,统计学类(统计学、应用统计学),exact_school_major,1,0052,中央民族大学,52,统计学类(统计学、应用统计学),4,,,物理,化学,5300,1_3_0052_5_52
618,"8,439",985,中央民族大学,纳米材料与技术,exact_school_major,1,0052,中央民族大学,53,纳米材料与技术,4,,,物理,化学,5300,1_3_0052_5_53
618,"8,439",985,兰州大学,化学类(含基地班)(化学、应用化学),unmatched_name_changed_or_not_in_2026_physics_plan,0,,,,,,,,,,,
618,"8,439",985,兰州大学,应用化学(放射化学方向基地班),exact_school_major,1,0730,兰州大学,54,应用化学(放射化学方向基地班),2,,(不招色盲色弱、单色识别不全考生),物理,化学,5800,1_3_0730_5_54
618,"8,439",985,吉林大学,市场营销,exact_school_major,1,0183,吉林大学,64,市场营销,3,,(市场营销-数据科学与大数据技术双学士学位复合型人才培养项目：商学与管理学院和软件学院联合建设),物理,无限制,8800,1_3_0183_5_64
618,"8,439",985,吉林大学,管理科学与工程类(信息管理与信息系统、大数据管理与应用),exact_school_major,1,0183,吉林大学,69,管理科学与工程类(信息管理与信息系统、大数据管理与应用),10,,(大数据管理与应用专业培养特色方向为：数据资源与数据智能。信息管理与信息系统专业培养特色方向为：信息系统与数智化管理),物理,无限制,6070,1_3_0183_5_69
618,"8,439",985,吉林大学,档案学,unmatched_name_changed_or_not_in_2026_physics_plan,0,,,,,,,,,,,
618,"8,439",985,大连理工大学,计算机类(中外合作办学)[软件工程(中外合作办学)、数字媒体技术(中外合作办学)、物联网工程(中外合作办学)],exact_school_major,1,0141,大连理工大学,64,计算机类(中外合作办学)[软件工程(中外合作办学)、数字媒体技术(中外合作办学)、物联网工程(中外合作办学)],58,,"(就读大连开发区校区。与日本立命馆大学合作,零起点学习日语,部分课程采用英语、日语授课,非英语语种考生慎重报考)",物理,化学,98000,1_3_0141_5_64
618,"8,439",211,东北师范大学,计算机类[计算机科学与技术、智能科学与技术、数据科学与大数据技术、教育技术学(智能教育，师范)],unmatched_name_changed_or_not_in_2026_physics_plan,0,,,,,,,,,,,
618,"8,439",211,中国政法大学,金融工程(成思危现代金融菁英班),exact_school_major,1,0053,中国政法大学,26,金融工程(成思危现代金融菁英班),3,,(本专业人才培养模式改革有关安排详见章程),物理,无限制,5000,1_3_0053_5_26
618,"8,439",211,中国石油大学(北京),能源与动力工程,exact_school_major,1,1414,中国石油大学(北京),10,能源与动力工程,4,,,物理,化学,5200,1_3_1414_5_10
618,"8,439",211,中国石油大学(华东),自动化,exact_school_major,1,0425,中国石油大学(华东),38,自动化,4,,(入学后可选拔进入仪器控制类特色班),物理,化学,6600,1_3_0425_5_38
618,"8,439",211,中国矿业大学,计算机类(计算机科学与技术、信息安全、数据科学与大数据技术),exact_school_major,1,0290,中国矿业大学,0A,计算机类(计算机科学与技术、信息安全、数据科学与大数据技术),6,,,物理,化学,5800,1_3_0290_5_0A
618,"8,439",211,中国药科大学,临床药学,exact_school_major,1,0316,中国药科大学,18,临床药学,3,,(不招色盲色弱),物理,化学,6800,1_3_0316_5_18
618,"8,439",211,北京化工大学,自动化类(自动化、测控技术与仪器),exact_school_major,1,0010,北京化工大学,25,自动化类(自动化、测控技术与仪器),7,,,物理,化学,5000,1_3_0010_5_25
618,"8,439",211,北京工业大学,新能源科学与工程(新能源和环科双学士学位),exact_school_major,1,0005,北京工业大学,34,新能源科学与工程(新能源和环科双学士学位),2,,"(色盲、色弱限报。第一年在平乐园校区,第二、三、四学年根据学校规划安排在平乐园校区或房山校区,“新能源科学与工程—环境科学”双学士学位复合型人才培养项目)",物理,化学,5000,1_3_0005_5_34
618,"8,439",211,北京林业大学,电子信息科学与技术,exact_school_major,1,0022,北京林业大学,61,电子信息科学与技术,3,,"(一二年级在北京校区培养,三年级起在雄安校区培养)",物理,化学,5500,1_3_0022_5_61
618,"8,439",211,华东理工大学,工科试验班(能源与环境)(能源与动力工程、环境工程、储能科学与工程),unmatched_name_changed_or_not_in_2026_physics_plan,0,,,,,,,,,,,
618,"8,439",211,华北电力大学(保定),数据科学与大数据技术,exact_school_major,1,0079,华北电力大学(保定),0G,数据科学与大数据技术,2,,,物理,化学,5500,1_3_0079_5_0G
618,"8,439",211,华北电力大学(保定),网络空间安全,exact_school_major,1,0079,华北电力大学(保定),0A,网络空间安全,3,,,物理,化学,5500,1_3_0079_5_0A
618,"8,439",211,南京农业大学,计算机科学与技术,unmatched_name_changed_or_not_in_2026_physics_plan,0,,,,,,,,,,,
618,"8,439",211,大连海事大学,电子信息类(电子信息工程、电子信息科学与技术、通信工程、光电信息科学与工程),exact_school_major_multiple_plan_rows,2,0151,大连海事大学,02,电子信息类(电子信息工程、电子信息科学与技术、通信工程、光电信息科学与工程),35,,,物理,化学,5980,1_3_0151_5_02
618,"8,439",211,大连海事大学,电子信息类(电子信息工程、电子信息科学与技术、通信工程、光电信息科学与工程),exact_school_major_multiple_plan_rows,2,0151,大连海事大学,AC,电子信息类(电子信息工程、电子信息科学与技术、通信工程、光电信息科学与工程),1,(高校专项计划),"(特控线上录取)(教育部高校专项计划,只投档符合报考条件的考生)",物理,化学,5980,1_3_0151_5_AC
618,"8,439",211,大连海事大学,计算机类(计算机科学与技术、软件工程、数据科学与大数据技术、网络工程、智能科学与技术),exact_school_major_multiple_plan_rows,2,0151,大连海事大学,03,计算机类(计算机科学与技术、软件工程、数据科学与大数据技术、网络工程、智能科学与技术),39,,,物理,化学,5200,1_3_0151_5_03
618,"8,439",211,大连海事大学,计算机类(计算机科学与技术、软件工程、数据科学与大数据技术、网络工程、智能科学与技术),exact_school_major_multiple_plan_rows,2,0151,大连海事大学,AD,计算机类(计算机科学与技术、软件工程、数据科学与大数据技术、网络工程、智能科学与技术),1,(高校专项计划),"(特控线上录取)(教育部高校专项计划,只投档符合报考条件的考生)",物理,化学,5200,1_3_0151_5_AD
618,"8,439",211,大连海事大学,物联网工程,exact_school_major,1,0151,大连海事大学,24,物联网工程,8,,,物理,化学,5200,1_3_0151_5_24
618,"8,439",211,太原理工大学,计算机科学与技术,exact_school_major,1,0112,太原理工大学,1R,计算机科学与技术,3,,(明向校区),物理,化学,5500,1_3_0112_5_1R
618,"8,439",211,江南大学,机器人工程,exact_school_major,1,0295,江南大学,38,机器人工程,3,,,物理,化学,5800,1_3_0295_5_38
618,"8,439",211,江南大学,人工智能,exact_school_major,1,0295,江南大学,44,人工智能,4,,,物理,化学,6380,1_3_0295_5_44
618,"8,439",211,河海大学,智慧水利,exact_school_major,1,0294,河海大学,B2,智慧水利,2,,"(大一、大三、大四在南京相应校区学习,大二在常州校区学习)",物理,化学,6380,1_3_0294_5_B2
618,"8,439",211,河海大学,大数据管理与应用,exact_school_major,1,0294,河海大学,P7,大数据管理与应用,2,,"(大一、大三、大四在南京相应校区学习,大二在常州校区学习)",物理,无限制,5720,1_3_0294_5_P7
618,"8,439",211,河海大学,新能源科学与工程,exact_school_major,1,0294,河海大学,XN,新能源科学与工程,3,,"(大一在南京相应校区学习,大二起在常州校区学习)",物理,化学,6380,1_3_0294_5_XN
618,"8,439",211,西北大学,计算机类(计算机科学与技术、物联网工程、软件工程),unmatched_name_changed_or_not_in_2026_physics_plan,0,,,,,,,,,,,
618,"8,439",211,西南交通大学,新能源科学与工程,exact_school_major,1,0613,西南交通大学,34,新能源科学与工程,3,,成都东部国际校区,物理,化学,6240,1_3_0613_5_34
618,"8,439",211,长安大学,自动化类(自动化、机器人工程),unmatched_name_changed_or_not_in_2026_physics_plan,0,,,,,,,,,,,
618,"8,439",211,长安大学,计算机科学与技术,exact_school_major,1,0710,长安大学,10,计算机科学与技术,2,,,物理,化学,6600,1_3_0710_5_10
618,"8,439",双非补充,深圳大学,物理学,exact_school_major,1,0590,深圳大学,B6,物理学,1,,,物理,化学,6853,1_3_0590_5_B6
617,"8,681",985,中国农业大学,设施农业科学与工程,exact_school_major,1,0019,中国农业大学,34,设施农业科学与工程,3,,"(新生到北京报到,集体安排在双清路1号住宿。在北京完成第一年学习后,从第二年起到我校烟台研究院进行教学和实习至毕业。不得转入此类型以外专业)",物理,化学,3000,1_3_0019_5_34
617,"8,681",985,中国农业大学,生物质科学与工程,exact_school_major,1,0019,中国农业大学,50,生物质科学与工程,2,,"(新生到北京报到,集体安排在双清路1号住宿。在北京完成第一年学习后,从第二年起到我校烟台研究院进行教学和实习至毕业。不得转入此类型以外专业)",物理,化学,3000,1_3_0019_5_50
617,"8,681",985,中国海洋大学,食品科学与工程类(食品科学与工程、食品营养与健康),exact_school_major,1,0423,中国海洋大学,20,食品科学与工程类(食品科学与工程、食品营养与健康),3,,,物理,化学,6600,1_3_0423_5_20
617,"8,681",985,中国海洋大学,轮机工程,unmatched_name_changed_or_not_in_2026_physics_plan,0,,,,,,,,,,,
617,"8,681",985,厦门大学,会计学(厦门大学马来西亚分校招生专业),exact_school_major,1,0384,厦门大学,M3,会计学(厦门大学马来西亚分校招生专业),2,,"(学费2.9万林吉特/学年。全英文授课,非英语语种考生慎报,外语单科不低于120分。入学第一学年内获得专业要求的达标英语成绩后开始学位课程学习。办学地点在马来西亚雪邦)",物理,无限制,,1_3_0384_5_M3
617,"8,681",985,西北农林科技大学,数学与应用数学,unmatched_name_changed_or_not_in_2026_physics_plan,0,,,,,,,,,,,
617,"8,681",211,上海外国语大学,法语,exact_school_major_multiple_plan_rows,2,0271,上海外国语大学,06,法语,1,,(限招英语考生)(须外语口试合格),物理,无限制,7150,1_3_0271_5_06
617,"8,681",211,上海外国语大学,法语,exact_school_major_multiple_plan_rows,2,0271,上海外国语大学,28,法语,1,,(国际政治双学位)(限招英语考生)(须外语口试合格),物理,无限制,7960,1_3_0271_5_28
617,"8,681",211,上海外国语大学,数据科学与大数据技术(自然语言处理与金融大数据),exact_school_major,1,0271,上海外国语大学,AA,数据科学与大数据技术(自然语言处理与金融大数据),3,,,物理,化学,7000,1_3_0271_5_AA
617,"8,681",211,中国地质大学(北京),电气工程及其自动化(民族班，只招少数民族考生),unmatched_name_changed_or_not_in_2026_physics_plan,0,,,,,,,,,,,
617,"8,681",211,中国地质大学(武汉),电子信息类(未来技术学院)(地质学、资源勘查工程、地质工程、地球物理学、机械设计制造及其自动化、计算机科学与技术、自动化、海洋科学),unmatched_name_changed_or_not_in_2026_physics_plan,0,,,,,,,,,,,
617,"8,681",211,中国石油大学(北京),储能科学与工程,exact_school_major,1,1414,中国石油大学(北京),16,储能科学与工程,3,,,物理,化学,5500,1_3_1414_5_16
617,"8,681",211,中国石油大学(华东),石油工程,exact_school_major_multiple_plan_rows,2,0425,中国石油大学(华东),08,石油工程,6,,[入学后可选拔进入石油工程类(未来)特色班],物理,化学,6600,1_3_0425_5_08
617,"8,681",211,中国石油大学(华东),石油工程,exact_school_major_multiple_plan_rows,2,0425,中国石油大学(华东),10,石油工程,2,,"(石油工程+工程管理双学士学位,毕业可同时授工学和管理学学位)",物理,化学,6600,1_3_0425_5_10
617,"8,681",211,中国石油大学(华东),通信工程,exact_school_major,1,0425,中国石油大学(华东),32,通信工程,2,,(入学后可选拔进入海洋信息技术特色班),物理,化学,6600,1_3_0425_5_32
617,"8,681",211,中国石油大学(华东),软件工程,exact_school_major,1,0425,中国石油大学(华东),41,软件工程,5,,(入学后可选拔进入人工智能类特色班),物理,化学,12000,1_3_0425_5_41
617,"8,681",211,中国石油大学(华东),数据科学与大数据技术,exact_school_major,1,0425,中国石油大学(华东),46,数据科学与大数据技术,2,,(入学后可选拔进入数力拔尖班),物理,化学,6600,1_3_0425_5_46
617,"8,681",211,中国矿业大学,电子信息工程,exact_school_major,1,0290,中国矿业大学,05,电子信息工程,4,,,物理,化学,5800,1_3_0290_5_05
617,"8,681",211,北京化工大学,化学工程与工艺(化工、大数据双学士学位),exact_school_major,1,0010,北京化工大学,10,化学工程与工艺(化工、大数据双学士学位),5,,"(不招色盲色弱、单色识别异常考生,“化学工程与工艺-大数据管理与应用”双学士学位复合型人才培养项目)",物理,化学,5000,1_3_0010_5_10
617,"8,681",211,北京林业大学,计算机类(计算机科学与技术、数字媒体技术、数据科学与大数据技术),exact_school_major,1,0022,北京林业大学,57,计算机类(计算机科学与技术、数字媒体技术、数据科学与大数据技术),6,,"(一二年级在北京校区培养,三年级起在雄安校区培养)",物理,化学,5500,1_3_0022_5_57
617,"8,681",211,华东理工大学,工科试验班(智慧化工)(化学工程与工艺、油气储运工程、资源循环科学与工程、轻化工程),exact_school_major,1,0251,华东理工大学,11,工科试验班(智慧化工)(化学工程与工艺、油气储运工程、资源循环科学与工程、轻化工程),9,,"(大类分流前学费标准为7000元/学年,分流后按具体专业学费标准收费。不招色弱、色盲、嗅觉迟钝者)",物理,化学,7000,1_3_0251_5_11
617,"8,681",211,华中农业大学,动物医学,exact_school_major,1,0504,华中农业大学,11,动物医学,2,,(不招色盲),物理,化学,4500,1_3_0504_5_11
617,"8,681",211,华北电力大学(保定),测控技术与仪器,unmatched_name_changed_or_not_in_2026_physics_plan,0,,,,,,,,,,,
617,"8,681",211,华北电力大学(保定),智能科学与技术,exact_school_major,1,0079,华北电力大学(保定),09,智能科学与技术,3,,,物理,化学,5500,1_3_0079_5_09
617,"8,681",211,华北电力大学(北京),材料科学与工程,exact_school_major,1,0054,华北电力大学(北京),0M,材料科学与工程,2,,,物理,化学,5500,1_3_0054_5_0M
617,"8,681",211,南京师范大学,生物科学类[生物科学(师范、国家理科基地班)、生物技术、生态学],unmatched_name_changed_or_not_in_2026_physics_plan,0,,,,,,,,,,,
617,"8,681",211,大连海事大学,自动化类(自动化、电气工程及其自动化、测控技术与仪器),exact_school_major_multiple_plan_rows,2,0151,大连海事大学,01,自动化类(自动化、电气工程及其自动化、测控技术与仪器),44,,,物理,化学,5200,1_3_0151_5_01
617,"8,681",211,大连海事大学,自动化类(自动化、电气工程及其自动化、测控技术与仪器),exact_school_major_multiple_plan_rows,2,0151,大连海事大学,AB,自动化类(自动化、电气工程及其自动化、测控技术与仪器),1,(高校专项计划),"(特控线上录取)(教育部高校专项计划,只投档符合报考条件的考生)",物理,化学,5200,1_3_0151_5_AB
617,"8,681",211,安徽大学,通信工程,exact_school_major,1,0357,安徽大学,0N,通信工程,3,,,物理,化学,6480,1_3_0357_5_0N
617,"8,681",211,安徽大学,电气工程及其自动化,exact_school_major,1,0357,安徽大学,0R,电气工程及其自动化,4,,,物理,化学,5400,1_3_0357_5_0R
617,"8,681",211,安徽大学,集成电路设计与集成系统,exact_school_major,1,0357,安徽大学,10,集成电路设计与集成系统,3,,,物理,化学,6480,1_3_0357_5_10
617,"8,681",211,暨南大学,信息与计算科学,exact_school_major,1,0559,暨南大学,2C,信息与计算科学,3,,(广州番禺校区),物理,化学,6850,1_3_0559_5_2C
617,"8,681",211,江南大学,智能制造工程,exact_school_major,1,0295,江南大学,40,智能制造工程,3,,,物理,化学,5800,1_3_0295_5_40
617,"8,681",211,江南大学,工业设计,exact_school_major,1,0295,江南大学,41,工业设计,2,,,物理,化学,5800,1_3_0295_5_41
617,"8,681",211,河海大学,能源与动力工程,exact_school_major,1,0294,河海大学,F1,能源与动力工程,2,,"(大一、大三、大四在南京相应校区学习,大二在常州校区学习)",物理,化学,6380,1_3_0294_5_F1
617,"8,681",211,湖南师范大学,物理学(师范),exact_school_major,1,0542,湖南师范大学,N7,物理学(师范),2,(师范类),(含世承书院周光召班),物理,化学,4000,1_3_0542_5_N7
617,"8,681",211,苏州大学,放射医学,unmatched_name_changed_or_not_in_2026_physics_plan,0,,,,,,,,,,,
617,"8,681",211,西南交通大学,统计学,exact_school_major,1,0613,西南交通大学,31,统计学,2,,,物理,化学,6240,1_3_0613_5_31
617,"8,681",211,西南大学,人工智能,exact_school_major,1,0635,西南大学,N2,人工智能,1,,,物理,化学,6000,1_3_0635_5_N2
617,"8,681",211,西南财经大学,经济统计学,exact_school_major,1,0651,西南财经大学,18,经济统计学,1,,,物理,化学,5760,1_3_0651_5_18
617,"8,681",211,西安电子科技大学,数据科学与大数据技术(中外合作办学),exact_school_major,1,0701,西安电子科技大学,24,数据科学与大数据技术(中外合作办学),5,,"(较高学费专业,与英国赫瑞-瓦特大学合办)",物理,化学,80000,1_3_0701_5_24
617,"8,681",211,长安大学,智能车辆工程,unmatched_name_changed_or_not_in_2026_physics_plan,0,,,,,,,,,,,
617,"8,681",双非补充,深圳大学,口腔医学,exact_school_major,1,0590,深圳大学,D0,口腔医学,2,,"(不招色盲、色弱。左手惯用者请慎重报考。学费约6960-7656元/学年,以广东省物价部门最新批准数为准)",物理,化学,待定,1_3_0590_5_D0
616,"8,928",985,东北大学秦皇岛分校,计算机科学与技术(中外合作办学),exact_school_major,1,9145,东北大学秦皇岛分校,Z1,计算机科学与技术(中外合作办学),13,,"[“3+1”培养模式,国内学费56000元/学年,国外学习阶段学费按照悉尼科技大学当年学费标准(约52579澳元/学年)由悉尼科技大学收取,同时免收国内学费。入学后采用英文教材和英语授课,外语语种为非英语的考生请慎重报考]",物理,化学,56000,1_3_9145_5_Z1
616,"8,928",985,中国农业大学,酿酒工程,exact_school_major,1,0019,中国农业大学,53,酿酒工程,2,,"(新生到北京报到,集体安排在双清路1号住宿。在北京完成第一年学习后,从第二年起到我校烟台研究院进行教学和实习至毕业。不得转入此类型以外专业)",物理,化学,5000,1_3_0019_5_53
616,"8,928",985,中国海洋大学,计算机科学与技术(中外合作办学),exact_school_major,1,0423,中国海洋大学,05,计算机科学与技术(中外合作办学),2,,"(与英国赫瑞瓦特大学合办,“3+1”模式,非英语语种考生慎重报考)",物理,化学,70000,1_3_0423_5_05
616,"8,928",985,中国海洋大学,海洋渔业科学与技术,exact_school_major,1,0423,中国海洋大学,17,海洋渔业科学与技术,2,,,物理,化学,6600,1_3_0423_5_17
616,"8,928",985,兰州大学,口腔医学,exact_school_major,1,0730,兰州大学,C6,口腔医学,4,,(不招色盲色弱、单色识别不全考生),物理,化学,6200,1_3_0730_5_C6
616,"8,928",985,厦门大学,自动化(厦门大学马来西亚分校招生专业),exact_school_major,1,0384,厦门大学,MP,自动化(厦门大学马来西亚分校招生专业),2,,"(学费3.2万林吉特/学年。全英文授课,非英语语种考生慎报,外语单科不低于120分。入学第一学年内获得专业要求的达标英语成绩后开始学位课程学习。办学地点在马来西亚雪邦)",物理,化学,,1_3_0384_5_MP
616,"8,928",985,吉林大学,工商管理,exact_school_major_multiple_plan_rows,2,0183,吉林大学,61,工商管理,3,,(工商管理-国际经济与贸易双学士学位复合型人才培养项目：商学与管理学院和经济学院联合建设),物理,无限制,8500,1_3_0183_5_61
616,"8,928",985,吉林大学,工商管理,exact_school_major_multiple_plan_rows,2,0183,吉林大学,63,工商管理,2,,(工商管理-法学双学士学位复合型人才培养项目：商学与管理学院和法学院联合建设),物理,无限制,8500,1_3_0183_5_63
616,"8,928",985,吉林大学,农学(生物育种特色班),unmatched_name_changed_or_not_in_2026_physics_plan,0,,,,,,,,,,,
616,"8,928",211,中南财经政法大学,工商管理(卓越人才实验班),unmatched_name_changed_or_not_in_2026_physics_plan,0,,,,,,,,,,,
616,"8,928",211,中国地质大学(北京),机械设计制造及其自动化,exact_school_major,1,1415,中国地质大学(北京),07,机械设计制造及其自动化,3,,"(一年级在北京校区,二年级起在雄安校区)",物理,化学,5500,1_3_1415_5_07
616,"8,928",211,中国石油大学(北京),石油工程,exact_school_major,1,1414,中国石油大学(北京),03,石油工程,5,,,物理,化学,5500,1_3_1414_5_03
616,"8,928",211,中国石油大学(北京),碳储科学与工程,exact_school_major,1,1414,中国石油大学(北京),24,碳储科学与工程,2,,,物理,化学,5500,1_3_1414_5_24
616,"8,928",211,中国石油大学(华东),智能科学与技术,exact_school_major,1,0425,中国石油大学(华东),42,智能科学与技术,4,,(入学后可选拔进入人工智能类特色班),物理,化学,6600,1_3_0425_5_42
616,"8,928",211,中国矿业大学,机器人工程,exact_school_major,1,0290,中国矿业大学,02,机器人工程,5,,,物理,化学,5800,1_3_0290_5_02
616,"8,928",211,中国矿业大学,人工智能,exact_school_major,1,0290,中国矿业大学,0B,人工智能,5,,,物理,化学,5800,1_3_0290_5_0B
616,"8,928",211,中国矿业大学(北京),机械类(机械工程、机器人工程),unmatched_name_changed_or_not_in_2026_physics_plan,0,,,,,,,,,,,
616,"8,928",211,中国矿业大学(北京),智能制造工程,exact_school_major,1,1413,中国矿业大学(北京),54,智能制造工程,2,,,物理,化学,5500,1_3_1413_5_54
616,"8,928",211,中央财经大学,国际经济与贸易(中外合作办学)(国际贸易、金融风险管理),exact_school_major,1,0034,中央财经大学,15,国际经济与贸易(中外合作办学)(国际贸易、金融风险管理),5,,,物理,无限制,100000,1_3_0034_5_15
616,"8,928",211,北京中医药大学,针灸推拿学,exact_school_major,1,0026,北京中医药大学,11,针灸推拿学,4,,(色盲、色弱及其他各类不能准确识别颜色考生不予录取),物理,无限制,5800,1_3_0026_5_11
616,"8,928",211,北京化工大学,工科试验班(卓越工程师学院)(化学工程与工艺、环境工程、生物工程、制药工程、过程装备与控制工程、自动化),unmatched_name_changed_or_not_in_2026_physics_plan,0,,,,,,,,,,,
616,"8,928",211,北京林业大学,林学类(梁希实验班)(林学、森林保护),exact_school_major,1,0022,北京林业大学,12,林学类(梁希实验班)(林学、森林保护),1,,(北京校区),物理,化学,2500,1_3_0022_5_12
616,"8,928",211,华东理工大学,生物工程类(生物工程、生物科学、生物技术、食品科学与工程、食品质量与安全),exact_school_major,1,0251,华东理工大学,16,生物工程类(生物工程、生物科学、生物技术、食品科学与工程、食品质量与安全),5,,(不招色弱、色盲、嗅觉迟钝者),物理,化学,7000,1_3_0251_5_16
616,"8,928",211,华东理工大学,化学类(新工科化学实验班)[应用化学、精细化工(光电信息材料方向)],exact_school_major,1,0251,华东理工大学,14,化学类(新工科化学实验班)[应用化学、精细化工(光电信息材料方向)],4,,(不招色弱、色盲、嗅觉迟钝者),物理,化学,7700,1_3_0251_5_14
616,"8,928",211,华中农业大学,光电信息科学与工程,exact_school_major,1,0504,华中农业大学,27,光电信息科学与工程,1,,,物理,化学,5850,1_3_0504_5_27
616,"8,928",211,华北电力大学(保定),信息与计算科学,exact_school_major,1,0079,华北电力大学(保定),0F,信息与计算科学,1,,,物理,化学,5500,1_3_0079_5_0F
616,"8,928",211,华北电力大学(北京),应用物理学,exact_school_major,1,0054,华北电力大学(北京),0G,应用物理学,1,,,物理,化学,5500,1_3_0054_5_0G
616,"8,928",211,南京师范大学,化学(师范、非师范),unmatched_name_changed_or_not_in_2026_physics_plan,0,,,,,,,,,,,
616,"8,928",211,南昌大学,电气工程及其自动化,exact_school_major,1,0403,南昌大学,6B,电气工程及其自动化,2,,,物理,化学,5550,1_3_0403_5_6B
616,"8,928",211,太原理工大学,飞行器设计与工程,exact_school_major,1,0112,太原理工大学,3A,飞行器设计与工程,3,,(明向校区),物理,化学,5500,1_3_0112_5_3A
616,"8,928",211,河海大学,船舶与海洋工程,exact_school_major,1,0294,河海大学,C2,船舶与海洋工程,2,,"(大一、大三、大四在南京相应校区学习,大二在常州校区学习)",物理,化学,5800,1_3_0294_5_C2
616,"8,928",211,西南交通大学,工程力学,exact_school_major,1,0613,西南交通大学,32,工程力学,2,,,物理,化学,6240,1_3_0613_5_32
616,"8,928",211,西南交通大学,铁道工程,exact_school_major,1,0613,西南交通大学,41,铁道工程,3,,,物理,化学,6240,1_3_0613_5_41
616,"8,928",211,西南交通大学,应用物理学,exact_school_major,1,0613,西南交通大学,28,应用物理学,3,,(不招色盲、单色识别不全),物理,化学,6240,1_3_0613_5_28
616,"8,928",211,西南财经大学,金融科技,exact_school_major,1,0651,西南财经大学,05,金融科技,2,,,物理,无限制,5760,1_3_0651_5_05
616,"8,928",211,郑州大学,计算机科学与技术,exact_school_major,1,0459,郑州大学,71,计算机科学与技术,10,,(不招收单色识别不全考生),物理,化学,5700,1_3_0459_5_71
616,"8,928",211,长安大学,机械类(智能制造工程、机械设计制造及其自动化、机械电子工程),unmatched_name_changed_or_not_in_2026_physics_plan,0,,,,,,,,,,,
616,"8,928",双非补充,深圳大学,网络与新媒体,unmatched_name_changed_or_not_in_2026_physics_plan,0,,,,,,,,,,,
615,"9,180",985,吉林大学,经济学(国别与区域经济),exact_school_major,1,0183,吉林大学,75,经济学(国别与区域经济),4,,,物理,无限制,6070,1_3_0183_5_75
615,"9,180",985,吉林大学,人力资源管理,exact_school_major,1,0183,吉林大学,65,人力资源管理,7,,,物理,无限制,6070,1_3_0183_5_65
615,"9,180",985,吉林大学,食品科学与工程类(食品科学与工程、食品质量与安全),exact_school_major,1,0183,吉林大学,BM,食品科学与工程类(食品科学与工程、食品质量与安全),8,,,物理,化学,6830,1_3_0183_5_BM
615,"9,180",985,大连理工大学(盘锦校区),生物科学类(生物信息学、生物科学),unmatched_name_changed_or_not_in_2026_physics_plan,0,,,,,,,,,,,
615,"9,180",985,西北农林科技大学,机械类(机械设计制造及其自动化、机械电子工程、车辆工程),exact_school_major,1,0712,西北农林科技大学,07,机械类(机械设计制造及其自动化、机械电子工程、车辆工程),8,,,物理,化学,6600,1_3_0712_5_07
615,"9,180",211,东华大学,机械工程,exact_school_major,1,0255,东华大学,30,机械工程,10,,含机械设计及理论、机械制造及其自动化、机械电子工程方向,物理,化学,7000,1_3_0255_5_30
615,"9,180",211,中国地质大学(武汉),机械类(机械设计制造及其自动化),unmatched_name_changed_or_not_in_2026_physics_plan,0,,,,,,,,,,,
615,"9,180",211,中国政法大学,工商管理(创新与知产管理方向),exact_school_major,1,0053,中国政法大学,86,工商管理(创新与知产管理方向),3,,,物理,无限制,5000,1_3_0053_5_86
615,"9,180",211,中国石油大学(华东),测控技术与仪器,exact_school_major,1,0425,中国石油大学(华东),36,测控技术与仪器,3,,(入学后可选拔进入仪器控制类特色班),物理,化学,6600,1_3_0425_5_36
615,"9,180",211,中国矿业大学(北京),新能源科学与工程,exact_school_major,1,1413,中国矿业大学(北京),13,新能源科学与工程,3,,,物理,化学,5500,1_3_1413_5_13
615,"9,180",211,中国药科大学,海洋药学,exact_school_major,1,0316,中国药科大学,10,海洋药学,3,,(不招色盲色弱),物理,化学,7480,1_3_0316_5_10
615,"9,180",211,北京化工大学,材料科学与工程(材料、大数据双学士学位),exact_school_major,1,0010,北京化工大学,13,材料科学与工程(材料、大数据双学士学位),3,,"(不招色盲色弱、单色识别异常考生,“材料科学与工程-大数据管理与应用”双学士学位复合型人才培养项目)",物理,化学,5000,1_3_0010_5_13
615,"9,180",211,北京化工大学,工科试验班(高端装备与智能制造)(机械设计制造及其自动化、过程装备与控制工程、安全工程、机器人工程),unmatched_name_changed_or_not_in_2026_physics_plan,0,,,,,,,,,,,
615,"9,180",211,北京林业大学,机械设计制造及其自动化,exact_school_major,1,0022,北京林业大学,39,机械设计制造及其自动化,3,,"(一二年级在北京校区培养,三年级起在雄安校区培养)",物理,化学,5500,1_3_0022_5_39
615,"9,180",211,北京林业大学,自动化,exact_school_major,1,0022,北京林业大学,41,自动化,4,,"(一二年级在北京校区培养,三年级起在雄安校区培养)",物理,化学,5500,1_3_0022_5_41
615,"9,180",211,北京林业大学,网络工程,exact_school_major,1,0022,北京林业大学,58,网络工程,2,,"(一二年级在北京校区培养,三年级起在雄安校区培养)",物理,化学,5500,1_3_0022_5_58
615,"9,180",211,南昌大学,计算机科学与技术,exact_school_major,1,0403,南昌大学,4A,计算机科学与技术,3,,(不招单色不能识别的考生。),物理,化学,5550,1_3_0403_5_4A
615,"9,180",211,合肥工业大学(宣城校区),软件工程,exact_school_major,1,9359,合肥工业大学(宣城校区),07,软件工程,6,,,物理,化学,12500,1_3_9359_5_07
615,"9,180",211,大连海事大学,海事管理,exact_school_major,1,0151,大连海事大学,12,海事管理,5,,(教学外语课程主要开设英语课),物理,无限制,5200,1_3_0151_5_12
615,"9,180",211,太原理工大学,机械设计制造及其自动化,exact_school_major,1,0112,太原理工大学,01,机械设计制造及其自动化,3,,(虎峪校区),物理,化学,5500,1_3_0112_5_01
615,"9,180",211,太原理工大学,自动化,exact_school_major,1,0112,太原理工大学,0C,自动化,3,,(明向校区),物理,化学,5500,1_3_0112_5_0C
615,"9,180",211,太原理工大学,电子信息工程,exact_school_major,1,0112,太原理工大学,0E,电子信息工程,3,,(明向校区),物理,化学,5500,1_3_0112_5_0E
615,"9,180",211,太原理工大学,电子科学与技术,exact_school_major,1,0112,太原理工大学,0G,电子科学与技术,3,,(明向校区),物理,化学,5500,1_3_0112_5_0G
615,"9,180",211,太原理工大学,人工智能,exact_school_major,1,0112,太原理工大学,3B,人工智能,3,,(明向校区),物理,化学,5500,1_3_0112_5_3B
615,"9,180",211,太原理工大学,集成电路设计与集成系统,exact_school_major,1,0112,太原理工大学,5D,集成电路设计与集成系统,3,,(明向校区),物理,化学,5500,1_3_0112_5_5D
615,"9,180",211,安徽大学,人工智能,exact_school_major,1,0357,安徽大学,0U,人工智能,6,,,物理,化学,6480,1_3_0357_5_0U
615,"9,180",211,河海大学,水文与水资源工程,exact_school_major,1,0294,河海大学,A1,水文与水资源工程,5,,"(大一、大三、大四在南京相应校区学习,大二在常州校区学习)",物理,化学,6380,1_3_0294_5_A1
615,"9,180",211,河海大学,遥感科学与技术,exact_school_major,1,0294,河海大学,M3,遥感科学与技术,2,,"(大一、大三、大四在南京相应校区学习,大二在常州校区学习)",物理,化学,5800,1_3_0294_5_M3
615,"9,180",211,河海大学,机械工程,unmatched_name_changed_or_not_in_2026_physics_plan,0,,,,,,,,,,,
615,"9,180",211,西北大学,数学与应用数学,exact_school_major,1,0697,西北大学,31,数学与应用数学,3,,(熊庆来班),物理,化学,5250,1_3_0697_5_31
615,"9,180",211,西南财经大学,财政学类(财政学、税收学),exact_school_major,1,0651,西南财经大学,22,财政学类(财政学、税收学),2,,,物理,无限制,5760,1_3_0651_5_22
615,"9,180",211,郑州大学,法学,exact_school_major,1,0459,郑州大学,08,法学,2,,,物理,无限制,4400,1_3_0459_5_08
615,"9,180",211,郑州大学,电子信息类(电子信息工程、通信工程),unmatched_name_changed_or_not_in_2026_physics_plan,0,,,,,,,,,,,
615,"9,180",211,长安大学,能源与动力工程,exact_school_major,1,0710,长安大学,38,能源与动力工程,3,,,物理,化学,6600,1_3_0710_5_38
614,"9,443",985,中国海洋大学,物流管理,unmatched_name_changed_or_not_in_2026_physics_plan,0,,,,,,,,,,,
614,"9,443",985,兰州大学,化学工程与工艺,unmatched_name_changed_or_not_in_2026_physics_plan,0,,,,,,,,,,,
614,"9,443",985,西北农林科技大学,信息与计算科学,exact_school_major,1,0712,西北农林科技大学,05,信息与计算科学,2,,,物理,化学,6600,1_3_0712_5_05
614,"9,443",211,东华大学,数学类(智能科学方向)[数学与应用数学、统计学(金融统计与风险管理)],exact_school_major,1,0255,东华大学,27,数学类(智能科学方向)[数学与应用数学、统计学(金融统计与风险管理)],5,,,物理,化学,7000,1_3_0255_5_27
614,"9,443",211,东华大学,物理学类(集成电路与新能源)[应用物理学(集成电路与新能源)、光电信息科学与工程],exact_school_major,1,0255,东华大学,25,物理学类(集成电路与新能源)[应用物理学(集成电路与新能源)、光电信息科学与工程],5,,,物理,化学,7000,1_3_0255_5_25
614,"9,443",211,中国地质大学(北京),测控技术与仪器,exact_school_major_multiple_plan_rows,2,1415,中国地质大学(北京),43,测控技术与仪器,2,,"(一年级在北京校区,二年级起在雄安校区)",物理,化学,5500,1_3_1415_5_43
614,"9,443",211,中国地质大学(北京),测控技术与仪器,exact_school_major_multiple_plan_rows,2,1415,中国地质大学(北京),AC,测控技术与仪器,1,(高校专项计划),"(一年级在北京校区,二年级起在雄安校区)(特控线上录取)(教育部高校专项计划,只投档符合报考条件的考生)",物理,化学,5500,1_3_1415_5_AC
614,"9,443",211,中国地质大学(北京),遥感科学与技术,exact_school_major,1,1415,中国地质大学(北京),51,遥感科学与技术,2,,"(一年级在北京校区,二年级起在雄安校区；不招单色识别不全)",物理,化学,5500,1_3_1415_5_51
614,"9,443",211,中国地质大学(武汉),数学类(数学与应用数学、信息与计算科学),exact_school_major,1,0491,中国地质大学(武汉),41,数学类(数学与应用数学、信息与计算科学),1,,,物理,化学,4500,1_3_0491_5_41
614,"9,443",211,中国石油大学(北京),油气储运工程,exact_school_major,1,1414,中国石油大学(北京),09,油气储运工程,4,,,物理,化学,5500,1_3_1414_5_09
614,"9,443",211,中国石油大学(华东),石油工程,exact_school_major_multiple_plan_rows,2,0425,中国石油大学(华东),08,石油工程,6,,[入学后可选拔进入石油工程类(未来)特色班],物理,化学,6600,1_3_0425_5_08
614,"9,443",211,中国石油大学(华东),石油工程,exact_school_major_multiple_plan_rows,2,0425,中国石油大学(华东),10,石油工程,2,,"(石油工程+工程管理双学士学位,毕业可同时授工学和管理学学位)",物理,化学,6600,1_3_0425_5_10
614,"9,443",211,中国石油大学(华东),机械类(智能装备工程)(车辆工程、工业设计、机械设计制造及其自动化、智能制造工程),unmatched_name_changed_or_not_in_2026_physics_plan,0,,,,,,,,,,,
614,"9,443",211,中国石油大学(华东),油气储运工程,exact_school_major,1,0425,中国石油大学(华东),21,油气储运工程,5,,(入学后可选拔进入能源储运类特色班或数力拔尖班),物理,化学,6600,1_3_0425_5_21
614,"9,443",211,中国石油大学(华东),智能感知工程,exact_school_major,1,0425,中国石油大学(华东),37,智能感知工程,3,,(入学后可选拔进入仪器控制类特色班),物理,化学,6600,1_3_0425_5_37
614,"9,443",211,北京化工大学,工科试验班(生物制造高精尖班)(生物工程),unmatched_name_changed_or_not_in_2026_physics_plan,0,,,,,,,,,,,
614,"9,443",211,北京化工大学,化学(化学、生工双学士学位),exact_school_major,1,0010,北京化工大学,14,化学(化学、生工双学士学位),3,,"(不招色盲色弱、单色识别异常考生,“化学-生物工程”双学士学位复合型人才培养项目)",物理,化学,5000,1_3_0010_5_14
614,"9,443",211,北京化工大学,生物工程(生工、大数据双学士学位),exact_school_major,1,0010,北京化工大学,15,生物工程(生工、大数据双学士学位),4,,"(不招色盲色弱、单色识别异常考生,“生物工程-大数据管理与应用”双学士学位复合型人才培养项目)",物理,化学,5000,1_3_0010_5_15
614,"9,443",211,北京化工大学,工科试验班(先进材料)(高分子材料与工程、材料科学与工程、功能材料、新能源材料与器件),unmatched_name_changed_or_not_in_2026_physics_plan,0,,,,,,,,,,,
614,"9,443",211,北京外国语大学,俄语,unmatched_name_changed_or_not_in_2026_physics_plan,0,,,,,,,,,,,
614,"9,443",211,北京林业大学,生物科学(拔尖班),exact_school_major,1,0022,北京林业大学,22,生物科学(拔尖班),1,,(北京校区),物理,化学,5500,1_3_0022_5_22
614,"9,443",211,华中农业大学,生物科学类[生物科学(国家生物学理科基地班)、生物技术(国家生命科学与技术基地班)],exact_school_major,1,0504,华中农业大学,01,生物科学类[生物科学(国家生物学理科基地班)、生物技术(国家生命科学与技术基地班)],2,,(不招色盲),物理,化学,5850,1_3_0504_5_01
614,"9,443",211,华中农业大学,计算机类(计算机科学与技术、数据科学与大数据技术、人工智能),unmatched_name_changed_or_not_in_2026_physics_plan,0,,,,,,,,,,,
614,"9,443",211,南昌大学,通信工程,exact_school_major,1,0403,南昌大学,6A,通信工程,2,,,物理,化学,5550,1_3_0403_5_6A
614,"9,443",211,南昌大学,自动化,exact_school_major,1,0403,南昌大学,6C,自动化,2,,,物理,化学,5550,1_3_0403_5_6C
614,"9,443",211,合肥工业大学,电子信息材料,exact_school_major,1,0359,合肥工业大学,0N,电子信息材料,3,,,物理,化学,5500,1_3_0359_5_0N
614,"9,443",211,合肥工业大学,信息与计算科学,exact_school_major,1,0359,合肥工业大学,21,信息与计算科学,4,,,物理,化学,6050,1_3_0359_5_21
614,"9,443",211,哈尔滨工程大学,电子信息工程(中外合作办学),exact_school_major,1,0217,哈尔滨工程大学,64,电子信息工程(中外合作办学),3,,"(与英国阿伯丁大学合作,“3+1”模式,中英文授课,入学不得转专业)",物理,化学,45000,1_3_0217_5_64
614,"9,443",211,哈尔滨工程大学,少数民族预科班,unmatched_name_changed_or_not_in_2026_physics_plan,0,,,,,,,,,,,
614,"9,443",211,天津医科大学,生物医学工程,exact_school_major,1,0062,天津医科大学,2S,生物医学工程,1,,(色盲、色弱考生不予录取),物理,化学,5400,1_3_0062_5_2S
614,"9,443",211,太原理工大学,机械电子工程,exact_school_major,1,0112,太原理工大学,24,机械电子工程,3,,(虎峪校区),物理,化学,5500,1_3_0112_5_24
614,"9,443",211,太原理工大学,数据科学与大数据技术,exact_school_major,1,0112,太原理工大学,2M,数据科学与大数据技术,3,,(明向校区),物理,化学,5500,1_3_0112_5_2M
614,"9,443",211,太原理工大学,机器人工程,exact_school_major,1,0112,太原理工大学,2W,机器人工程,3,,(明向校区),物理,化学,5500,1_3_0112_5_2W
614,"9,443",211,太原理工大学,物联网工程,exact_school_major,1,0112,太原理工大学,5E,物联网工程,4,,(明向校区),物理,化学,5500,1_3_0112_5_5E
614,"9,443",211,太原理工大学,集成电路设计与集成系统(试验班),exact_school_major,1,0112,太原理工大学,5Y,集成电路设计与集成系统(试验班),2,,(明向校区),物理,化学,5500,1_3_0112_5_5Y
614,"9,443",211,安徽大学,智能科学与技术,exact_school_major,1,0357,安徽大学,0V,智能科学与技术,5,,,物理,化学,5400,1_3_0357_5_0V
614,"9,443",211,江南大学,食品营养与健康,exact_school_major,1,0295,江南大学,08,食品营养与健康,2,,,物理,化学,5800,1_3_0295_5_08
614,"9,443",211,江南大学,合成生物学,exact_school_major,1,0295,江南大学,14,合成生物学,2,,,物理,化学,5800,1_3_0295_5_14
614,"9,443",211,江南大学,机械工程,exact_school_major_multiple_plan_rows,2,0295,江南大学,37,机械工程,8,,,物理,化学,5800,1_3_0295_5_37
614,"9,443",211,江南大学,机械工程,exact_school_major_multiple_plan_rows,2,0295,江南大学,AB,机械工程,2,(高校专项计划),"(特控线上录取)(教育部高校专项计划,只投档符合报考条件的考生)",物理,化学,5800,1_3_0295_5_AB
614,"9,443",211,河海大学,水务工程,exact_school_major,1,0294,河海大学,A2,水务工程,2,,"(大一、大三、大四在南京相应校区学习,大二在常州校区学习)",物理,化学,6380,1_3_0294_5_A2
614,"9,443",211,海军军医大学,麻醉学,exact_school_major,1,J017,海军军医大学,AC,麻醉学,2,,"(仅招收普通高中应届毕业生,政治面貌须为共青团员或中共党员,特控线上录取；色盲、色弱、单色不能识别考生不予录取)",物理,化学,5000,1_3_J017_5_AC
614,"9,443",211,西南财经大学,金融工程,exact_school_major,1,0651,西南财经大学,06,金融工程,2,,,物理,无限制,5760,1_3_0651_5_06
614,"9,443",211,郑州大学,自动化类(电气工程及其自动化、自动化),unmatched_name_changed_or_not_in_2026_physics_plan,0,,,,,,,,,,,
614,"9,443",211,长安大学,交通运输,exact_school_major,1,0710,长安大学,31,交通运输,3,,,物理,化学,6600,1_3_0710_5_31
614,"9,443",双非补充,深圳大学,临床医学,exact_school_major,1,0590,深圳大学,C9,临床医学,2,,"(不招色盲、色弱。学费约6960-7656元/学年,以广东省物价部门最新批准数为准)",物理,化学,待定,1_3_0590_5_C9
613,"9,728",985,中国海洋大学,水产养殖学,exact_school_major,1,0423,中国海洋大学,19,水产养殖学,2,,,物理,化学,6600,1_3_0423_5_19
613,"9,728",985,中国海洋大学,国际经济与贸易,unmatched_name_changed_or_not_in_2026_physics_plan,0,,,,,,,,,,,
613,"9,728",985,中央民族大学,经济学类(经济学、财政学、金融学、国际经济与贸易),exact_school_major,1,0052,中央民族大学,22,经济学类(经济学、财政学、金融学、国际经济与贸易),5,,,物理,无限制,5000,1_3_0052_5_22
613,"9,728",985,吉林大学,材料类(少数民族预科班),exact_school_major,1,0183,吉林大学,AC,材料类(少数民族预科班),2,,(含材料科学与工程、无机非金属材料工程、材料成型及控制工程)(一年后分流),物理,化学,5000,1_3_0183_5_AC
613,"9,728",985,西北农林科技大学,农业智能装备工程,exact_school_major,1,0712,西北农林科技大学,09,农业智能装备工程,2,,,物理,化学,6600,1_3_0712_5_09
613,"9,728",211,东华大学,功能材料,exact_school_major,1,0255,东华大学,39,功能材料,4,,(含医疗与健康材料、复合材料与人工智能、新能源与光电材料、半导体与智能材料方向。“双一流”学科),物理,化学,7700,1_3_0255_5_39
613,"9,728",211,中国石油大学(北京),化学工程与工艺,exact_school_major,1,1414,中国石油大学(北京),05,化学工程与工艺,4,,,物理,化学,5500,1_3_1414_5_05
613,"9,728",211,中国石油大学(北京),过程装备与控制工程,exact_school_major,1,1414,中国石油大学(北京),11,过程装备与控制工程,3,,,物理,化学,5200,1_3_1414_5_11
613,"9,728",211,中国石油大学(北京),数学与应用数学,exact_school_major,1,1414,中国石油大学(北京),23,数学与应用数学,3,,,物理,化学,5200,1_3_1414_5_23
613,"9,728",211,中国石油大学(华东),能源与动力工程,exact_school_major,1,0425,中国石油大学(华东),26,能源与动力工程,5,,(入学后可选拔进入碳中和未来班),物理,化学,6600,1_3_0425_5_26
613,"9,728",211,中国矿业大学,机械类(机械工程、智能制造工程),unmatched_name_changed_or_not_in_2026_physics_plan,0,,,,,,,,,,,
613,"9,728",211,北京中医药大学,中医骨伤科学,exact_school_major,1,0026,北京中医药大学,10,中医骨伤科学,1,,(色盲、色弱及其他各类不能准确识别颜色考生不予录取),物理,化学,5800,1_3_0026_5_10
613,"9,728",211,北京中医药大学,药学,exact_school_major,1,0026,北京中医药大学,15,药学,2,,(色盲、色弱及其他各类不能准确识别颜色考生不予录取),物理,化学,5800,1_3_0026_5_15
613,"9,728",211,北京林业大学,农林经济管理(梁希实验班),exact_school_major,1,0022,北京林业大学,36,农林经济管理(梁希实验班),1,,(北京校区),物理,无限制,5000,1_3_0022_5_36
613,"9,728",211,北京林业大学,大数据管理与应用,exact_school_major,1,0022,北京林业大学,38,大数据管理与应用,2,,"(一二年级在北京校区培养,三年级起在雄安校区培养)",物理,无限制,5000,1_3_0022_5_38
613,"9,728",211,北京林业大学,数学与应用数学,exact_school_major,1,0022,北京林业大学,60,数学与应用数学,2,,"(一二年级在北京校区培养,三年级起在雄安校区培养)",物理,化学,5500,1_3_0022_5_60
613,"9,728",211,合肥工业大学(宣城校区),机械工程,exact_school_major,1,9359,合肥工业大学(宣城校区),01,机械工程,4,,,物理,化学,5500,1_3_9359_5_01
613,"9,728",211,哈尔滨工程大学,机械设计制造及其自动化(中外合作办学),exact_school_major,1,0217,哈尔滨工程大学,62,机械设计制造及其自动化(中外合作办学),8,,"(与英国斯旺西大学合作,“3+1”模式,中英文授课,入学不得转专业)",物理,化学,44300,1_3_0217_5_62
613,"9,728",211,大连海事大学,机械类[机械设计制造及其自动化、船舶与海洋工程、能源与动力工程、救助与打捞工程(海洋智能装备)],exact_school_major_multiple_plan_rows,2,0151,大连海事大学,08,机械类[机械设计制造及其自动化、船舶与海洋工程、能源与动力工程、救助与打捞工程(海洋智能装备)],37,,,物理,化学,5200,1_3_0151_5_08
613,"9,728",211,大连海事大学,机械类[机械设计制造及其自动化、船舶与海洋工程、能源与动力工程、救助与打捞工程(海洋智能装备)],exact_school_major_multiple_plan_rows,2,0151,大连海事大学,AF,机械类[机械设计制造及其自动化、船舶与海洋工程、能源与动力工程、救助与打捞工程(海洋智能装备)],1,(高校专项计划),"(特控线上录取)(教育部高校专项计划,只投档符合报考条件的考生)",物理,化学,5200,1_3_0151_5_AF
613,"9,728",211,太原理工大学,车辆工程,exact_school_major,1,0112,太原理工大学,02,车辆工程,3,,(虎峪校区),物理,化学,5500,1_3_0112_5_02
613,"9,728",211,太原理工大学,能源与动力工程,exact_school_major,1,0112,太原理工大学,0B,能源与动力工程,3,,(明向校区),物理,化学,5500,1_3_0112_5_0B
613,"9,728",211,太原理工大学,网络空间安全,exact_school_major,1,0112,太原理工大学,5F,网络空间安全,3,,(明向校区),物理,化学,5500,1_3_0112_5_5F
613,"9,728",211,安徽大学,机械设计制造及其自动化,exact_school_major,1,0357,安徽大学,0X,机械设计制造及其自动化,3,,,物理,化学,5400,1_3_0357_5_0X
613,"9,728",211,暨南大学,信息与计算科学(中外合作办学),exact_school_major,1,0559,暨南大学,6C,信息与计算科学(中外合作办学),2,,(广州番禺校区),物理,化学,100000,1_3_0559_5_6C
613,"9,728",211,暨南大学,经济学(国际化创新班),exact_school_major,1,0559,暨南大学,6F,经济学(国际化创新班),2,,(广州石牌校区),物理,无限制,6060,1_3_0559_5_6F
613,"9,728",211,武汉理工大学,信息管理与信息系统,exact_school_major,1,0497,武汉理工大学,35,信息管理与信息系统,2,,,物理,化学,5850,1_3_0497_5_35
613,"9,728",211,河海大学,应用物理学,exact_school_major,1,0294,河海大学,H1,应用物理学,2,,"(大一、大三、大四在南京相应校区学习,大二在常州校区学习)",物理,化学,5500,1_3_0294_5_H1
613,"9,728",211,西南交通大学,机械设计制造及其自动化(中外合作办学),exact_school_major,1,0613,西南交通大学,63,机械设计制造及其自动化(中外合作办学),1,,"(西南交通大学与英国利兹大学合作办学,建议小语种考生慎重报考。成都东部国际校区)",物理,化学,100000,1_3_0613_5_63
613,"9,728",211,西南交通大学,计算机科学与技术(中外合作办学),exact_school_major,1,0613,西南交通大学,69,计算机科学与技术(中外合作办学),2,,"(西南交通大学与英国利兹大学合作办学,建议小语种考生慎重报考。成都东部国际校区)",物理,化学,100000,1_3_0613_5_69
613,"9,728",211,郑州大学,人工智能,exact_school_major,1,0459,郑州大学,74,人工智能,9,,,物理,化学,5700,1_3_0459_5_74
612,"10,008",985,东北大学秦皇岛分校,通信工程(中外合作办学),exact_school_major,1,9145,东北大学秦皇岛分校,Z2,通信工程(中外合作办学),11,,"[“3+1”培养模式,国内学费56000元/学年,国外学习阶段学费按照悉尼科技大学当年学费标准(约52290澳元/学年)由悉尼科技大学收取,同时免收国内学费。入学后采用英文教材和英语授课,外语语种为非英语的考生请慎重报考]",物理,化学,56000,1_3_9145_5_Z2
612,"10,008",985,中央民族大学,环境科学与工程类(环境工程、环境科学、化学),unmatched_name_changed_or_not_in_2026_physics_plan,0,,,,,,,,,,,
612,"10,008",985,兰州大学,地理科学类(含基地班)(自然地理与资源环境、人文地理与城乡规划、地理信息科学),exact_school_major,1,0730,兰州大学,93,地理科学类(含基地班)(自然地理与资源环境、人文地理与城乡规划、地理信息科学),3,,(进入基地班须选拔),物理,化学,5800,1_3_0730_5_93
612,"10,008",985,厦门大学,人工智能(厦门大学马来西亚分校招生专业),exact_school_major,1,0384,厦门大学,MJ,人工智能(厦门大学马来西亚分校招生专业),3,,"(学费3.2万林吉特/学年。全英文授课,非英语语种考生慎报,外语单科不低于120分。入学第一学年内获得专业要求的达标英语成绩后开始学位课程学习。办学地点在马来西亚雪邦)",物理,化学,,1_3_0384_5_MJ
612,"10,008",985,吉林大学,预防医学,exact_school_major,1,0183,吉林大学,AU,预防医学,2,,,物理,化学,7080,1_3_0183_5_AU
612,"10,008",985,西北农林科技大学,化学类(应用化学、化学生物学),unmatched_name_changed_or_not_in_2026_physics_plan,0,,,,,,,,,,,
612,"10,008",211,中南财经政法大学,数字经济(拔尖人才实验班),unmatched_name_changed_or_not_in_2026_physics_plan,0,,,,,,,,,,,
612,"10,008",211,中国传媒大学,新闻学(新闻舆论学方向),exact_school_major,1,0033,中国传媒大学,39,新闻学(新闻舆论学方向),2,,,物理,无限制,5000,1_3_0033_5_39
612,"10,008",211,中国石油大学(北京),海洋油气工程,exact_school_major,1,1414,中国石油大学(北京),14,海洋油气工程,4,,,物理,化学,5500,1_3_1414_5_14
612,"10,008",211,中国石油大学(华东),船舶与海洋工程,exact_school_major_multiple_plan_rows,2,0425,中国石油大学(华东),17,船舶与海洋工程,2,,(入学后可选拔进入机械类特色班),物理,化学,6600,1_3_0425_5_17
612,"10,008",211,中国石油大学(华东),船舶与海洋工程,exact_school_major_multiple_plan_rows,2,0425,中国石油大学(华东),AB,船舶与海洋工程,1,(高校专项计划),"(入学后可选拔进入机械类特色班)(特控线上录取)(教育部高校专项计划,只投档符合报考条件的考生)",物理,化学,6600,1_3_0425_5_AB
612,"10,008",211,中国石油大学(华东),储能科学与工程,exact_school_major,1,0425,中国石油大学(华东),29,储能科学与工程,4,,(入学后可选拔进入碳中和未来班),物理,化学,6600,1_3_0425_5_29
612,"10,008",211,中国药科大学,化工与制药类(制药工程、食品营养与健康、环境科学),exact_school_major,1,0316,中国药科大学,14,化工与制药类(制药工程、食品营养与健康、环境科学),1,(高校专项计划),"[不招色盲色弱；高考投档成绩(含政策性加分)需达到特殊类型招生控制分数线之上30分(含)](教育部高校专项计划,只投档符合报考条件的考生)",物理,化学,5800,1_3_0316_5_14
612,"10,008",211,北京交通大学,交通运输(中外合作办学),exact_school_major,1,0004,北京交通大学,25,交通运输(中外合作办学),4,,"(要求无色盲且无单颜色识别不全,合作方荷兰代尔夫特理工大学,4+0模式。大量全英文授课,要求较好的英语基础)",物理,化学,80000,1_3_0004_5_25
612,"10,008",211,北京交通大学,机械电子工程(中外合作办学),exact_school_major,1,0004,北京交通大学,23,机械电子工程(中外合作办学),5,,"(合作方澳大利亚沃隆港大学,3+1模式,第4年在国外。大量全英文授课,要求较好的英语基础)",物理,化学,80000,1_3_0004_5_23
612,"10,008",211,北京化工大学,工科试验班(化工能源与生物医药)(化学工程与工艺、能源化学工程、环境工程、氢能科学与工程、生物工程、生物医学工程、制药工程),unmatched_name_changed_or_not_in_2026_physics_plan,0,,,,,,,,,,,
612,"10,008",211,北京化工大学,理科试验班(绿色化学)(应用化学、能源化学、资源化学),exact_school_major_multiple_plan_rows,2,0010,北京化工大学,19,理科试验班(绿色化学)(应用化学、能源化学、资源化学),2,,(不招色盲色弱、单色识别异常考生),物理,化学,5000,1_3_0010_5_19
612,"10,008",211,北京化工大学,理科试验班(绿色化学)(应用化学、能源化学、资源化学),exact_school_major_multiple_plan_rows,2,0010,北京化工大学,AB,理科试验班(绿色化学)(应用化学、能源化学、资源化学),1,(高校专项计划),"(特控线上录取)(不招色盲色弱、单色识别异常考生)(教育部高校专项计划,只投档符合报考条件的考生)",物理,化学,5000,1_3_0010_5_AB
612,"10,008",211,北京化工大学,理科试验班(数学、物理电子与管理)(信息管理与信息系统、大数据管理与应用、电子科学与技术、数学与应用数学、信息与计算科学、金融数学、应用物理学),unmatched_name_changed_or_not_in_2026_physics_plan,0,,,,,,,,,,,
612,"10,008",211,北京林业大学,车辆工程,exact_school_major,1,0022,北京林业大学,40,车辆工程,2,,"(一二年级在北京校区培养,三年级起在雄安校区培养)",物理,化学,5500,1_3_0022_5_40
612,"10,008",211,华东理工大学,工商管理类[工商管理(商务分析)、市场营销(大数据营销)、会计学(大数据会计)、财务管理(智能财务)],unmatched_name_changed_or_not_in_2026_physics_plan,0,,,,,,,,,,,
612,"10,008",211,华中农业大学,机械类(机械设计制造及其自动化、机械电子工程、自动化、机器人工程),exact_school_major,1,0504,华中农业大学,26,机械类(机械设计制造及其自动化、机械电子工程、自动化、机器人工程),3,,,物理,化学,5850,1_3_0504_5_26
612,"10,008",211,华北电力大学(保定),机械工程,exact_school_major,1,0079,华北电力大学(保定),0N,机械工程,5,,,物理,化学,5500,1_3_0079_5_0N
612,"10,008",211,南京农业大学,电子信息类(电子信息科学与技术、自动化),exact_school_major,1,0307,南京农业大学,51,电子信息类(电子信息科学与技术、自动化),4,,,物理,化学,5800,1_3_0307_5_51
612,"10,008",211,南京农业大学,人工智能,exact_school_major,1,0307,南京农业大学,52,人工智能,2,,,物理,化学,5800,1_3_0307_5_52
612,"10,008",211,南昌大学,机械设计制造及其自动化,exact_school_major,1,0403,南昌大学,5E,机械设计制造及其自动化,3,,,物理,化学,5250,1_3_0403_5_5E
612,"10,008",211,南昌大学,软件工程,exact_school_major,1,0403,南昌大学,6F,软件工程,4,,(办学地点：青山湖校区),物理,化学,10000,1_3_0403_5_6F
612,"10,008",211,南昌大学,网络空间安全,exact_school_major,1,0403,南昌大学,70,网络空间安全,3,,(办学地点：青山湖校区),物理,化学,10000,1_3_0403_5_70
612,"10,008",211,大连海事大学,轮机工程(陆上专业),exact_school_major,1,0151,大连海事大学,17,轮机工程(陆上专业),10,,(要求无色盲),物理,化学,5200,1_3_0151_5_17
612,"10,008",211,天津医科大学,智能医学工程,exact_school_major,1,0062,天津医科大学,2R,智能医学工程,2,,(色盲、色弱考生不予录取),物理,化学,5400,1_3_0062_5_2R
612,"10,008",211,太原理工大学,智能测控工程,exact_school_major,1,0112,太原理工大学,5G,智能测控工程,3,,(明向校区),物理,化学,5500,1_3_0112_5_5G
612,"10,008",211,武汉理工大学,工业设计,exact_school_major,1,0497,武汉理工大学,42,工业设计,2,,,物理,化学,4500,1_3_0497_5_42
612,"10,008",211,江南大学,信息与计算科学,exact_school_major,1,0295,江南大学,35,信息与计算科学,4,,,物理,化学,5500,1_3_0295_5_35
612,"10,008",211,江南大学,大数据管理与应用,exact_school_major,1,0295,江南大学,48,大数据管理与应用,3,,(不能准确识别红、黄、绿、兰、紫各种颜色中任何一种颜色的导线、按键、信号灯、几何图形者不予录取),物理,无限制,5200,1_3_0295_5_48
612,"10,008",211,海南大学,计算机科学与技术,exact_school_major,1,0589,海南大学,16,计算机科学与技术,2,,,物理,化学,4600,1_3_0589_5_16
612,"10,008",211,湖南师范大学,计算机科学与技术,exact_school_major,1,0542,湖南师范大学,V1,计算机科学与技术,2,,,物理,化学,6500,1_3_0542_5_V1
612,"10,008",211,福州大学,车辆工程,exact_school_major,1,0386,福州大学,07,车辆工程,3,,(第一学年在福州市铜盘校区培养),物理,化学,5460,1_3_0386_5_07
612,"10,008",211,西北大学,数学类(数学与应用数学、应用统计学),exact_school_major,1,0697,西北大学,34,数学类(数学与应用数学、应用统计学),4,,,物理,化学,6600,1_3_0697_5_34
612,"10,008",211,西南财经大学,金融学类[金融学、金融学(证券与期货方向)、金融学(双语实验班)、信用管理、投资学],unmatched_name_changed_or_not_in_2026_physics_plan,0,,,,,,,,,,,
612,"10,008",211,郑州大学,信息安全,exact_school_major,1,0459,郑州大学,67,信息安全,4,,,物理,化学,5000,1_3_0459_5_67
612,"10,008",211,长安大学,交通设备与控制工程,unmatched_name_changed_or_not_in_2026_physics_plan,0,,,,,,,,,,,
612,"10,008",211,陕西师范大学,计算机类[计算机科学与技术(创新实验班)、软件工程、人工智能],unmatched_name_changed_or_not_in_2026_physics_plan,0,,,,,,,,,,,
611,"10,278",985,中国农业大学,水产养殖学,exact_school_major,1,0019,中国农业大学,33,水产养殖学,3,,"(新生到北京报到,集体安排在双清路1号住宿。在北京完成第一年学习后,从第二年起到我校烟台研究院进行教学和实习至毕业。不得转入此类型以外专业)",物理,化学,3000,1_3_0019_5_33
611,"10,278",985,中国海洋大学,勘查技术与工程,unmatched_name_changed_or_not_in_2026_physics_plan,0,,,,,,,,,,,
611,"10,278",985,厦门大学,海洋科学(厦门大学马来西亚分校招生专业),exact_school_major,1,0384,厦门大学,MF,海洋科学(厦门大学马来西亚分校招生专业),2,,"(学费3万林吉特/学年。全英文授课,非英语语种考生慎报,外语单科不低于120分。入学第一学年内获得专业要求的达标英语成绩后开始学位课程学习。办学地点在马来西亚雪邦)",物理,化学,,1_3_0384_5_MF
611,"10,278",985,吉林大学,临床药学,exact_school_major,1,0183,吉林大学,AX,临床药学,4,,,物理,化学,7080,1_3_0183_5_AX
611,"10,278",211,中国传媒大学,传播学(智能与计算传播方向),exact_school_major,1,0033,中国传媒大学,41,传播学(智能与计算传播方向),2,,,物理,无限制,5000,1_3_0033_5_41
611,"10,278",211,中国传媒大学,大数据管理与应用,unmatched_name_changed_or_not_in_2026_physics_plan,0,,,,,,,,,,,
611,"10,278",211,中国地质大学(北京),数学与应用数学,exact_school_major,1,1415,中国地质大学(北京),53,数学与应用数学,4,,"(一年级在北京校区,二年级起在雄安校区)",物理,化学,5500,1_3_1415_5_53
611,"10,278",211,中国石油大学(华东),数学类(数学与应用数学、信息与计算科学),exact_school_major,1,0425,中国石油大学(华东),43,数学类(数学与应用数学、信息与计算科学),3,,(学生分流时可自由选择类内专业；入学后可选拔进入数力拔尖班),物理,化学,6600,1_3_0425_5_43
611,"10,278",211,中国矿业大学(北京),数学类(数学与应用数学、信息与计算科学),exact_school_major,1,1413,中国矿业大学(北京),81,数学类(数学与应用数学、信息与计算科学),4,,,物理,化学,5500,1_3_1413_5_81
611,"10,278",211,北京中医药大学,大数据管理与应用(成思危拔尖人才班),exact_school_major,1,0026,北京中医药大学,19,大数据管理与应用(成思危拔尖人才班),1,,,物理,化学,5000,1_3_0026_5_19
611,"10,278",211,北京交通大学,经济管理试验班(经济学、金融学、物流管理、信息管理与信息系统),unmatched_name_changed_or_not_in_2026_physics_plan,0,,,,,,,,,,,
611,"10,278",211,北京林业大学,统计学,exact_school_major,1,0022,北京林业大学,35,统计学,2,,"(一二年级在北京校区培养,三年级起在雄安校区培养)",物理,化学,5000,1_3_0022_5_35
611,"10,278",211,华北电力大学(保定),能源化学工程,unmatched_name_changed_or_not_in_2026_physics_plan,0,,,,,,,,,,,
611,"10,278",211,华北电力大学(北京),工程管理,unmatched_name_changed_or_not_in_2026_physics_plan,0,,,,,,,,,,,
611,"10,278",211,华北电力大学(北京),会计学,exact_school_major,1,0054,华北电力大学(北京),0Y,会计学,3,,,物理,无限制,5000,1_3_0054_5_0Y
611,"10,278",211,南京师范大学,智能装备与系统,exact_school_major,1,0319,南京师范大学,75,智能装备与系统,2,,,物理,化学,5800,1_3_0319_5_75
611,"10,278",211,合肥工业大学,工程力学,exact_school_major,1,0359,合肥工业大学,10,工程力学,4,,,物理,化学,5500,1_3_0359_5_10
611,"10,278",211,合肥工业大学,遥感科学与技术,exact_school_major,1,0359,合肥工业大学,1T,遥感科学与技术,4,,"(有体检要求,具体参见学校章程)",物理,化学,5500,1_3_0359_5_1T
611,"10,278",211,暨南大学,临床医学(全英语教学),exact_school_major,1,0559,暨南大学,4A,临床医学(全英语教学),2,,(不招收色盲色弱考生)(广州石牌校区),物理,化学,16000,1_3_0559_5_4A
611,"10,278",211,江南大学,生物工程,exact_school_major,1,0295,江南大学,09,生物工程,2,,(色盲、色弱及不能准确识别红、黄、绿、兰、紫各种颜色中任何一种颜色的导线、按键、信号灯、几何图形者不予录取),物理,化学,6380,1_3_0295_5_09
611,"10,278",211,河海大学,智能建造,exact_school_major,1,0294,河海大学,D2,智能建造,2,,"(大一、大三、大四在南京相应校区学习,大二在常州校区学习)",物理,化学,5800,1_3_0294_5_D2
611,"10,278",211,河海大学,工程力学,unmatched_name_changed_or_not_in_2026_physics_plan,0,,,,,,,,,,,
611,"10,278",211,海军军医大学,医学影像学,exact_school_major,1,J017,海军军医大学,AD,医学影像学,1,,"(仅招收普通高中应届毕业生,政治面貌须为共青团员或中共党员,特控线上录取；色盲、色弱、单色不能识别考生不予录取)",物理,化学,5000,1_3_J017_5_AD
611,"10,278",211,西南交通大学,生物医学工程,exact_school_major,1,0613,西南交通大学,53,生物医学工程,4,,(不招色弱、色盲、单色识别不全),物理,化学,6240,1_3_0613_5_53
611,"10,278",211,长安大学,工科试验班(材料类长安学堂计划)(材料科学与工程、材料成型及控制工程、新能源材料与器件、高分子材料与工程),unmatched_name_changed_or_not_in_2026_physics_plan,0,,,,,,,,,,,
610,"10,587",985,中国海洋大学,数学与应用数学(中外合作办学),unmatched_name_changed_or_not_in_2026_physics_plan,0,,,,,,,,,,,
610,"10,587",985,中央民族大学,少数民族预科班,unmatched_name_changed_or_not_in_2026_physics_plan,0,,,,,,,,,,,
610,"10,587",985,厦门大学,数据科学与大数据技术(厦门大学马来西亚分校招生专业),unmatched_name_changed_or_not_in_2026_physics_plan,0,,,,,,,,,,,
610,"10,587",985,吉林大学,勘查技术与工程,exact_school_major,1,0183,吉林大学,AD,勘查技术与工程,9,,"(按大类招生,包含勘查技术与工程、地球物理学、地理信息科学、测绘工程专业。实行“类内专业分流任选”,100%按照学生意愿分流)",物理,化学,6320,1_3_0183_5_AD
610,"10,587",211,东华大学,材料类(高分子材料与工程、无机非金属材料工程、复合材料与工程),unmatched_name_changed_or_not_in_2026_physics_plan,0,,,,,,,,,,,
610,"10,587",211,东华大学,工业设计,exact_school_major,1,0255,东华大学,29,工业设计,2,,,物理,化学,7000,1_3_0255_5_29
610,"10,587",211,中国地质大学(武汉),地质学类(国家拔尖计划，国家理科基地班)(地质学),unmatched_name_changed_or_not_in_2026_physics_plan,0,,,,,,,,,,,
610,"10,587",211,中国石油大学(北京),能源化学工程,exact_school_major,1,1414,中国石油大学(北京),06,能源化学工程,3,,,物理,化学,5500,1_3_1414_5_06
610,"10,587",211,中国石油大学(北京),应用化学,exact_school_major,1,1414,中国石油大学(北京),22,应用化学,3,,,物理,化学,5200,1_3_1414_5_22
610,"10,587",211,中国石油大学(北京),信息管理与信息系统,exact_school_major,1,1414,中国石油大学(北京),29,信息管理与信息系统,4,,,物理,无限制,5000,1_3_1414_5_29
610,"10,587",211,中国石油大学(华东),过程装备与控制工程,exact_school_major,1,0425,中国石油大学(华东),25,过程装备与控制工程,7,,(入学后可选拔进入碳中和未来班),物理,化学,6600,1_3_0425_5_25
610,"10,587",211,中国矿业大学,能源动力类(储能科学与工程、能源与动力工程),exact_school_major,1,0290,中国矿业大学,07,能源动力类(储能科学与工程、能源与动力工程),16,,,物理,化学,5800,1_3_0290_5_07
610,"10,587",211,北京中医药大学,中药学,exact_school_major,1,0026,北京中医药大学,12,中药学,3,,(色盲、色弱及其他各类不能准确识别颜色考生不予录取),物理,化学,5800,1_3_0026_5_12
610,"10,587",211,北京工业大学,会计学,exact_school_major,1,0005,北京工业大学,44,会计学,2,,"(第一年在通州校区,第二、三、四学年根据学校规划安排在平乐园校区或房山校区)",物理,无限制,5000,1_3_0005_5_44
610,"10,587",211,北京林业大学,信息管理与信息系统,exact_school_major,1,0022,北京林业大学,56,信息管理与信息系统,2,,"(一二年级在北京校区培养,三年级起在雄安校区培养)",物理,无限制,5000,1_3_0022_5_56
610,"10,587",211,华东理工大学,经济学类(经济学、金融学),unmatched_name_changed_or_not_in_2026_physics_plan,0,,,,,,,,,,,
610,"10,587",211,华北电力大学(北京),应用化学,exact_school_major,1,0054,华北电力大学(北京),0T,应用化学,1,,,物理,化学,5500,1_3_0054_5_0T
610,"10,587",211,南京农业大学,信息与计算科学,exact_school_major,1,0307,南京农业大学,31,信息与计算科学,2,,,物理,化学,5500,1_3_0307_5_31
610,"10,587",211,南昌大学,能源与动力工程,exact_school_major,1,0403,南昌大学,61,能源与动力工程,3,,,物理,化学,5250,1_3_0403_5_61
610,"10,587",211,天津医科大学,药学类(药学、药物制剂、临床药学),exact_school_major,1,0062,天津医科大学,2Q,药学类(药学、药物制剂、临床药学),3,,(色盲、色弱考生不予录取),物理,化学,5800,1_3_0062_5_2Q
610,"10,587",211,天津医科大学,生物制药,exact_school_major,1,0062,天津医科大学,2X,生物制药,1,,(色盲、色弱考生不予录取),物理,地理,5400,1_3_0062_5_2X
610,"10,587",211,太原理工大学,信息与计算科学,exact_school_major,1,0112,太原理工大学,19,信息与计算科学,3,,(明向校区),物理,化学,5100,1_3_0112_5_19
610,"10,587",211,太原理工大学,能源互联网工程,exact_school_major,1,0112,太原理工大学,5N,能源互联网工程,3,,(明向校区),物理,化学,5500,1_3_0112_5_5N
610,"10,587",211,暨南大学,金融学,unmatched_name_changed_or_not_in_2026_physics_plan,0,,,,,,,,,,,
610,"10,587",211,河北工业大学,过程装备与控制工程,exact_school_major,1,0080,河北工业大学,0M,过程装备与控制工程,2,,"(色弱,色盲不予录取)",物理,化学,5800,1_3_0080_5_0M
610,"10,587",211,河海大学,港口航道与海岸工程,exact_school_major,1,0294,河海大学,C1,港口航道与海岸工程,6,,"(大一、大三、大四在南京相应校区学习,大二在常州校区学习)",物理,化学,6380,1_3_0294_5_C1
610,"10,587",211,河海大学,交通工程,exact_school_major,1,0294,河海大学,D3,交通工程,2,,"(大一、大三、大四在南京相应校区学习,大二在常州校区学习)",物理,化学,6380,1_3_0294_5_D3
610,"10,587",211,海军军医大学,药学,exact_school_major,1,J017,海军军医大学,AE,药学,2,,"(仅招收普通高中应届毕业生,政治面貌须为共青团员或中共党员,特控线上录取；色盲、色弱、单色不能识别考生不予录取)",物理,化学,5000,1_3_J017_5_AE
610,"10,587",211,湖南师范大学,法学,exact_school_major,1,0542,湖南师范大学,E0,法学,2,,,物理,无限制,5500,1_3_0542_5_E0
610,"10,587",211,湖南师范大学,数据科学与大数据技术,exact_school_major,1,0542,湖南师范大学,M4,数据科学与大数据技术,2,,,物理,化学,5300,1_3_0542_5_M4
610,"10,587",211,西北大学,物理学,exact_school_major,1,0697,西北大学,39,物理学,2,,(基地班),物理,化学,5250,1_3_0697_5_39
610,"10,587",211,西南交通大学,工业设计,exact_school_major,1,0613,西南交通大学,16,工业设计,2,,,物理,化学,6240,1_3_0613_5_16
610,"10,587",211,西南大学,经济学类(经济学、金融学),exact_school_major,1,0635,西南大学,52,经济学类(经济学、金融学),1,,,物理,无限制,6000,1_3_0635_5_52
610,"10,587",211,西南财经大学,经济与贸易类[国际商务(双语实验班)、国际经济与贸易(双语实验班)],exact_school_major,1,0651,西南财经大学,25,经济与贸易类[国际商务(双语实验班)、国际经济与贸易(双语实验班)],1,,,物理,无限制,8000,1_3_0651_5_25
610,"10,587",211,郑州大学,密码科学与技术,exact_school_major,1,0459,郑州大学,70,密码科学与技术,5,,,物理,化学,5000,1_3_0459_5_70
610,"10,587",211,长安大学,交通工程,exact_school_major,1,0710,长安大学,30,交通工程,2,,,物理,化学,6600,1_3_0710_5_30
609,"10,891",985,东北大学秦皇岛分校,经济学类(经济学、金融学、国际经济与贸易),exact_school_major,1,9145,东北大学秦皇岛分校,01,经济学类(经济学、金融学、国际经济与贸易),5,,,物理,无限制,6240,1_3_9145_5_01
609,"10,891",985,中国农业大学,城乡规划,exact_school_major,1,0019,中国农业大学,52,城乡规划,2,,"(新生到北京报到,集体安排在双清路1号住宿。在北京完成第一年学习后,从第二年起到我校烟台研究院进行教学和实习至毕业。不得转入此类型以外专业)",物理,化学,5000,1_3_0019_5_52
609,"10,891",985,中央民族大学,生物科学类(生物科学、生态学),unmatched_name_changed_or_not_in_2026_physics_plan,0,,,,,,,,,,,
609,"10,891",985,兰州大学,药学,unmatched_name_changed_or_not_in_2026_physics_plan,0,,,,,,,,,,,
609,"10,891",985,厦门大学,计算机科学与技术(厦门大学马来西亚分校招生专业),exact_school_major,1,0384,厦门大学,M9,计算机科学与技术(厦门大学马来西亚分校招生专业),3,,"(学费3.1万林吉特/学年。全英文授课,非英语语种考生慎报,外语单科不低于120分。入学第一学年内获得专业要求的达标英语成绩后开始学位课程学习。办学地点在马来西亚雪邦)",物理,化学,,1_3_0384_5_M9
609,"10,891",985,厦门大学,电子信息工程(厦门大学马来西亚分校招生专业),exact_school_major,1,0384,厦门大学,MB,电子信息工程(厦门大学马来西亚分校招生专业),2,,"(学费3.1万林吉特/学年。全英文授课,非英语语种考生慎报,外语单科不低于120分。入学第一学年内获得专业要求的达标英语成绩后开始学位课程学习。办学地点在马来西亚雪邦)",物理,化学,,1_3_0384_5_MB
609,"10,891",985,吉林大学,地质类(地质学、资源勘查工程、土地资源管理),exact_school_major_multiple_plan_rows,2,0183,吉林大学,AA,地质类(地质学、资源勘查工程、土地资源管理),8,,"(实行“类内专业分流任选”,100%按照学生意愿分流)",物理,化学,6070,1_3_0183_5_AA
609,"10,891",985,吉林大学,地质类(地质学、资源勘查工程、土地资源管理),exact_school_major_multiple_plan_rows,2,0183,吉林大学,AE,地质类(地质学、资源勘查工程、土地资源管理),2,(高校专项计划),"(实行“类内专业分流任选”,100%按照学生意愿分流)(特控线上录取)(教育部高校专项计划,只投档符合报考条件的考生)",物理,化学,6070,1_3_0183_5_AE
609,"10,891",985,大连理工大学(盘锦校区),能源化学工程,exact_school_major,1,9141,大连理工大学(盘锦校区),01,能源化学工程,79,,(含能源化学工程、化学工程与工业生物工程。非英语语种考生慎重报考。不招色盲、色弱考生),物理,化学,6240,1_3_9141_5_01
609,"10,891",985,西北农林科技大学,植物生产类(卓越班)(农学、植物保护、园艺),unmatched_name_changed_or_not_in_2026_physics_plan,0,,,,,,,,,,,
609,"10,891",985,西北农林科技大学,动物医学(卓越班),unmatched_name_changed_or_not_in_2026_physics_plan,0,,,,,,,,,,,
609,"10,891",211,东华大学,纺织工程(双学士学位）,unmatched_name_changed_or_not_in_2026_physics_plan,0,,,,,,,,,,,
609,"10,891",211,中国传媒大学,智能影像艺术,exact_school_major,1,0033,中国传媒大学,24,智能影像艺术,2,,,物理,无限制,8000,1_3_0033_5_24
609,"10,891",211,中国地质大学(北京),信息管理与信息系统,exact_school_major,1,1415,中国地质大学(北京),30,信息管理与信息系统,2,,"(一年级在北京校区,二年级起在雄安校区；不招单色识别不全)",物理,无限制,5000,1_3_1415_5_30
609,"10,891",211,中国地质大学(北京),数据计算及应用,exact_school_major,1,1415,中国地质大学(北京),54,数据计算及应用,2,,"(一年级在北京校区,二年级起在雄安校区)",物理,化学,5500,1_3_1415_5_54
609,"10,891",211,中国石油大学(北京),材料科学与工程,exact_school_major,1,1414,中国石油大学(北京),15,材料科学与工程,2,,,物理,化学,5200,1_3_1414_5_15
609,"10,891",211,中国矿业大学,数学类(数学与应用数学、统计学),exact_school_major,1,0290,中国矿业大学,0G,数学类(数学与应用数学、统计学),8,,,物理,化学,5500,1_3_0290_5_0G
609,"10,891",211,中国矿业大学(北京),工程力学,exact_school_major,1,1413,中国矿业大学(北京),71,工程力学,3,,,物理,化学,5500,1_3_1413_5_71
609,"10,891",211,中国药科大学,中药学类(中药学、中药资源与开发、中药制药),exact_school_major_multiple_plan_rows,2,0316,中国药科大学,05,中药学类(中药学、中药资源与开发、中药制药),4,,(不招色盲色弱),物理,化学,7480,1_3_0316_5_05
609,"10,891",211,中国药科大学,中药学类(中药学、中药资源与开发、中药制药),exact_school_major_multiple_plan_rows,2,0316,中国药科大学,AB,中药学类(中药学、中药资源与开发、中药制药),1,(高校专项计划),"[不招色盲色弱；高考投档成绩(含政策性加分)需达到特殊类型招生控制分数线之上30分(含)](教育部高校专项计划,只投档符合报考条件的考生)",物理,化学,7480,1_3_0316_5_AB
609,"10,891",211,云南大学,计算机科学与技术,exact_school_major,1,0673,云南大学,2H,计算机科学与技术,2,,,物理,地理,5600,1_3_0673_5_2H
609,"10,891",211,北京工业大学,电子信息工程(中外合作办学),exact_school_major,1,0005,北京工业大学,70,电子信息工程(中外合作办学),2,,"(学费9.5万/学年,第一年在平乐园校区,第二、三、四学年根据学校规划安排在平乐园校区或房山校区)",物理,化学,95000,1_3_0005_5_70
609,"10,891",211,北京林业大学,风景园林(梁希实验班),exact_school_major,1,0022,北京林业大学,27,风景园林(梁希实验班),1,,(北京校区),物理,无限制,5500,1_3_0022_5_27
609,"10,891",211,华中农业大学,园艺(国家卓越农林人才计划),exact_school_major,1,0504,华中农业大学,18,园艺(国家卓越农林人才计划),2,,(不招色盲),物理,化学,4500,1_3_0504_5_18
609,"10,891",211,华北电力大学(北京),供应链管理,unmatched_name_changed_or_not_in_2026_physics_plan,0,,,,,,,,,,,
609,"10,891",211,南昌大学,数学与应用数学,exact_school_major,1,0403,南昌大学,47,数学与应用数学,3,,,物理,化学,5250,1_3_0403_5_47
609,"10,891",211,南昌大学,信息与计算科学,exact_school_major,1,0403,南昌大学,48,信息与计算科学,2,,,物理,化学,5550,1_3_0403_5_48
609,"10,891",211,南昌大学,测控技术与仪器,exact_school_major,1,0403,南昌大学,5D,测控技术与仪器,4,,,物理,化学,5250,1_3_0403_5_5D
609,"10,891",211,合肥工业大学,材料科学与工程,unmatched_name_changed_or_not_in_2026_physics_plan,0,,,,,,,,,,,
609,"10,891",211,暨南大学,生物医学工程,exact_school_major,1,0559,暨南大学,34,生物医学工程,2,,(广州石牌校区),物理,化学,6850,1_3_0559_5_34
609,"10,891",211,武汉理工大学,管理科学与工程类(大数据与智慧安全应急)(大数据管理与应用、安全工程、应急管理),exact_school_major,1,0497,武汉理工大学,32,管理科学与工程类(大数据与智慧安全应急)(大数据管理与应用、安全工程、应急管理),5,,(不招收单色识别能力异常考生),物理,化学,4500,1_3_0497_5_32
609,"10,891",211,河海大学,农业水利工程,unmatched_name_changed_or_not_in_2026_physics_plan,0,,,,,,,,,,,
609,"10,891",211,海军军医大学,临床医学,exact_school_major,1,J017,海军军医大学,AB,临床医学,11,,"(仅招收普通高中应届毕业生,政治面貌须为共青团员或中共党员,特控线上录取；色盲、色弱、单色不能识别考生不予录取)",物理,化学,5000,1_3_J017_5_AB
609,"10,891",211,海南大学,自动化,exact_school_major,1,0589,海南大学,0Z,自动化,2,,,物理,化学,4600,1_3_0589_5_0Z
609,"10,891",211,西北大学,经济统计学,exact_school_major,1,0697,西北大学,27,经济统计学,2,,(数据技术应用实验班),物理,无限制,5500,1_3_0697_5_27
609,"10,891",211,郑州大学,数学类(数学与应用数学、信息与计算科学、统计学),unmatched_name_changed_or_not_in_2026_physics_plan,0,,,,,,,,,,,
609,"10,891",211,长安大学,道路桥梁与渡河工程(茅以升班),unmatched_name_changed_or_not_in_2026_physics_plan,0,,,,,,,,,,,
608,"11,166",985,厦门大学,金融学(厦门大学马来西亚分校招生专业),exact_school_major,1,0384,厦门大学,M2,金融学(厦门大学马来西亚分校招生专业),2,,"(学费2.9万林吉特/学年。全英文授课,非英语语种考生慎报,外语单科不低于120分。入学第一学年内获得专业要求的达标英语成绩后开始学位课程学习。办学地点在马来西亚雪邦)",物理,无限制,,1_3_0384_5_M2
608,"11,166",985,大连理工大学(盘锦校区),海洋技术,exact_school_major,1,9141,大连理工大学(盘锦校区),02,海洋技术,44,,(非英语语种考生慎重报考。不招色盲、色弱考生),物理,化学,6240,1_3_9141_5_02
608,"11,166",211,东华大学,生物医学工程,exact_school_major,1,0255,东华大学,37,生物医学工程,3,,"(不招色弱、色盲考生,设置生物材料医疗器械与微纳诊疗、柔性电子与智能可穿戴医疗2个主要学科方向)",物理,化学,7000,1_3_0255_5_37
608,"11,166",211,中国地质大学(北京),地质学(理科基地班),exact_school_major,1,1415,中国地质大学(北京),02,地质学(理科基地班),2,,(不招色盲、色弱、单色识别不全),物理,化学,5500,1_3_1415_5_02
608,"11,166",211,中国石油大学(北京),资源勘查工程(油气与清洁地质能源),unmatched_name_changed_or_not_in_2026_physics_plan,0,,,,,,,,,,,
608,"11,166",211,中国石油大学(华东),资源勘查工程,exact_school_major,1,0425,中国石油大学(华东),05,资源勘查工程,3,,,物理,化学,6600,1_3_0425_5_05
608,"11,166",211,中国石油大学(华东),化工与制药类(化工安全工程、化学工程与工艺、能源化学工程),exact_school_major,1,0425,中国石油大学(华东),14,化工与制药类(化工安全工程、化学工程与工艺、能源化学工程),10,,(学生分流时可自由选择类内专业；入学后可选拔进入智能化工类特色班、能源化工拔尖班、化学拔尖班),物理,化学,6600,1_3_0425_5_14
608,"11,166",211,中国石油大学(华东),工程力学,exact_school_major,1,0425,中国石油大学(华东),19,工程力学,2,,(入学后可选拔进入能源储运类特色班或数力拔尖班),物理,化学,6600,1_3_0425_5_19
608,"11,166",211,中国矿业大学,新能源材料与器件,exact_school_major,1,0290,中国矿业大学,0E,新能源材料与器件,4,,,物理,化学,5800,1_3_0290_5_0E
608,"11,166",211,中国矿业大学,大数据管理与应用,exact_school_major,1,0290,中国矿业大学,1A,大数据管理与应用,6,,(不招单色识别不全者),物理,无限制,5200,1_3_0290_5_1A
608,"11,166",211,中国矿业大学(北京),碳储科学与工程,exact_school_major,1,1413,中国矿业大学(北京),44,碳储科学与工程,2,,,物理,化学,5500,1_3_1413_5_44
608,"11,166",211,中国药科大学,药事管理,unmatched_name_changed_or_not_in_2026_physics_plan,0,,,,,,,,,,,
608,"11,166",211,云南大学,光电信息科学与工程,exact_school_major,1,0673,云南大学,2B,光电信息科学与工程,1,,,物理,地理,5000,1_3_0673_5_2B
608,"11,166",211,云南大学,通信工程,exact_school_major,1,0673,云南大学,2G,通信工程,1,,,物理,地理,5600,1_3_0673_5_2G
608,"11,166",211,北京交通大学,经济管理试验班(民族班，只招少数民族考生)(经济学、金融学、物流管理、信息管理与信息系统),unmatched_name_changed_or_not_in_2026_physics_plan,0,,,,,,,,,,,
608,"11,166",211,北京交通大学(威海校区),计算机科学与技术(中外合作办学),exact_school_major,1,9004,北京交通大学(威海校区),02,计算机科学与技术(中外合作办学),4,,"(合作方英国兰卡斯特大学,4+0模式。大量全英文授课,专业课全英文教材,要求较好的英语基础)",物理,化学,100000,1_3_9004_5_02
608,"11,166",211,北京林业大学,法学,exact_school_major,1,0022,北京林业大学,49,法学,2,,"(一二年级在北京校区培养,三年级起在雄安校区培养)",物理,无限制,5000,1_3_0022_5_49
608,"11,166",211,北京邮电大学,智能医学工程(中外合作办学),exact_school_major,1,0013,北京邮电大学,0X,智能医学工程(中外合作办学),5,,"[四年教学均安排在海南校区(海南省陵水黎安国际教育创新试验区)。本专业部分课程采用英语授课,建议非英语考生慎重报考]",物理,化学,100000,1_3_0013_5_0X
608,"11,166",211,华北电力大学(保定),会计学,exact_school_major,1,0079,华北电力大学(保定),0U,会计学,2,,,物理,无限制,5000,1_3_0079_5_0U
608,"11,166",211,华北电力大学(保定),应用物理学,exact_school_major,1,0079,华北电力大学(保定),0H,应用物理学,2,,,物理,化学,5500,1_3_0079_5_0H
608,"11,166",211,南京农业大学,生物科学(生物学基地班),unmatched_name_changed_or_not_in_2026_physics_plan,0,,,,,,,,,,,
608,"11,166",211,南京农业大学,机械类(工业设计、车辆工程、机械工程),unmatched_name_changed_or_not_in_2026_physics_plan,0,,,,,,,,,,,
608,"11,166",211,合肥工业大学,交通工程,unmatched_name_changed_or_not_in_2026_physics_plan,0,,,,,,,,,,,
608,"11,166",211,太原理工大学,工程力学(试验班),exact_school_major,1,0112,太原理工大学,3P,工程力学(试验班),2,,(明向校区),物理,化学,5500,1_3_0112_5_3P
608,"11,166",211,广西大学,电气工程及其自动化,exact_school_major,1,0593,广西大学,15,电气工程及其自动化,5,,,物理,化学,5974,1_3_0593_5_15
608,"11,166",211,暨南大学,工程力学(钱伟长创新班),exact_school_major,1,0559,暨南大学,26,工程力学(钱伟长创新班),2,,(广州石牌校区),物理,化学,6850,1_3_0559_5_26
608,"11,166",211,江南大学,临床医学,exact_school_major,1,0295,江南大学,27,临床医学,2,,(色盲、色弱及不能准确识别红、黄、绿、兰、紫各种颜色中任何一种颜色的导线、按键、信号灯、几何图形者不予录取),物理,化学,6800,1_3_0295_5_27
608,"11,166",211,湖南师范大学,机械设计制造及其自动化,exact_school_major,1,0542,湖南师范大学,T9,机械设计制造及其自动化,2,,,物理,化学,6500,1_3_0542_5_T9
608,"11,166",211,西北大学,物理学类(物理学、应用物理学、材料物理、光电信息科学与工程),unmatched_name_changed_or_not_in_2026_physics_plan,0,,,,,,,,,,,
608,"11,166",211,西南交通大学,材料类(材料科学与工程、材料成型及控制工程),exact_school_major,1,0613,西南交通大学,50,材料类(材料科学与工程、材料成型及控制工程),5,,,物理,化学,6240,1_3_0613_5_50
608,"11,166",211,西南财经大学,管理科学与工程类(计算金融、大数据管理与应用、信息管理与信息系统),exact_school_major,1,0651,西南财经大学,27,管理科学与工程类(计算金融、大数据管理与应用、信息管理与信息系统),3,,,物理,无限制,5760,1_3_0651_5_27
608,"11,166",211,辽宁大学,纪检监察,exact_school_major,1,0140,辽宁大学,85,纪检监察,34,,,物理,无限制,5520,1_3_0140_5_85
607,"11,450",985,中国农业大学,国际经济与贸易(中外合作办学),exact_school_major,1,0019,中国农业大学,30,国际经济与贸易(中外合作办学),3,,"[国内学习一年级10万元/(生/年),二年级起12.98万元/(生/年),2026年学费按每生每年26～34学分学时量核算。出国学习由合作院校按留学生标准收取学费。学生可选择在中国农大学习4年,也可自愿申请第三年赴美国科罗拉多大学(丹佛)交流1-2年,非强制。详情请向学校咨询]",物理,无限制,待定,1_3_0019_5_30
607,"11,450",985,兰州大学,经济学类(经济学、国际经济与贸易、金融学),unmatched_name_changed_or_not_in_2026_physics_plan,0,,,,,,,,,,,
607,"11,450",985,西北农林科技大学,生物科学类(生物科学、生物技术、生物工程),exact_school_major,1,0712,西北农林科技大学,48,生物科学类(生物科学、生物技术、生物工程),4,,(色弱色盲不能录取),物理,地理,6600,1_3_0712_5_48
607,"11,450",985,重庆大学,物理学(中外合作办学),unmatched_name_changed_or_not_in_2026_physics_plan,0,,,,,,,,,,,
607,"11,450",211,东北农业大学,农业机械化及其自动化(拔尖人才培养班),exact_school_major,1,0224,东北农业大学,23,农业机械化及其自动化(拔尖人才培养班),2,,(实行动态考核与分流培养的管理机制),物理,化学,3800,1_3_0224_5_23
607,"11,450",211,东华大学,化学类(轻化工程、应用化学),unmatched_name_changed_or_not_in_2026_physics_plan,0,,,,,,,,,,,
607,"11,450",211,中南财经政法大学,少数民族预科班,exact_school_major,1,0520,中南财经政法大学,91,少数民族预科班,1,,(培养地点：中南财经政法大学),物理,无限制,3375,1_3_0520_5_91
607,"11,450",211,中国石油大学(北京),工商管理类(会计学、财务管理),exact_school_major,1,1414,中国石油大学(北京),28,工商管理类(会计学、财务管理),5,,,物理,无限制,5000,1_3_1414_5_28
607,"11,450",211,中国石油大学(华东),应用化学,exact_school_major,1,0425,中国石油大学(华东),13,应用化学,5,,(入学后可选拔进入智能化工类特色班、能源化工拔尖班、化学拔尖班),物理,化学,6600,1_3_0425_5_13
607,"11,450",211,中国矿业大学,过程装备与控制工程,exact_school_major,1,0290,中国矿业大学,0L,过程装备与控制工程,4,,(不招收色盲、色弱、单色识别不全),物理,化学,5800,1_3_0290_5_0L
607,"11,450",211,云南大学,软件工程,exact_school_major,1,0673,云南大学,2L,软件工程,3,,(第三、四学年学费12000元/年),物理,地理,5000,1_3_0673_5_2L
607,"11,450",211,北京中医药大学,生物工程(交叉创新班),unmatched_name_changed_or_not_in_2026_physics_plan,0,,,,,,,,,,,
607,"11,450",211,华北电力大学(北京),环境科学,unmatched_name_changed_or_not_in_2026_physics_plan,0,,,,,,,,,,,
607,"11,450",211,华南师范大学,网络工程,exact_school_major,1,0574,华南师范大学,1C,网络工程,3,,"(大一学年在南海校园就读,之后回到石牌校园培养)",物理,化学,6850,1_3_0574_5_1C
607,"11,450",211,南京农业大学,农业电气化,exact_school_major,1,0307,南京农业大学,46,农业电气化,2,,,物理,化学,6380,1_3_0307_5_46
607,"11,450",211,南京航空航天大学,工业工程(中外合作办学),exact_school_major,1,0287,南京航空航天大学,2U,工业工程(中外合作办学),3,,,物理,化学,65000,1_3_0287_5_2U
607,"11,450",211,大连海事大学,交通管理,exact_school_major_multiple_plan_rows,2,0151,大连海事大学,26,交通管理,12,,,物理,无限制,5980,1_3_0151_5_26
607,"11,450",211,大连海事大学,交通管理,exact_school_major_multiple_plan_rows,2,0151,大连海事大学,AG,交通管理,1,(高校专项计划),"(特控线上录取)(教育部高校专项计划,只投档符合报考条件的考生)",物理,无限制,5980,1_3_0151_5_AG
607,"11,450",211,天津医科大学,护理学,exact_school_major,1,0062,天津医科大学,2Z,护理学,2,,(色盲、色弱考生不予录取),物理,化学,5800,1_3_0062_5_2Z
607,"11,450",211,太原理工大学,过程装备与控制工程,exact_school_major,1,0112,太原理工大学,2Q,过程装备与控制工程,2,,(明向校区),物理,化学,5500,1_3_0112_5_2Q
607,"11,450",211,暨南大学,材料科学与工程,exact_school_major,1,0559,暨南大学,39,材料科学与工程,3,,(广州番禺校区),物理,化学,6850,1_3_0559_5_39
607,"11,450",211,武汉理工大学,化工与制药类(含生物方向)(生物技术、应用化学、化学工程与工艺、制药工程),exact_school_major,1,0497,武汉理工大学,23,化工与制药类(含生物方向)(生物技术、应用化学、化学工程与工艺、制药工程),3,,(不招收色盲、色弱、单色识别能力异常考生),物理,化学,4500,1_3_0497_5_23
607,"11,450",211,武汉理工大学,数字经济,unmatched_name_changed_or_not_in_2026_physics_plan,0,,,,,,,,,,,
607,"11,450",211,湖南师范大学,软件工程,exact_school_major,1,0542,湖南师范大学,V3,软件工程,2,,,物理,化学,6500,1_3_0542_5_V3
607,"11,450",211,福州大学,储能科学与工程,exact_school_major,1,0386,福州大学,03,储能科学与工程,4,,(第一学年在福州市铜盘校区培养),物理,化学,5460,1_3_0386_5_03
607,"11,450",211,福州大学,化学,exact_school_major,1,0386,福州大学,52,化学,4,,"(不招色弱、色盲、单色识别不全的考生,第一学年在福州市铜盘校区培养)",物理,化学,5460,1_3_0386_5_52
607,"11,450",211,西南交通大学,道路桥梁与渡河工程,exact_school_major,1,0613,西南交通大学,40,道路桥梁与渡河工程,3,,,物理,化学,6240,1_3_0613_5_40
607,"11,450",211,西南交通大学,测绘类(测绘工程、遥感科学与技术、地理信息科学),exact_school_major,1,0613,西南交通大学,42,测绘类(测绘工程、遥感科学与技术、地理信息科学),2,,,物理,化学,6240,1_3_0613_5_42
607,"11,450",211,西南交通大学,智能建造,exact_school_major,1,0613,西南交通大学,35,智能建造,3,,成都东部国际校区,物理,化学,6240,1_3_0613_5_35
607,"11,450",211,西南大学,计算机科学与技术(中外合作办学),exact_school_major,1,0635,西南大学,Z1,计算机科学与技术(中外合作办学),2,,"(不招单色识别不全考生)(国内学习3年、国外1年,在西南大学就读期间学费6万元/年,在外方高校就读期间,按外方高校学费标准缴纳学费。外方合作高校：新西兰奥克兰大学。主要授课语言为英语,非英语语种考生谨慎报考)",物理,化学,60000,1_3_0635_5_Z1
607,"11,450",211,辽宁大学,法学,exact_school_major_multiple_plan_rows,2,0140,辽宁大学,31,法学,50,,,物理,无限制,5520,1_3_0140_5_31
607,"11,450",211,辽宁大学,法学,exact_school_major_multiple_plan_rows,2,0140,辽宁大学,AC,法学,6,(地方专项计划),"(辽宁省高校专项计划,只投档符合报考条件的考生)",物理,无限制,5520,1_3_0140_5_AC
607,"11,450",211,郑州大学,机械类(机械工程、能源与动力工程),unmatched_name_changed_or_not_in_2026_physics_plan,0,,,,,,,,,,,
607,"11,450",211,长安大学,大数据管理与应用,exact_school_major,1,0710,长安大学,32,大数据管理与应用,3,,,物理,无限制,5500,1_3_0710_5_32
606,"11,742",985,兰州大学,工商管理类(含基地班),unmatched_name_changed_or_not_in_2026_physics_plan,0,,,,,,,,,,,
606,"11,742",985,厦门大学,化学工程与工艺(厦门大学马来西亚分校招生专业),exact_school_major,1,0384,厦门大学,M5,化学工程与工艺(厦门大学马来西亚分校招生专业),2,,"(学费3万林吉特/学年。全英文授课,非英语语种考生慎报,外语单科不低于120分。入学第一学年内获得专业要求的达标英语成绩后开始学位课程学习。办学地点在马来西亚雪邦)",物理,化学,,1_3_0384_5_M5
606,"11,742",985,厦门大学,软件工程(厦门大学马来西亚分校招生专业),exact_school_major,1,0384,厦门大学,MA,软件工程(厦门大学马来西亚分校招生专业),3,,"(学费3.1万林吉特/学年。全英文授课,非英语语种考生慎报,外语单科不低于120分。入学第一学年内获得专业要求的达标英语成绩后开始学位课程学习。办学地点在马来西亚雪邦)",物理,化学,,1_3_0384_5_MA
606,"11,742",985,吉林大学,土木类(土木工程、地质工程),exact_school_major,1,0183,吉林大学,AH,土木类(土木工程、地质工程),11,,"(实行“类内专业分流任选”,100%按照学生意愿分流)",物理,化学,6830,1_3_0183_5_AH
606,"11,742",985,吉林大学,动物医学,exact_school_major,1,0183,吉林大学,BH,动物医学,14,(农林类),,物理,化学,6320,1_3_0183_5_BH
606,"11,742",985,大连理工大学(盘锦校区),经济学类(电子商务、经济学),exact_school_major,1,9141,大连理工大学(盘锦校区),04,经济学类(电子商务、经济学),23,,(非英语语种考生慎重报考),物理,无限制,6240,1_3_9141_5_04
606,"11,742",985,西北农林科技大学,农学(农学类),unmatched_name_changed_or_not_in_2026_physics_plan,0,,,,,,,,,,,
606,"11,742",985,西北农林科技大学,水利类(水利水电工程、水文与水资源工程、农业水利工程、能源与动力工程),exact_school_major,1,0712,西北农林科技大学,32,水利类(水利水电工程、水文与水资源工程、农业水利工程、能源与动力工程),4,,,物理,化学,6600,1_3_0712_5_32
606,"11,742",211,东华大学,生物工程(生物医药方向),exact_school_major,1,0255,东华大学,36,生物工程(生物医药方向),2,,(不招色弱、色盲考生)含合成生物学、衰老与重大疾病诊疗方向,物理,化学,7000,1_3_0255_5_36
606,"11,742",211,中国传媒大学,广告学(品牌学方向),exact_school_major,1,0033,中国传媒大学,33,广告学(品牌学方向),3,,,物理,无限制,5000,1_3_0033_5_33
606,"11,742",211,中国地质大学(北京),地理信息科学,exact_school_major,1,1415,中国地质大学(北京),15,地理信息科学,2,,"(一年级在北京校区,二年级起在雄安校区；不招色盲、单色识别不全)",物理,化学,5500,1_3_1415_5_15
606,"11,742",211,中国石油大学(北京),勘查技术与工程,exact_school_major,1,1414,中国石油大学(北京),12,勘查技术与工程,4,,,物理,化学,5500,1_3_1414_5_12
606,"11,742",211,中国石油大学(北京),安全工程,exact_school_major,1,1414,中国石油大学(北京),13,安全工程,2,,,物理,化学,5200,1_3_1414_5_13
606,"11,742",211,中国石油大学(华东),应用物理学,exact_school_major,1,0425,中国石油大学(华东),44,应用物理学,2,,(入学后可选拔进入数力拔尖班),物理,化学,6600,1_3_0425_5_44
606,"11,742",211,中国矿业大学,遥感科学与技术,exact_school_major,1,0290,中国矿业大学,0K,遥感科学与技术,4,,,物理,化学,5800,1_3_0290_5_0K
606,"11,742",211,云南大学,物联网工程,exact_school_major,1,0673,云南大学,2J,物联网工程,1,,,物理,地理,5000,1_3_0673_5_2J
606,"11,742",211,北京中医药大学,法学(医药卫生),unmatched_name_changed_or_not_in_2026_physics_plan,0,,,,,,,,,,,
606,"11,742",211,北京林业大学,生物科学类(生物科学、生物技术),exact_school_major,1,0022,北京林业大学,21,生物科学类(生物科学、生物技术),2,,(北京校区),物理,化学,5500,1_3_0022_5_21
606,"11,742",211,北京邮电大学,信息与计算科学(中外合作办学),exact_school_major,1,0013,北京邮电大学,0V,信息与计算科学(中外合作办学),4,,"[四年教学均安排在海南校区(海南省陵水黎安国际教育创新试验区)。本专业部分课程采用英语授课,建议非英语考生慎重报考]",物理,化学,100000,1_3_0013_5_0V
606,"11,742",211,华北电力大学(保定),信息管理与信息系统,unmatched_name_changed_or_not_in_2026_physics_plan,0,,,,,,,,,,,
606,"11,742",211,合肥工业大学,应用物理学,exact_school_major,1,0359,合肥工业大学,26,应用物理学,4,,"(有体检要求,具体参见学校章程)",物理,化学,5500,1_3_0359_5_26
606,"11,742",211,合肥工业大学,交通运输,exact_school_major,1,0359,合肥工业大学,28,交通运输,4,,,物理,化学,5500,1_3_0359_5_28
606,"11,742",211,大连海事大学,管理科学与工程类(信息管理与信息系统、大数据管理与应用、电子商务),exact_school_major,1,0151,大连海事大学,05,管理科学与工程类(信息管理与信息系统、大数据管理与应用、电子商务),11,,,物理,无限制,5200,1_3_0151_5_05
606,"11,742",211,江南大学,制药工程,exact_school_major,1,0295,江南大学,24,制药工程,4,,(色盲、色弱及不能准确识别红、黄、绿、兰、紫各种颜色中任何一种颜色的导线、按键、信号灯、几何图形者不予录取),物理,化学,6380,1_3_0295_5_24
606,"11,742",211,河海大学,海洋资源开发技术,exact_school_major,1,0294,河海大学,C3,海洋资源开发技术,2,,"(大一、大三、大四在南京相应校区学习,大二在常州校区学习)",物理,化学,6380,1_3_0294_5_C3
606,"11,742",211,海南大学,通信工程,exact_school_major,1,0589,海南大学,14,通信工程,2,,,物理,化学,4600,1_3_0589_5_14
606,"11,742",211,湖南师范大学,通信工程,exact_school_major,1,0542,湖南师范大学,V4,通信工程,2,,,物理,化学,6500,1_3_0542_5_V4
606,"11,742",211,西北大学,信息管理与信息系统,exact_school_major,1,0697,西北大学,30,信息管理与信息系统,2,,(数据科学与智能管理方向),物理,无限制,5500,1_3_0697_5_30
605,"12,013",985,东北大学秦皇岛分校,工商管理类(工商管理、会计学、健康服务与管理),exact_school_major,1,9145,东北大学秦皇岛分校,02,工商管理类(工商管理、会计学、健康服务与管理),3,,,物理,无限制,6240,1_3_9145_5_02
605,"12,013",985,兰州大学,临床医学,exact_school_major,1,0730,兰州大学,C3,临床医学,8,,(不招色盲色弱、单色识别不全考生),物理,化学,6200,1_3_0730_5_C3
605,"12,013",985,吉林大学,植物生产类(农学、植物保护、农业资源与环境),exact_school_major,1,0183,吉林大学,BK,植物生产类(农学、植物保护、农业资源与环境),10,(农林类),,物理,地理,6320,1_3_0183_5_BK
605,"12,013",985,西北农林科技大学,经济学(基础拔尖培养班),unmatched_name_changed_or_not_in_2026_physics_plan,0,,,,,,,,,,,
605,"12,013",985,西北农林科技大学,生物信息学,exact_school_major,1,0712,西北农林科技大学,49,生物信息学,2,,(色弱色盲不能录取),物理,地理,6600,1_3_0712_5_49
605,"12,013",985,西北农林科技大学,智慧农业,exact_school_major,1,0712,西北农林科技大学,11,智慧农业,2,,(色弱色盲不能录取),物理,化学,6600,1_3_0712_5_11
605,"12,013",985,西北农林科技大学,智慧水利,exact_school_major,1,0712,西北农林科技大学,33,智慧水利,4,,,物理,化学,6600,1_3_0712_5_33
605,"12,013",985,西北农林科技大学,食品科学与工程类(食品科学与工程、食品质量与安全),unmatched_name_changed_or_not_in_2026_physics_plan,0,,,,,,,,,,,
605,"12,013",211,东北林业大学,计算机类(计算机科学与技术、软件工程),exact_school_major,1,0225,东北林业大学,18,计算机类(计算机科学与技术、软件工程),17,,,物理,化学,4000,1_3_0225_5_18
605,"12,013",211,东北林业大学,生物科学(拔尖人才成栋班),unmatched_name_changed_or_not_in_2026_physics_plan,0,,,,,,,,,,,
605,"12,013",211,东华大学,环境工程(双学士学位),unmatched_name_changed_or_not_in_2026_physics_plan,0,,,,,,,,,,,
605,"12,013",211,中国地质大学(北京),地质工程,exact_school_major,1,1415,中国地质大学(北京),05,地质工程,2,,,物理,化学,5500,1_3_1415_5_05
605,"12,013",211,中国地质大学(北京),安全工程,exact_school_major,1,1415,中国地质大学(北京),08,安全工程,2,,"(一年级在北京校区,二年级起在雄安校区)",物理,化学,5500,1_3_1415_5_08
605,"12,013",211,中国地质大学(武汉),地球物理学(国家拔尖计划),exact_school_major,1,0491,中国地质大学(武汉),20,地球物理学(国家拔尖计划),1,,,物理,化学,4500,1_3_0491_5_20
605,"12,013",211,中国石油大学(华东),勘查技术与工程,exact_school_major,1,0425,中国石油大学(华东),04,勘查技术与工程,3,,,物理,化学,6600,1_3_0425_5_04
605,"12,013",211,中国石油大学(华东),安全工程,exact_school_major,1,0425,中国石油大学(华东),18,安全工程,3,,(入学后可选拔进入机械类特色班),物理,化学,6600,1_3_0425_5_18
605,"12,013",211,中国石油大学(华东),材料类(材料成型及控制工程、材料科学与工程、新能源材料与器件),unmatched_name_changed_or_not_in_2026_physics_plan,0,,,,,,,,,,,
605,"12,013",211,中国矿业大学,工程力学,exact_school_major,1,0290,中国矿业大学,0R,工程力学,3,,,物理,化学,5800,1_3_0290_5_0R
605,"12,013",211,中国矿业大学,物理学类(应用物理学、光电信息科学与工程),exact_school_major,1,0290,中国矿业大学,0F,物理学类(应用物理学、光电信息科学与工程),6,,,物理,化学,5500,1_3_0290_5_0F
605,"12,013",211,北京中医药大学,药事管理,exact_school_major,1,0026,北京中医药大学,18,药事管理,2,,(色盲、色弱及其他各类不能准确识别颜色考生不予录取),物理,化学,5800,1_3_0026_5_18
605,"12,013",211,北京交通大学(威海校区),通信工程(中外合作办学),exact_school_major,1,9004,北京交通大学(威海校区),01,通信工程(中外合作办学),4,,"(合作方英国兰卡斯特大学,4+0模式。大量全英文授课,专业课全英文教材,要求较好的英语基础)",物理,化学,100000,1_3_9004_5_01
605,"12,013",211,北京林业大学,生物技术(与园艺专业双学士学位项目),exact_school_major,1,0022,北京林业大学,31,生物技术(与园艺专业双学士学位项目),3,,(北京校区),物理,化学,5500,1_3_0022_5_31
605,"12,013",211,北京林业大学,应用心理学,exact_school_major,1,0022,北京林业大学,51,应用心理学,3,,"(一二年级在北京校区培养,三年级起在雄安校区培养)",物理,无限制,5500,1_3_0022_5_51
605,"12,013",211,北京邮电大学,数字媒体技术(中外合作办学),exact_school_major,1,0013,北京邮电大学,0W,数字媒体技术(中外合作办学),4,,"[四年教学均安排在海南校区(海南省陵水黎安国际教育创新试验区)。本专业部分课程采用英语授课,建议非英语考生慎重报考]",物理,化学,100000,1_3_0013_5_0W
605,"12,013",211,南京师范大学,能源动力类(能源与动力工程、能源与环境系统工程、能源服务工程),exact_school_major,1,0319,南京师范大学,71,能源动力类(能源与动力工程、能源与环境系统工程、能源服务工程),3,,,物理,化学,5800,1_3_0319_5_71
605,"12,013",211,南昌大学,应用物理学,exact_school_major,1,0403,南昌大学,4D,应用物理学,2,,(不招色盲、单色不能识别的考生。),物理,化学,5250,1_3_0403_5_4D
605,"12,013",211,合肥工业大学,高分子材料与工程,exact_school_major,1,0359,合肥工业大学,16,高分子材料与工程,5,,"(有体检要求,具体参见学校章程)",物理,化学,5500,1_3_0359_5_16
605,"12,013",211,大连海事大学,交通运输类(交通运输、物流工程、材料科学与工程、土木工程、交通工程),unmatched_name_changed_or_not_in_2026_physics_plan,0,,,,,,,,,,,
605,"12,013",211,太原理工大学,应用物理学,exact_school_major,1,0112,太原理工大学,1C,应用物理学,3,,(明向校区),物理,化学,5100,1_3_0112_5_1C
605,"12,013",211,太原理工大学,工程力学,exact_school_major,1,0112,太原理工大学,1E,工程力学,3,,(明向校区),物理,化学,5500,1_3_0112_5_1E
605,"12,013",211,太原理工大学,生物医学工程(试验班),unmatched_name_changed_or_not_in_2026_physics_plan,0,,,,,,,,,,,
605,"12,013",211,武汉理工大学,物流工程,unmatched_name_changed_or_not_in_2026_physics_plan,0,,,,,,,,,,,
605,"12,013",211,武汉理工大学,经济学类(经济学、金融学),unmatched_name_changed_or_not_in_2026_physics_plan,0,,,,,,,,,,,
605,"12,013",211,江南大学,高分子材料与工程,exact_school_major,1,0295,江南大学,19,高分子材料与工程,5,,(色盲、色弱及不能准确识别红、黄、绿、兰、紫各种颜色中任何一种颜色的导线、按键、信号灯、几何图形者不予录取),物理,化学,6380,1_3_0295_5_19
605,"12,013",211,河海大学,海洋技术,exact_school_major,1,0294,河海大学,L3,海洋技术,2,,"(大一、大三、大四在南京相应校区学习,大二在常州校区学习)",物理,化学,6050,1_3_0294_5_L3
605,"12,013",211,湖南师范大学,生物科学(师范),exact_school_major,1,0542,湖南师范大学,Q1,生物科学(师范),4,(师范类),(含世承书院国家生命科学与技术人才培养基地班),物理,化学,4000,1_3_0542_5_Q1
605,"12,013",211,郑州大学,物理学类(物理学、电子科学与技术、测控技术与仪器),unmatched_name_changed_or_not_in_2026_physics_plan,0,,,,,,,,,,,
605,"12,013",211,郑州大学,临床医学(第二临床学院),exact_school_major,1,0459,郑州大学,83,临床医学(第二临床学院),5,,(不招收色盲、色弱及单色识别不全考生),物理,化学,6300,1_3_0459_5_83
605,"12,013",211,长安大学,道路桥梁与渡河工程,exact_school_major,1,0710,长安大学,15,道路桥梁与渡河工程,5,,,物理,化学,6600,1_3_0710_5_15
604,"12,332",985,东北大学秦皇岛分校,电子商务,exact_school_major,1,9145,东北大学秦皇岛分校,05,电子商务,3,,,物理,无限制,6240,1_3_9145_5_05
604,"12,332",985,东北大学秦皇岛分校,应用统计学(中外合作办学),exact_school_major,1,9145,东北大学秦皇岛分校,Z3,应用统计学(中外合作办学),6,,"[“3+1”培养模式,国内学费56000元/学年,国外学习阶段学费按照悉尼科技大学当年学费标准(约47320澳元/学年)由悉尼科技大学收取,同时免收国内学费。入学后采用英文教材和英语授课,外语语种为非英语的考生请慎重报考]",物理,化学,56000,1_3_9145_5_Z3
604,"12,332",985,中南大学,土木工程(中外合作办学),unmatched_name_changed_or_not_in_2026_physics_plan,0,,,,,,,,,,,
604,"12,332",985,中国海洋大学,食品科学与工程(中外合作办学),unmatched_name_changed_or_not_in_2026_physics_plan,0,,,,,,,,,,,
604,"12,332",985,厦门大学,网络空间安全(厦门大学马来西亚分校招生专业),exact_school_major,1,0384,厦门大学,MM,网络空间安全(厦门大学马来西亚分校招生专业),3,,"(学费3.2万林吉特/学年。全英文授课,非英语语种考生慎报,外语单科不低于120分。入学第一学年内获得专业要求的达标英语成绩后开始学位课程学习。办学地点在马来西亚雪邦)",物理,化学,,1_3_0384_5_MM
604,"12,332",985,吉林大学,物理学(中外合作办学),exact_school_major,1,0183,吉林大学,84,物理学(中外合作办学),5,,"(第4年在俄罗斯托姆斯克理工大学学习,学费外方收取)",物理,化学,39000,1_3_0183_5_84
604,"12,332",985,西北农林科技大学,制药工程,exact_school_major,1,0712,西北农林科技大学,17,制药工程,2,,(色弱色盲不能录取),物理,化学,6600,1_3_0712_5_17
604,"12,332",211,东北农业大学,电气工程及其自动化,exact_school_major,1,0224,东北农业大学,44,电气工程及其自动化,2,,,物理,化学,5500,1_3_0224_5_44
604,"12,332",211,东北师范大学,计算机科学与技术(中外合作办学),exact_school_major,1,0200,东北师范大学,G3,计算机科学与技术(中外合作办学),3,,,物理,化学,26000,1_3_0200_5_G3
604,"12,332",211,东华大学,管理科学与工程类(信息管理与信息系统、电子商务、供应链管理),exact_school_major,1,0255,东华大学,12,管理科学与工程类(信息管理与信息系统、电子商务、供应链管理),1,,其中信息管理与信息系统、电子商务专业授予工学学士学位,物理,化学,6500,1_3_0255_5_12
604,"12,332",211,中国地质大学(北京),勘查技术与工程,exact_school_major,1,1415,中国地质大学(北京),42,勘查技术与工程,2,,,物理,化学,5500,1_3_1415_5_42
604,"12,332",211,中国石油大学(华东),会计学,exact_school_major,1,0425,中国石油大学(华东),50,会计学,2,,[入学后可选拔进入会计学ACCA方向班；理科生(选考物理)可选拔进入经济管理实验班],物理,无限制,6600,1_3_0425_5_50
604,"12,332",211,中国矿业大学(北京),化学工程与工艺,exact_school_major_multiple_plan_rows,2,1413,中国矿业大学(北京),43,化学工程与工艺,4,,(专业录取的身体限制条件详见学校本科招生章程),物理,化学,5500,1_3_1413_5_43
604,"12,332",211,中国矿业大学(北京),化学工程与工艺,exact_school_major_multiple_plan_rows,2,1413,中国矿业大学(北京),AB,化学工程与工艺,1,(高校专项计划),"(专业录取的身体限制条件详见学校本科招生章程)(特控线上录取)(教育部高校专项计划,只投档符合报考条件的考生)",物理,化学,5500,1_3_1413_5_AB
604,"12,332",211,华中农业大学,农业工程类[农业机械化及其自动化(国家卓越工程师计划)、能源与动力工程],exact_school_major,1,0504,华中农业大学,25,农业工程类[农业机械化及其自动化(国家卓越工程师计划)、能源与动力工程],4,,,物理,化学,4500,1_3_0504_5_25
604,"12,332",211,南昌大学,材料成型及控制工程,exact_school_major,1,0403,南昌大学,5F,材料成型及控制工程,2,,,物理,化学,5250,1_3_0403_5_5F
604,"12,332",211,大连海事大学,经济学类(经济学、国际经济与贸易),exact_school_major,1,0151,大连海事大学,07,经济学类(经济学、国际经济与贸易),3,,,物理,无限制,5200,1_3_0151_5_07
604,"12,332",211,大连海事大学,供应链管理,exact_school_major,1,0151,大连海事大学,16,供应链管理,4,,,物理,无限制,5200,1_3_0151_5_16
604,"12,332",211,太原理工大学,高分子材料与工程,exact_school_major,1,0112,太原理工大学,3T,高分子材料与工程,3,,(虎峪校区),物理,化学,5500,1_3_0112_5_3T
604,"12,332",211,武汉理工大学,土木类(土木工程、建筑环境与能源应用工程、给排水科学与工程、工程管理),exact_school_major,1,0497,武汉理工大学,20,土木类(土木工程、建筑环境与能源应用工程、给排水科学与工程、工程管理),1,(高校专项计划),"(特控线上录取)(教育部高校专项计划,只投档符合报考条件的考生)",物理,化学,5850,1_3_0497_5_20
604,"12,332",211,河海大学,地理信息科学,exact_school_major,1,0294,河海大学,M2,地理信息科学,2,,"(大一、大三、大四在南京相应校区学习,大二在常州校区学习)",物理,化学,5500,1_3_0294_5_M2
604,"12,332",211,河海大学,材料科学与工程,exact_school_major,1,0294,河海大学,XQ,材料科学与工程,2,,"(大一在南京相应校区学习,大二起在常州校区学习)",物理,化学,6380,1_3_0294_5_XQ
604,"12,332",211,海南大学,电子信息工程,exact_school_major,1,0589,海南大学,13,电子信息工程,2,,,物理,化学,4600,1_3_0589_5_13
604,"12,332",211,海南大学,电子科学与技术,exact_school_major,1,0589,海南大学,12,电子科学与技术,2,,,物理,化学,4600,1_3_0589_5_12
604,"12,332",211,西南交通大学,环境工程,unmatched_name_changed_or_not_in_2026_physics_plan,0,,,,,,,,,,,
604,"12,332",211,西南大学,材料类(材料物理、金属材料工程、新能源材料与器件),exact_school_major,1,0635,西南大学,E1,材料类(材料物理、金属材料工程、新能源材料与器件),1,,(不招色盲、单色识别不全考生),物理,化学,6000,1_3_0635_5_E1
604,"12,332",211,西南大学,软件工程(中外合作办学),exact_school_major,1,0635,西南大学,Z2,软件工程(中外合作办学),2,,"(国内学习4年,在西南大学就读期间学费6万元/年。外方合作高校：澳大利亚迪肯大学。以英语为主要授课语言,建议非英语语种考生谨慎报考)",物理,化学,60000,1_3_0635_5_Z2
604,"12,332",211,辽宁大学,计算机科学与技术,exact_school_major_multiple_plan_rows,2,0140,辽宁大学,67,计算机科学与技术,89,,,物理,化学,5980,1_3_0140_5_67
604,"12,332",211,辽宁大学,计算机科学与技术,exact_school_major_multiple_plan_rows,2,0140,辽宁大学,AG,计算机科学与技术,4,(地方专项计划),"(辽宁省高校专项计划,只投档符合报考条件的考生)",物理,化学,5980,1_3_0140_5_AG
604,"12,332",211,长安大学,材料类(材料科学与工程、材料成型及控制工程、新能源材料与器件、高分子材料与工程),exact_school_major,1,0710,长安大学,29,材料类(材料科学与工程、材料成型及控制工程、新能源材料与器件、高分子材料与工程),5,,(本专业类内分流任选),物理,化学,6600,1_3_0710_5_29
603,"12,662",985,吉林大学,动物科学,exact_school_major_multiple_plan_rows,2,0183,吉林大学,AG,动物科学,2,(农林类)(高校专项计划),"(特控线上录取)(教育部高校专项计划,只投档符合报考条件的考生)",物理,化学,6320,1_3_0183_5_AG
603,"12,662",985,吉林大学,动物科学,exact_school_major_multiple_plan_rows,2,0183,吉林大学,BL,动物科学,11,(农林类),,物理,化学,6320,1_3_0183_5_BL
603,"12,662",985,西北农林科技大学,数字经济,unmatched_name_changed_or_not_in_2026_physics_plan,0,,,,,,,,,,,
603,"12,662",985,重庆大学,边防军人子女预科班,exact_school_major,1,0611,重庆大学,BF,边防军人子女预科班,1,,"(特控线上招生)(具有边防军人子女预科班报考资格)[预科培养合格后,依据考生学业成绩及升本专业志愿,升入电气工程及其自动化、工科试验班(计算机与智能软件)、工科试验班(未来信息)、工科试验班(高端装备与智能制造)、工科试验班(智慧能源与先进材料)内的相关专业进行培养]",物理,化学,3700,1_3_0611_5_BF
603,"12,662",211,东北林业大学,电子信息类(电子信息工程、通信工程),exact_school_major,1,0225,东北林业大学,56,电子信息类(电子信息工程、通信工程),18,,,物理,化学,4800,1_3_0225_5_56
603,"12,662",211,东北林业大学,电气类(电气工程及其自动化、自动化),unmatched_name_changed_or_not_in_2026_physics_plan,0,,,,,,,,,,,
603,"12,662",211,中国地质大学(北京),材料类(材料科学与工程、材料化学、材料物理、新能源材料与器件、矿物加工工程),exact_school_major,1,1415,中国地质大学(北京),11,材料类(材料科学与工程、材料化学、材料物理、新能源材料与器件、矿物加工工程),6,,"(一年级在北京校区,二年级起在雄安校区；不招色盲、色弱、单色识别不全)",物理,化学,5500,1_3_1415_5_11
603,"12,662",211,中国地质大学(北京),经济学,unmatched_name_changed_or_not_in_2026_physics_plan,0,,,,,,,,,,,
603,"12,662",211,中国地质大学(武汉),地质类(资源能源)(资源勘查工程),unmatched_name_changed_or_not_in_2026_physics_plan,0,,,,,,,,,,,
603,"12,662",211,中国地质大学(武汉),石油工程,exact_school_major,1,0491,中国地质大学(武汉),05,石油工程,2,,,物理,化学,4500,1_3_0491_5_05
603,"12,662",211,中国地质大学(武汉),材料类(材料科学与工程、材料化学),exact_school_major,1,0491,中国地质大学(武汉),08,材料类(材料科学与工程、材料化学),2,,,物理,化学,5850,1_3_0491_5_08
603,"12,662",211,中国地质大学(武汉),测绘类(测绘与信息类)(测绘工程、遥感科学与技术、地理空间信息工程),unmatched_name_changed_or_not_in_2026_physics_plan,0,,,,,,,,,,,
603,"12,662",211,中国石油大学(北京),经济学类(能源经济、金融学),exact_school_major,1,1414,中国石油大学(北京),26,经济学类(能源经济、金融学),4,,,物理,无限制,5000,1_3_1414_5_26
603,"12,662",211,中国矿业大学,工业设计,exact_school_major,1,0290,中国矿业大学,0V,工业设计,4,,,物理,化学,5800,1_3_0290_5_0V
603,"12,662",211,云南大学,统计学,exact_school_major,1,0673,云南大学,1H,统计学,2,,,物理,化学,5600,1_3_0673_5_1H
603,"12,662",211,云南大学,人工智能,exact_school_major,1,0673,云南大学,2P,人工智能,1,,(第三、四学年学费12000元/年),物理,地理,5000,1_3_0673_5_2P
603,"12,662",211,北京中医药大学,中药制药,exact_school_major,1,0026,北京中医药大学,14,中药制药,2,,(色盲、色弱及其他各类不能准确识别颜色考生不予录取),物理,化学,5800,1_3_0026_5_14
603,"12,662",211,北京化工大学,环境工程(环工、大数据双学士学位),unmatched_name_changed_or_not_in_2026_physics_plan,0,,,,,,,,,,,
603,"12,662",211,北京林业大学,数字经济,exact_school_major,1,0022,北京林业大学,37,数字经济,3,,"(一二年级在北京校区培养,三年级起在雄安校区培养)",物理,无限制,5000,1_3_0022_5_37
603,"12,662",211,华北电力大学(保定),应用化学,exact_school_major,1,0079,华北电力大学(保定),0S,应用化学,2,,,物理,化学,5500,1_3_0079_5_0S
603,"12,662",211,南京农业大学,农业智能装备工程,exact_school_major,1,0307,南京农业大学,47,农业智能装备工程,2,,,物理,化学,5800,1_3_0307_5_47
603,"12,662",211,南京师范大学,合成生物学,exact_school_major,1,0319,南京师范大学,86,合成生物学,3,,,物理,化学,6380,1_3_0319_5_86
603,"12,662",211,南昌大学,物理学,exact_school_major,1,0403,南昌大学,4C,物理学,2,,,物理,化学,5250,1_3_0403_5_4C
603,"12,662",211,合肥工业大学(宣城校区),材料成型及控制工程,exact_school_major,1,9359,合肥工业大学(宣城校区),03,材料成型及控制工程,4,,,物理,化学,5500,1_3_9359_5_03
603,"12,662",211,大连海事大学,法学(中外合作办学),exact_school_major,1,0151,大连海事大学,W4,法学(中外合作办学),4,,"(外方合作学校为英国斯旺西大学,非英语语种考生慎报)",物理,无限制,90000,1_3_0151_5_W4
603,"12,662",211,太原理工大学,材料成型及控制工程,exact_school_major,1,0112,太原理工大学,04,材料成型及控制工程,5,,(虎峪校区),物理,化学,5500,1_3_0112_5_04
603,"12,662",211,暨南大学,应用化学,exact_school_major,1,0559,暨南大学,38,应用化学,2,,(广州番禺校区),物理,化学,6850,1_3_0559_5_38
603,"12,662",211,暨南大学,预防医学,exact_school_major,1,0559,暨南大学,75,预防医学,2,,(不招收色盲色弱考生)(广州石牌校区),物理,化学,7660,1_3_0559_5_75
603,"12,662",211,暨南大学,金融工程,exact_school_major,1,0559,暨南大学,76,金融工程,3,,(珠海校区),物理,无限制,6060,1_3_0559_5_76
603,"12,662",211,武汉理工大学,工商管理类(人力资源管理、工商管理、会计学、创业管理),unmatched_name_changed_or_not_in_2026_physics_plan,0,,,,,,,,,,,
603,"12,662",211,江南大学,酿酒工程,exact_school_major,1,0295,江南大学,13,酿酒工程,4,,,物理,化学,6380,1_3_0295_5_13
603,"12,662",211,江南大学,应用化学,exact_school_major,1,0295,江南大学,20,应用化学,3,,(色盲、色弱及不能准确识别红、黄、绿、兰、紫各种颜色中任何一种颜色的导线、按键、信号灯、几何图形者不予录取),物理,化学,6050,1_3_0295_5_20
603,"12,662",211,河北工业大学,化学工程与工艺,exact_school_major,1,0080,河北工业大学,0H,化学工程与工艺,2,,"(色弱,色盲不予录取)",物理,化学,5800,1_3_0080_5_0H
603,"12,662",211,河北工业大学,金属材料工程(卓越工程师班),unmatched_name_changed_or_not_in_2026_physics_plan,0,,,,,,,,,,,
603,"12,662",211,河海大学,海洋科学,unmatched_name_changed_or_not_in_2026_physics_plan,0,,,,,,,,,,,
603,"12,662",211,海南大学,人工智能,unmatched_name_changed_or_not_in_2026_physics_plan,0,,,,,,,,,,,
603,"12,662",211,西南大学,电子信息工程(中外合作办学),unmatched_name_changed_or_not_in_2026_physics_plan,0,,,,,,,,,,,
603,"12,662",211,贵州大学,自动化,exact_school_major,1,0657,贵州大学,V2,自动化,2,,,物理,化学,5040,1_3_0657_5_V2
603,"12,662",211,辽宁大学,计算机科学与技术(辽宁省高校专项计划),unmatched_name_changed_or_not_in_2026_physics_plan,0,,,,,,,,,,,
603,"12,662",211,青海大学,计算机科学与技术,exact_school_major,1,0743,青海大学,23,计算机科学与技术,1,,,物理,化学,5460,1_3_0743_5_23
602,"12,959",985,中国海洋大学,海洋科学(中外合作办学),exact_school_major,1,0423,中国海洋大学,02,海洋科学(中外合作办学),2,,"(与澳大利亚塔斯马尼亚大学合办,“4+0”“2+2”“3+2”模式均可,非英语语种考生慎重报考)",物理,化学,52000,1_3_0423_5_02
602,"12,959",985,西北农林科技大学,设施农业科学与工程,exact_school_major,1,0712,西北农林科技大学,13,设施农业科学与工程,2,,,物理,化学,6600,1_3_0712_5_13
602,"12,959",211,东北林业大学,机械电子工程,exact_school_major,1,0225,东北林业大学,14,机械电子工程,9,,,物理,化学,3500,1_3_0225_5_14
602,"12,959",211,东北林业大学,数据科学与大数据技术,exact_school_major,1,0225,东北林业大学,19,数据科学与大数据技术,5,,,物理,化学,5500,1_3_0225_5_19
602,"12,959",211,东北林业大学,人工智能,exact_school_major,1,0225,东北林业大学,20,人工智能,6,,,物理,化学,5500,1_3_0225_5_20
602,"12,959",211,东华大学,环境科学与工程类(能源方向)(建筑环境与能源应用工程、能源与环境系统工程),unmatched_name_changed_or_not_in_2026_physics_plan,0,,,,,,,,,,,
602,"12,959",211,中国矿业大学,安全科学与工程类(安全工程、消防工程、职业卫生工程、应急技术与管理),exact_school_major,1,0290,中国矿业大学,0D,安全科学与工程类(安全工程、消防工程、职业卫生工程、应急技术与管理),5,,,物理,化学,5800,1_3_0290_5_0D
602,"12,959",211,中国矿业大学,测绘类(测绘工程、地理信息科学),exact_school_major,1,0290,中国矿业大学,0J,测绘类(测绘工程、地理信息科学),2,(高校专项计划),"(特控线上录取)(教育部高校专项计划,只投档符合报考条件的考生)",物理,化学,5500,1_3_0290_5_0J
602,"12,959",211,云南大学,新能源科学与工程,exact_school_major,1,0673,云南大学,23,新能源科学与工程,2,,,物理,化学,5000,1_3_0673_5_23
602,"12,959",211,云南大学,智能科学与技术,exact_school_major,1,0673,云南大学,2K,智能科学与技术,2,,,物理,地理,5000,1_3_0673_5_2K
602,"12,959",211,云南大学,网络空间安全,exact_school_major,1,0673,云南大学,2N,网络空间安全,2,,(第三、四学年学费12000元/年),物理,地理,5000,1_3_0673_5_2N
602,"12,959",211,华中农业大学,食品科学与工程类[食品科学与工程(国家卓越工程师计划)、食品质量与安全、食品营养与健康],exact_school_major,1,0504,华中农业大学,28,食品科学与工程类[食品科学与工程(国家卓越工程师计划)、食品质量与安全、食品营养与健康],2,,(不招色盲),物理,化学,5850,1_3_0504_5_28
602,"12,959",211,华中农业大学,生物信息学,exact_school_major,1,0504,华中农业大学,31,生物信息学,2,,(不招色盲),物理,化学,5850,1_3_0504_5_31
602,"12,959",211,华北电力大学(保定),经济学,unmatched_name_changed_or_not_in_2026_physics_plan,0,,,,,,,,,,,
602,"12,959",211,华北电力大学(北京),金融学,unmatched_name_changed_or_not_in_2026_physics_plan,0,,,,,,,,,,,
602,"12,959",211,华北电力大学(北京),工商管理,unmatched_name_changed_or_not_in_2026_physics_plan,0,,,,,,,,,,,
602,"12,959",211,南京农业大学,智慧农业,exact_school_major,1,0307,南京农业大学,55,智慧农业,2,,,物理,化学,2500,1_3_0307_5_55
602,"12,959",211,南京农业大学,生物科学类(生物科学、生物技术),exact_school_major,1,0307,南京农业大学,35,生物科学类(生物科学、生物技术),4,,(不招色盲色弱且不招单色识别不全者),物理,化学,6050,1_3_0307_5_35
602,"12,959",211,南昌大学,材料科学与工程,exact_school_major,1,0403,南昌大学,4E,材料科学与工程,4,,,物理,化学,5250,1_3_0403_5_4E
602,"12,959",211,南昌大学,工程力学,exact_school_major,1,0403,南昌大学,68,工程力学,2,,,物理,化学,5550,1_3_0403_5_68
602,"12,959",211,大连海事大学,电子信息工程(中外合作办学),exact_school_major,1,0151,大连海事大学,W1,电子信息工程(中外合作办学),12,,"(外方合作学校为英国思克莱德大学,非英语语种考生慎报)",物理,化学,80000,1_3_0151_5_W1
602,"12,959",211,太原理工大学,生物医学工程,exact_school_major,1,0112,太原理工大学,1F,生物医学工程,3,,(明向校区),物理,化学,5500,1_3_0112_5_1F
602,"12,959",211,暨南大学,国际经济与贸易(全英语教学),exact_school_major,1,0559,暨南大学,43,国际经济与贸易(全英语教学),2,,(广州番禺校区),物理,无限制,12000,1_3_0559_5_43
602,"12,959",211,海南大学,机械设计制造及其自动化,unmatched_name_changed_or_not_in_2026_physics_plan,0,,,,,,,,,,,
602,"12,959",211,海南大学,信息安全,exact_school_major,1,0589,海南大学,19,信息安全,2,,,物理,化学,4600,1_3_0589_5_19
602,"12,959",211,海南大学,软件工程(NIIT),exact_school_major,1,0589,海南大学,17,软件工程(NIIT),4,,"(部分课程采用英文教材和英语授课,非英语语种考生慎报)",物理,化学,13600,1_3_0589_5_17
602,"12,959",211,福州大学,生物医学工程,exact_school_major,1,0386,福州大学,36,生物医学工程,3,,"(不招色弱、色盲、单色识别不全的考生,第一学年在福州市铜盘校区培养)",物理,化学,5460,1_3_0386_5_36
602,"12,959",211,福州大学,可持续能源,exact_school_major,1,0386,福州大学,63,可持续能源,3,,(第一学年在福州市铜盘校区培养),物理,化学,5460,1_3_0386_5_63
602,"12,959",211,西南交通大学,化学,exact_school_major,1,0613,西南交通大学,29,化学,2,,(不招色弱、色盲、单色识别不全),物理,化学,6240,1_3_0613_5_29
602,"12,959",211,西南大学,农业机械化及其自动化,exact_school_major,1,0635,西南大学,H4,农业机械化及其自动化,1,,,物理,化学,6000,1_3_0635_5_H4
602,"12,959",211,西南大学,生物技术,exact_school_major,1,0635,西南大学,R1,生物技术,1,,(不招色盲、单色识别不全考生),物理,化学,6000,1_3_0635_5_R1
602,"12,959",211,西南大学,生物科学,exact_school_major,1,0635,西南大学,W2,生物科学,1,,(不招色盲、单色识别不全考生),物理,地理,6000,1_3_0635_5_W2
602,"12,959",211,辽宁大学,会计学,exact_school_major,1,0140,辽宁大学,29,会计学,36,,,物理,无限制,5980,1_3_0140_5_29
602,"12,959",211,辽宁大学,法学(辽宁省高校专项计划),unmatched_name_changed_or_not_in_2026_physics_plan,0,,,,,,,,,,,
602,"12,959",211,辽宁大学,电气工程及其自动化(辽宁省高校专项计划),unmatched_name_changed_or_not_in_2026_physics_plan,0,,,,,,,,,,,
601,"13,271",985,东北大学秦皇岛分校,外国语言文学类(英语、日语),unmatched_name_changed_or_not_in_2026_physics_plan,0,,,,,,,,,,,
601,"13,271",985,西北农林科技大学,植物保护,exact_school_major,1,0712,西北农林科技大学,16,植物保护,2,,(色弱色盲不能录取),物理,化学,6600,1_3_0712_5_16
601,"13,271",985,西北农林科技大学,动物科学,exact_school_major,1,0712,西北农林科技大学,20,动物科学,3,,(色弱色盲不能录取),物理,化学,6600,1_3_0712_5_20
601,"13,271",985,西北农林科技大学,动物医学,exact_school_major,1,0712,西北农林科技大学,24,动物医学,2,,(色弱色盲不能录取),物理,化学,6600,1_3_0712_5_24
601,"13,271",211,东北农业大学,计算机类(计算机科学与技术、物联网工程、人工智能),unmatched_name_changed_or_not_in_2026_physics_plan,0,,,,,,,,,,,
601,"13,271",211,东北林业大学,机械设计制造及其自动化,exact_school_major,1,0225,东北林业大学,13,机械设计制造及其自动化,9,,,物理,化学,3500,1_3_0225_5_13
601,"13,271",211,东北林业大学,机器人工程,exact_school_major,1,0225,东北林业大学,59,机器人工程,10,,,物理,化学,5500,1_3_0225_5_59
601,"13,271",211,中国地质大学(北京),水文与水资源工程,exact_school_major,1,1415,中国地质大学(北京),19,水文与水资源工程,3,,,物理,化学,5500,1_3_1415_5_19
601,"13,271",211,中国矿业大学(北京),测绘类(测绘工程、遥感科学与技术),unmatched_name_changed_or_not_in_2026_physics_plan,0,,,,,,,,,,,
601,"13,271",211,内蒙古大学,软件工程,exact_school_major,1,0126,内蒙古大学,4C,软件工程,1,,(不能准确在显示器上识别红、黄、绿、蓝、紫各颜色中任何一种颜色的数码、字母者不予录取),物理,化学,9000,1_3_0126_5_4C
601,"13,271",211,北京工业大学,英语,exact_school_major,1,0005,北京工业大学,49,英语,3,,"(限招英语考生。第一年在通州校区,第二、三、四学年根据学校规划安排在平乐园校区或房山校区)",物理,无限制,5000,1_3_0005_5_49
601,"13,271",211,华中师范大学,少数民族预科班,unmatched_name_changed_or_not_in_2026_physics_plan,0,,,,,,,,,,,
601,"13,271",211,南京农业大学,农学,exact_school_major,1,0307,南京农业大学,01,农学,3,,(不招色盲色弱且不招单色识别不全者),物理,化学,2750,1_3_0307_5_01
601,"13,271",211,南京农业大学,统计学,exact_school_major,1,0307,南京农业大学,33,统计学,4,,,物理,化学,5500,1_3_0307_5_33
601,"13,271",211,南京农业大学,会计学,exact_school_major,1,0307,南京农业大学,39,会计学,3,,(不招单色识别不全者),物理,无限制,5200,1_3_0307_5_39
601,"13,271",211,南昌大学,食品科学与工程,exact_school_major,1,0403,南昌大学,57,食品科学与工程,3,,(不招色弱、色盲、单色不能识别的考生。),物理,化学,5250,1_3_0403_5_57
601,"13,271",211,合肥工业大学,水利水电工程,exact_school_major,1,0359,合肥工业大学,0Z,水利水电工程,4,,,物理,化学,5500,1_3_0359_5_0Z
601,"13,271",211,合肥工业大学,生物工程,unmatched_name_changed_or_not_in_2026_physics_plan,0,,,,,,,,,,,
601,"13,271",211,合肥工业大学(宣城校区),能源化学工程,exact_school_major,1,9359,合肥工业大学(宣城校区),0A,能源化学工程,4,,"(有体检要求,具体参见学校章程)",物理,化学,5500,1_3_9359_5_0A
601,"13,271",211,太原理工大学,材料科学与工程,exact_school_major,1,0112,太原理工大学,06,材料科学与工程,3,,(虎峪校区),物理,化学,5500,1_3_0112_5_06
601,"13,271",211,太原理工大学,化学工程与工艺,exact_school_major,1,0112,太原理工大学,0R,化学工程与工艺,3,,(明向校区),物理,化学,5500,1_3_0112_5_0R
601,"13,271",211,太原理工大学,统计学,exact_school_major,1,0112,太原理工大学,1A,统计学,3,,(明向校区),物理,化学,5100,1_3_0112_5_1A
601,"13,271",211,江南大学,数字经济,exact_school_major,1,0295,江南大学,46,数字经济,4,,(不能准确识别红、黄、绿、兰、紫各种颜色中任何一种颜色的导线、按键、信号灯、几何图形者不予录取),物理,无限制,5200,1_3_0295_5_46
601,"13,271",211,海军军医大学,生物技术,exact_school_major,1,J017,海军军医大学,AF,生物技术,1,,"(仅招收普通高中应届毕业生,政治面貌须为共青团员或中共党员,特控线上录取；色盲、色弱、单色不能识别考生不予录取)",物理,化学,5000,1_3_J017_5_AF
601,"13,271",211,海南大学,数据科学与大数据技术,unmatched_name_changed_or_not_in_2026_physics_plan,0,,,,,,,,,,,
601,"13,271",211,福州大学,化学工程与工艺,exact_school_major,1,0386,福州大学,12,化学工程与工艺,3,,"(不招色弱、色盲、单色识别不全的考生,第一学年在福州市铜盘校区培养)",物理,化学,5460,1_3_0386_5_12
601,"13,271",211,西南交通大学,制药工程,exact_school_major,1,0613,西南交通大学,52,制药工程,2,,(不招色弱、色盲、单色识别不全),物理,化学,6240,1_3_0613_5_52
601,"13,271",211,西南大学,自动化(中外合作办学),unmatched_name_changed_or_not_in_2026_physics_plan,0,,,,,,,,,,,
601,"13,271",211,辽宁大学,数据科学与大数据技术,exact_school_major_multiple_plan_rows,2,0140,辽宁大学,68,数据科学与大数据技术,46,,,物理,化学,5980,1_3_0140_5_68
601,"13,271",211,辽宁大学,数据科学与大数据技术,exact_school_major_multiple_plan_rows,2,0140,辽宁大学,AH,数据科学与大数据技术,4,(地方专项计划),"(辽宁省高校专项计划,只投档符合报考条件的考生)",物理,化学,5980,1_3_0140_5_AH
601,"13,271",211,陕西师范大学,心理学类[心理学(泽如拔尖基地班)、应用心理学],unmatched_name_changed_or_not_in_2026_physics_plan,0,,,,,,,,,,,
600,"13,601",985,吉林大学,护理学,exact_school_major,1,0183,吉林大学,AZ,护理学,3,,,物理,化学,7080,1_3_0183_5_AZ
600,"13,601",985,大连理工大学(盘锦校区),过程装备与控制工程(中外合作办学),exact_school_major,1,9141,大连理工大学(盘锦校区),0A,过程装备与控制工程(中外合作办学),11,,"(与英国莱斯特大学合作,部分课程采用英语授课,非英语语种考生慎重报考)",物理,化学,85000,1_3_9141_5_0A
600,"13,601",985,大连理工大学(盘锦校区),数理基础科学(中外合作办学),exact_school_major,1,9141,大连理工大学(盘锦校区),09,数理基础科学(中外合作办学),13,,"(与英国莱斯特大学合作,部分课程采用英语授课,非英语语种考生慎重报考)",物理,化学,85000,1_3_9141_5_09
600,"13,601",985,西北农林科技大学,经济学类(经济学、金融学、国际经济与贸易),unmatched_name_changed_or_not_in_2026_physics_plan,0,,,,,,,,,,,
600,"13,601",985,西北农林科技大学,林学类(林学、森林保护),exact_school_major,1,0712,西北农林科技大学,26,林学类(林学、森林保护),2,,(色弱色盲不能录取),物理,化学,6600,1_3_0712_5_26
600,"13,601",985,西北农林科技大学,葡萄与葡萄酒工程(卓越工程师班),exact_school_major,1,0712,西北农林科技大学,39,葡萄与葡萄酒工程(卓越工程师班),2,,"(色弱色盲不能录取,培养模式详见招生章程)",物理,化学,6600,1_3_0712_5_39
600,"13,601",211,东北农业大学,农学(拔尖人才培养班),exact_school_major,1,0224,东北农业大学,02,农学(拔尖人才培养班),2,(农林类),(实行动态考核与分流培养的管理机制。不招色弱、色盲、单色识别不全考生),物理,化学,3000,1_3_0224_5_02
600,"13,601",211,东北农业大学,数据科学与大数据技术,exact_school_major,1,0224,东北农业大学,49,数据科学与大数据技术,2,,,物理,化学,5000,1_3_0224_5_49
600,"13,601",211,东北师范大学,数字媒体技术(少数民族预科班)(师范类),unmatched_name_changed_or_not_in_2026_physics_plan,0,,,,,,,,,,,
600,"13,601",211,东北林业大学,车辆工程,exact_school_major,1,0225,东北林业大学,15,车辆工程,8,,,物理,化学,5500,1_3_0225_5_15
600,"13,601",211,东北林业大学,法学,exact_school_major,1,0225,东北林业大学,40,法学,2,,,物理,无限制,4000,1_3_0225_5_40
600,"13,601",211,中国传媒大学,行政管理(媒介与公共治理方向),unmatched_name_changed_or_not_in_2026_physics_plan,0,,,,,,,,,,,
600,"13,601",211,中国地质大学(北京),智能地球探测,exact_school_major,1,1415,中国地质大学(北京),44,智能地球探测,1,,,物理,化学,5500,1_3_1415_5_44
600,"13,601",211,中国石油大学(北京),环境工程,exact_school_major,1,1414,中国石油大学(北京),07,环境工程,3,,,物理,化学,5200,1_3_1414_5_07
600,"13,601",211,中国石油大学(华东),管理科学与工程类(工程管理、信息管理与信息系统),unmatched_name_changed_or_not_in_2026_physics_plan,0,,,,,,,,,,,
600,"13,601",211,云南大学,金融学,exact_school_major,1,0673,云南大学,2Q,金融学,1,,(金融学+计算机科学与技术双学士学位),物理,无限制,8700,1_3_0673_5_2Q
600,"13,601",211,北京交通大学,土木类(智慧建造与智慧环境)(民族班，只招少数民族考生)[土木工程、土木工程(土木、金融双学位项目)、铁道工程、智能建造、环境工程(智慧环境与低碳技术)],unmatched_name_changed_or_not_in_2026_physics_plan,0,,,,,,,,,,,
600,"13,601",211,北京交通大学,纳米材料与技术(中外合作办学),exact_school_major,1,0004,北京交通大学,24,纳米材料与技术(中外合作办学),3,,"(无色盲色弱且无单颜色识别不全。合作方加拿大滑铁卢大学,2+1+1模式,第3年在国外。大量全英文授课,要求较好的英语基础)",物理,化学,80000,1_3_0004_5_24
600,"13,601",211,北京林业大学,水土保持与荒漠化防治(梁希实验班),exact_school_major,1,0022,北京林业大学,17,水土保持与荒漠化防治(梁希实验班),1,,(北京校区),物理,化学,2500,1_3_0022_5_17
600,"13,601",211,北京林业大学,工商管理类(会计学、工商管理、人力资源管理、物业管理),exact_school_major_multiple_plan_rows,2,0022,北京林业大学,32,工商管理类(会计学、工商管理、人力资源管理、物业管理),2,,"(一二年级在北京校区培养,三年级起在雄安校区培养)",物理,无限制,5000,1_3_0022_5_32
600,"13,601",211,北京林业大学,工商管理类(会计学、工商管理、人力资源管理、物业管理),exact_school_major_multiple_plan_rows,2,0022,北京林业大学,AB,工商管理类(会计学、工商管理、人力资源管理、物业管理),1,(高校专项计划),"(一二年级在北京校区培养,三年级起在雄安校区培养)(特控线上录取)(教育部高校专项计划,只投档符合报考条件的考生)",物理,无限制,5000,1_3_0022_5_AB
600,"13,601",211,华北电力大学(保定),工程造价,exact_school_major,1,0079,华北电力大学(保定),0W,工程造价,1,,,物理,无限制,5000,1_3_0079_5_0W
600,"13,601",211,南京农业大学,食品科学与工程类(食品科学与工程、食品质量与安全、生物工程、食品营养与健康),exact_school_major,1,0307,南京农业大学,23,食品科学与工程类(食品科学与工程、食品质量与安全、生物工程、食品营养与健康),10,,,物理,化学,5800,1_3_0307_5_23
600,"13,601",211,南昌大学,高分子材料与工程,exact_school_major,1,0403,南昌大学,4F,高分子材料与工程,2,,(不招色弱、色盲、单色不能识别的考生。),物理,化学,5250,1_3_0403_5_4F
600,"13,601",211,南昌大学,临床医学,exact_school_major,1,0403,南昌大学,72,临床医学,4,,(不招色弱、色盲、单色不能识别的考生。),物理,化学,5550,1_3_0403_5_72
600,"13,601",211,哈尔滨工程大学,材料物理(中外合作办学),exact_school_major,1,0217,哈尔滨工程大学,63,材料物理(中外合作办学),8,,"(与英国斯旺西大学合作,“3+1”模式,中英文授课,入学不得转专业。不招色盲和单色异常考生)",物理,化学,44300,1_3_0217_5_63
600,"13,601",211,河北工业大学,建筑环境与能源应用工程,exact_school_major,1,0080,河北工业大学,0D,建筑环境与能源应用工程,2,,,物理,化学,5800,1_3_0080_5_0D
600,"13,601",211,河北工业大学,机械设计制造及其自动化(中外合作办学),unmatched_name_changed_or_not_in_2026_physics_plan,0,,,,,,,,,,,
600,"13,601",211,河海大学,给排水科学与工程,exact_school_major,1,0294,河海大学,E1,给排水科学与工程,2,,"(大一、大三、大四在南京相应校区学习,大二在常州校区学习)",物理,化学,6380,1_3_0294_5_E1
600,"13,601",211,海南大学,密码科学与技术,exact_school_major,1,0589,海南大学,1B,密码科学与技术,2,,,物理,化学,4600,1_3_0589_5_1B
600,"13,601",211,贵州大学,机械设计制造及其自动化,exact_school_major,1,0657,贵州大学,U1,机械设计制造及其自动化,3,,,物理,化学,5040,1_3_0657_5_U1
600,"13,601",211,辽宁大学,汉语言文学,exact_school_major,1,0140,辽宁大学,01,汉语言文学,6,,,物理,无限制,5520,1_3_0140_5_01
600,"13,601",211,郑州大学,材料类(材料科学与工程、高分子材料与工程、材料化学),exact_school_major,1,0459,郑州大学,45,材料类(材料科学与工程、高分子材料与工程、材料化学),18,,,物理,化学,5700,1_3_0459_5_45
600,"13,601",211,长安大学,车辆工程(中外合作办学),exact_school_major,1,0710,长安大学,44,车辆工程(中外合作办学),2,,"(非英语语种考生谨慎填报,合作院校为爱尔兰都柏林大学)",物理,化学,75000,1_3_0710_5_44
599,"13,937",985,西北农林科技大学,工商管理类(会计学、工商管理、农林经济管理、土地资源管理、市场营销),unmatched_name_changed_or_not_in_2026_physics_plan,0,,,,,,,,,,,
599,"13,937",211,东北农业大学,机械类(机械设计制造及其自动化、农业机械化及其自动化),unmatched_name_changed_or_not_in_2026_physics_plan,0,,,,,,,,,,,
599,"13,937",211,中国地质大学(北京),地质类[石油工程、资源勘查工程(能源)、资源勘查工程(新能源地质与工程)、新能源科学与工程、碳储科学与工程],unmatched_name_changed_or_not_in_2026_physics_plan,0,,,,,,,,,,,
599,"13,937",211,中国地质大学(北京),测绘工程,exact_school_major,1,1415,中国地质大学(北京),49,测绘工程,2,,"(一年级在北京校区,二年级起在雄安校区；不招单色识别不全)",物理,化学,5500,1_3_1415_5_49
599,"13,937",211,中国地质大学(武汉),资源环境大数据工程,exact_school_major,1,0491,中国地质大学(武汉),06,资源环境大数据工程,1,,,物理,化学,4500,1_3_0491_5_06
599,"13,937",211,中国地质大学(武汉),地质学,unmatched_name_changed_or_not_in_2026_physics_plan,0,,,,,,,,,,,
599,"13,937",211,云南大学,临床医学,exact_school_major,1,0673,云南大学,1T,临床医学,1,,,物理,地理,5500,1_3_0673_5_1T
599,"13,937",211,北京体育大学,新闻学,unmatched_name_changed_or_not_in_2026_physics_plan,0,,,,,,,,,,,
599,"13,937",211,北京林业大学,金融学,exact_school_major,1,0022,北京林业大学,34,金融学,2,,"(一二年级在北京校区培养,三年级起在雄安校区培养)",物理,无限制,5000,1_3_0022_5_34
599,"13,937",211,华中农业大学,经济学类[经济学、国际经济与贸易、农林经济管理(国家卓越农林人才计划)、农村区域发展],unmatched_name_changed_or_not_in_2026_physics_plan,0,,,,,,,,,,,
599,"13,937",211,南京农业大学,种子科学与工程,exact_school_major,1,0307,南京农业大学,02,种子科学与工程,2,,,物理,化学,2750,1_3_0307_5_02
599,"13,937",211,南京农业大学,金融学,exact_school_major,1,0307,南京农业大学,38,金融学,3,,,物理,无限制,5200,1_3_0307_5_38
599,"13,937",211,南京农业大学,信息管理与信息系统,exact_school_major,1,0307,南京农业大学,56,信息管理与信息系统,4,,(不招单色识别不全者),物理,无限制,5200,1_3_0307_5_56
599,"13,937",211,南昌大学,制药工程,exact_school_major,1,0403,南昌大学,53,制药工程,2,,(不招色弱、色盲、单色不能识别的考生。),物理,化学,5250,1_3_0403_5_53
599,"13,937",211,天津医科大学,医学检验技术,unmatched_name_changed_or_not_in_2026_physics_plan,0,,,,,,,,,,,
599,"13,937",211,太原理工大学,水利水电工程,exact_school_major,1,0112,太原理工大学,3F,水利水电工程,3,,(明向校区),物理,化学,5500,1_3_0112_5_3F
599,"13,937",211,对外经济贸易大学,数据科学与大数据技术(中外合作办学),exact_school_major,1,0036,对外经济贸易大学,62,数据科学与大数据技术(中外合作办学),5,,"(合作院校：美国乔治梅森大学；学费：在对外经济贸易大学三年期间99000元/生/学年,在美学费按照对方国际学生标准收取)",物理,化学,待定,1_3_0036_5_62
599,"13,937",211,广西大学,自动化,unmatched_name_changed_or_not_in_2026_physics_plan,0,,,,,,,,,,,
599,"13,937",211,海南大学,大数据管理与应用,unmatched_name_changed_or_not_in_2026_physics_plan,0,,,,,,,,,,,
599,"13,937",211,西北大学,金融学,exact_school_major,1,0697,西北大学,29,金融学,2,,(开源证券智能金融实验班),物理,无限制,5500,1_3_0697_5_29
599,"13,937",211,西南交通大学,土木工程(土木与大数据双学位),exact_school_major,1,0613,西南交通大学,23,土木工程(土木与大数据双学位),3,,(土木工程+数据科学与大数据技术双学士学位),物理,化学,6240,1_3_0613_5_23
599,"13,937",211,西南交通大学,建筑学,unmatched_name_changed_or_not_in_2026_physics_plan,0,,,,,,,,,,,
599,"13,937",211,西南交通大学,经济与贸易类(经济学、金融学),unmatched_name_changed_or_not_in_2026_physics_plan,0,,,,,,,,,,,
599,"13,937",211,辽宁大学,人工智能,exact_school_major,1,0140,辽宁大学,51,人工智能,46,,,物理,化学,5200,1_3_0140_5_51
599,"13,937",211,长安大学,汽车服务工程,unmatched_name_changed_or_not_in_2026_physics_plan,0,,,,,,,,,,,
599,"13,937",211,长安大学,测绘类(测绘工程、遥感科学与技术、地理空间信息工程),unmatched_name_changed_or_not_in_2026_physics_plan,0,,,,,,,,,,,
599,"13,937",211,长安大学,少数民族预科班,unmatched_name_changed_or_not_in_2026_physics_plan,0,,,,,,,,,,,
598,"14,257",985,大连理工大学(盘锦校区),应用化学(中外合作办学),exact_school_major,1,9141,大连理工大学(盘锦校区),0B,应用化学(中外合作办学),3,,"(与英国莱斯特大学合作,部分课程采用英语授课,非英语语种考生慎重报考)",物理,化学,85000,1_3_9141_5_0B
598,"14,257",985,西北农林科技大学,城乡规划,exact_school_major,1,0712,西北农林科技大学,52,城乡规划,2,,,物理,无限制,6600,1_3_0712_5_52
598,"14,257",985,西北农林科技大学,园林,exact_school_major,1,0712,西北农林科技大学,50,园林,2,,(色弱色盲不能录取),物理,生物,6600,1_3_0712_5_50
598,"14,257",985,西北农林科技大学,草业科学,exact_school_major,1,0712,西北农林科技大学,23,草业科学,2,,,物理,化学,6600,1_3_0712_5_23
598,"14,257",985,西北农林科技大学,智慧林业,exact_school_major,1,0712,西北农林科技大学,28,智慧林业,2,,(色弱色盲不能录取),物理,化学,6600,1_3_0712_5_28
598,"14,257",985,西北农林科技大学,土地科学与技术,exact_school_major,1,0712,西北农林科技大学,15,土地科学与技术,2,,(色弱色盲不能录取),物理,化学,6600,1_3_0712_5_15
598,"14,257",211,东北林业大学,林业工程类(拔尖人才成栋班)(木材科学与工程、林产化工),unmatched_name_changed_or_not_in_2026_physics_plan,0,,,,,,,,,,,
598,"14,257",211,中国地质大学(北京),土木工程,unmatched_name_changed_or_not_in_2026_physics_plan,0,,,,,,,,,,,
598,"14,257",211,中国地质大学(北京),经济学(与资勘专业双学士学位),exact_school_major,1,1415,中国地质大学(北京),32,经济学(与资勘专业双学士学位),2,,"(一年级在北京校区,二年级起在雄安校区；不招单色识别不全)",物理,无限制,5000,1_3_1415_5_32
598,"14,257",211,中国地质大学(武汉),安全科学与工程类(安全工程、应急技术与管理),unmatched_name_changed_or_not_in_2026_physics_plan,0,,,,,,,,,,,
598,"14,257",211,中国地质大学(武汉),地理科学类(地理科学、地理信息科学),exact_school_major,1,0491,中国地质大学(武汉),38,地理科学类(地理科学、地理信息科学),3,,,物理,化学,5850,1_3_0491_5_38
598,"14,257",211,中国石油大学(华东),建筑环境与能源应用工程,unmatched_name_changed_or_not_in_2026_physics_plan,0,,,,,,,,,,,
598,"14,257",211,中国矿业大学(北京),安全科学与工程类(安全工程、消防工程、应急技术与管理),exact_school_major,1,1413,中国矿业大学(北京),21,安全科学与工程类(安全工程、消防工程、应急技术与管理),8,,,物理,化学,5500,1_3_1413_5_21
598,"14,257",211,中国矿业大学(北京),工商管理类(工商管理、会计学、大数据管理与应用),unmatched_name_changed_or_not_in_2026_physics_plan,0,,,,,,,,,,,
598,"14,257",211,北京林业大学,风景园林,exact_school_major,1,0022,北京林业大学,73,风景园林,2,,"(一二年级在北京校区培养,三年级起在雄安校区培养)",物理,无限制,5500,1_3_0022_5_73
598,"14,257",211,北京林业大学,环境科学,unmatched_name_changed_or_not_in_2026_physics_plan,0,,,,,,,,,,,
598,"14,257",211,南京农业大学,数字经济,exact_school_major,1,0307,南京农业大学,20,数字经济,4,,(不招单色识别不全者),物理,无限制,5200,1_3_0307_5_20
598,"14,257",211,南京农业大学,工业工程,exact_school_major,1,0307,南京农业大学,60,工业工程,2,,,物理,无限制,5200,1_3_0307_5_60
598,"14,257",211,南昌大学,化学工程与工艺,exact_school_major,1,0403,南昌大学,52,化学工程与工艺,2,,(不招色弱、色盲、单色不能识别的考生。),物理,化学,5250,1_3_0403_5_52
598,"14,257",211,江南大学,轻化工程,exact_school_major,1,0295,江南大学,17,轻化工程,5,,(色盲、色弱及不能准确识别红、黄、绿、兰、紫各种颜色中任何一种颜色的导线、按键、信号灯、几何图形者不予录取),物理,化学,6380,1_3_0295_5_17
598,"14,257",211,江南大学,英语(涉外法治人才卓越创新班),unmatched_name_changed_or_not_in_2026_physics_plan,0,,,,,,,,,,,
598,"14,257",211,西北大学,生物医学科学,exact_school_major,1,0697,西北大学,56,生物医学科学,3,,,物理,化学,6600,1_3_0697_5_56
598,"14,257",211,西南交通大学,地质工程,unmatched_name_changed_or_not_in_2026_physics_plan,0,,,,,,,,,,,
598,"14,257",211,西南交通大学,材料科学与工程(中外合作办学),exact_school_major,1,0613,西南交通大学,65,材料科学与工程(中外合作办学),2,,"(西南交通大学与英国利兹大学合作办学,建议小语种考生慎重报考。成都东部国际校区)",物理,化学,100000,1_3_0613_5_65
598,"14,257",211,辽宁大学,电子信息科学与技术,exact_school_major,1,0140,辽宁大学,66,电子信息科学与技术,62,,,物理,化学,5200,1_3_0140_5_66
598,"14,257",211,辽宁大学,电气工程及其自动化,exact_school_major_multiple_plan_rows,2,0140,辽宁大学,71,电气工程及其自动化,98,,,物理,化学,5980,1_3_0140_5_71
598,"14,257",211,辽宁大学,电气工程及其自动化,exact_school_major_multiple_plan_rows,2,0140,辽宁大学,AK,电气工程及其自动化,5,(地方专项计划),"(辽宁省高校专项计划,只投档符合报考条件的考生)",物理,化学,5980,1_3_0140_5_AK
598,"14,257",211,辽宁大学,数据科学与大数据技术(辽宁省高校专项计划),unmatched_name_changed_or_not_in_2026_physics_plan,0,,,,,,,,,,,
598,"14,257",211,长安大学,工程管理(长安学堂计划),exact_school_major,1,0710,长安大学,48,工程管理(长安学堂计划),1,,,物理,无限制,5500,1_3_0710_5_48
597,"14,589",985,东北大学秦皇岛分校,数学与应用数学(中外合作办学),exact_school_major,1,9145,东北大学秦皇岛分校,Z4,数学与应用数学(中外合作办学),14,,"[“3+1”培养模式,国内学费50000元/学年,国外学习阶段学费按照奥克兰大学当年学费标准(约55312新西兰元/学年)由奥克兰大学收取,同时免收国内学费。入学后采用英文教材和英语授课,外语语种为非英语的考生请慎重报考]",物理,化学,50000,1_3_9145_5_Z4
597,"14,589",985,西北农林科技大学,地理信息科学,exact_school_major,1,0712,西北农林科技大学,53,地理信息科学,2,,(色盲不能录取),物理,D,6600,1_3_0712_5_53
597,"14,589",211,东北林业大学,农林智能装备工程,exact_school_major_multiple_plan_rows,2,0225,东北林业大学,16,农林智能装备工程,8,,,物理,化学,5500,1_3_0225_5_16
597,"14,589",211,东北林业大学,农林智能装备工程,exact_school_major_multiple_plan_rows,2,0225,东北林业大学,AB,农林智能装备工程,1,(高校专项计划),"(特控线上录取)(教育部高校专项计划,只投档符合报考条件的考生)",物理,化学,5500,1_3_0225_5_AB
597,"14,589",211,东北林业大学,林学类(拔尖人才成栋班)(林学、森林保护),unmatched_name_changed_or_not_in_2026_physics_plan,0,,,,,,,,,,,
597,"14,589",211,中国地质大学(武汉),地质类(地质工程),unmatched_name_changed_or_not_in_2026_physics_plan,0,,,,,,,,,,,
597,"14,589",211,中国矿业大学(北京),采矿工程,exact_school_major,1,1413,中国矿业大学(北京),11,采矿工程,5,,,物理,化学,5500,1_3_1413_5_11
597,"14,589",211,云南大学,大气科学,exact_school_major_multiple_plan_rows,3,0673,云南大学,19,大气科学,2,,,物理,化学,5600,1_3_0673_5_19
597,"14,589",211,云南大学,大气科学,exact_school_major_multiple_plan_rows,3,0673,云南大学,2S,大气科学,1,,(大气科学+人工智能双学士学位),物理,化学,8700,1_3_0673_5_2S
597,"14,589",211,云南大学,大气科学,exact_school_major_multiple_plan_rows,3,0673,云南大学,AB,大气科学,1,(高校专项计划),"(特控线上录取)(教育部高校专项计划,只投档符合报考条件的考生)",物理,化学,5600,1_3_0673_5_AB
597,"14,589",211,内蒙古大学,数学与应用数学,exact_school_major,1,0126,内蒙古大学,36,数学与应用数学,1,,,物理,化学,5060,1_3_0126_5_36
597,"14,589",211,北京体育大学,运动康复,exact_school_major,1,0043,北京体育大学,13,运动康复,1,,(具体要求详见我校《招生章程》),物理,无限制,6000,1_3_0043_5_13
597,"14,589",211,北京体育大学,数据科学与大数据技术,exact_school_major,1,0043,北京体育大学,31,数据科学与大数据技术,2,,"(不能准确识别红、黄、绿、兰、紫各种颜色中任何一种颜色的导线、按键、信号灯、几何图形者,不予录取)(具体要求详见我校《招生章程》)",物理,化学,6000,1_3_0043_5_31
597,"14,589",211,北京化工大学,化工与制药类(中外合作办学)(中法精英工程教育试验班)[化学工程与工艺(中外合作办学)、高分子材料与工程(中外合作办学)、生物工程(中外合作办学)],exact_school_major,1,0010,北京化工大学,37,化工与制药类(中外合作办学)(中法精英工程教育试验班)[化学工程与工艺(中外合作办学)、高分子材料与工程(中外合作办学)、生物工程(中外合作办学)],2,,"(高收费专业,不招色盲色弱、单色识别异常考生)",物理,化学,60000,1_3_0010_5_37
597,"14,589",211,北京化工大学,机械设计制造及其自动化(中外合作办学)(中美双学位、机器人方向),unmatched_name_changed_or_not_in_2026_physics_plan,0,,,,,,,,,,,
597,"14,589",211,北京林业大学,食品科学与工程,exact_school_major,1,0022,北京林业大学,23,食品科学与工程,2,,"(一二年级在北京校区培养,三年级起在雄安校区培养)",物理,化学,5500,1_3_0022_5_23
597,"14,589",211,华北电力大学(保定),建筑环境与能源应用工程,exact_school_major,1,0079,华北电力大学(保定),0Q,建筑环境与能源应用工程,3,,,物理,化学,5500,1_3_0079_5_0Q
597,"14,589",211,南京农业大学,植物保护,exact_school_major,1,0307,南京农业大学,05,植物保护,5,,(不招色盲色弱且不招单色识别不全者),物理,化学,2750,1_3_0307_5_05
597,"14,589",211,南京农业大学,农林经济管理,exact_school_major,1,0307,南京农业大学,18,农林经济管理,2,,(不招单色识别不全者),物理,无限制,5720,1_3_0307_5_18
597,"14,589",211,太原理工大学,制药工程,exact_school_major,1,0112,太原理工大学,0S,制药工程,3,,(明向校区),物理,化学,5500,1_3_0112_5_0S
597,"14,589",211,太原理工大学,会计学,exact_school_major,1,0112,太原理工大学,1P,会计学,2,,(明向校区),物理,无限制,5100,1_3_0112_5_1P
597,"14,589",211,暨南大学,数学与应用数学(中外合作办学),exact_school_major,1,0559,暨南大学,6B,数学与应用数学(中外合作办学),2,,(广州番禺校区),物理,化学,100000,1_3_0559_5_6B
597,"14,589",211,江南大学,纺织工程,exact_school_major,1,0295,江南大学,16,纺织工程,5,,,物理,化学,6380,1_3_0295_5_16
597,"14,589",211,河北工业大学,计算机科学与技术,exact_school_major,1,0080,河北工业大学,1L,计算机科学与技术,2,,"[单色识别不全不予录取,河北工业大学芬兰校区招生专业,专业教学培养使用的外语语种为英语,培养模式为“1+3(一年国内加三年芬兰)”。学费：国内阶段5800人民币/年；芬兰阶段为12000欧元/年]",物理,化学,待定,1_3_0080_5_1L
597,"14,589",211,西南交通大学,工程造价,unmatched_name_changed_or_not_in_2026_physics_plan,0,,,,,,,,,,,
597,"14,589",211,贵州大学,测控技术与仪器,exact_school_major,1,0657,贵州大学,V4,测控技术与仪器,2,,,物理,化学,5040,1_3_0657_5_V4
597,"14,589",211,辽宁大学,财政学,exact_school_major,1,0140,辽宁大学,16,财政学,34,,,物理,无限制,5200,1_3_0140_5_16
597,"14,589",211,辽宁大学,网络空间安全,exact_school_major,1,0140,辽宁大学,69,网络空间安全,38,,,物理,化学,5200,1_3_0140_5_69
597,"14,589",211,郑州大学,化学类(化学、应用化学),exact_school_major,1,0459,郑州大学,35,化学类(化学、应用化学),15,,(不招收色盲、色弱及单色识别不全考生),物理,化学,5000,1_3_0459_5_35
597,"14,589",211,长安大学,道路桥梁与渡河工程(国际工程班),unmatched_name_changed_or_not_in_2026_physics_plan,0,,,,,,,,,,,
596,"14,920",985,西北农林科技大学,林业工程类(林产化工、木材科学与工程),exact_school_major,1,0712,西北农林科技大学,27,林业工程类(林产化工、木材科学与工程),3,,,物理,化学,6600,1_3_0712_5_27
596,"14,920",985,西北农林科技大学,水土保持与荒漠化防治,exact_school_major,1,0712,西北农林科技大学,30,水土保持与荒漠化防治,2,,,物理,化学,6600,1_3_0712_5_30
596,"14,920",985,西北农林科技大学,生态修复学,exact_school_major,1,0712,西北农林科技大学,31,生态修复学,2,,,物理,化学,6600,1_3_0712_5_31
596,"14,920",985,西北农林科技大学,土木工程,unmatched_name_changed_or_not_in_2026_physics_plan,0,,,,,,,,,,,
596,"14,920",985,西北农林科技大学,葡萄与葡萄酒工程,exact_school_major,1,0712,西北农林科技大学,38,葡萄与葡萄酒工程,3,,(色弱色盲不能录取),物理,化学,6600,1_3_0712_5_38
596,"14,920",211,东北师范大学,英语(中外合作办学),unmatched_name_changed_or_not_in_2026_physics_plan,0,,,,,,,,,,,
596,"14,920",211,东北林业大学,信息与计算科学,exact_school_major,1,0225,东北林业大学,33,信息与计算科学,10,,,物理,化学,3800,1_3_0225_5_33
596,"14,920",211,中国传媒大学,数字媒体技术(中外合作办学),exact_school_major,1,0033,中国传媒大学,H2,数字媒体技术(中外合作办学),3,,(与英国阿伯泰大学合作。办学地点：海南省陵水黎族自治县黎安国际教育创新试验区),物理,化学,100000,1_3_0033_5_H2
596,"14,920",211,中国地质大学(北京),工商管理(民族班，只招少数民族考生),unmatched_name_changed_or_not_in_2026_physics_plan,0,,,,,,,,,,,
596,"14,920",211,中国地质大学(北京),宝石及材料工艺学,exact_school_major,1,1415,中国地质大学(北京),38,宝石及材料工艺学,2,,"(一年级在北京校区,二年级起在雄安校区；不招色盲、色弱、单色识别不全)",物理,化学,5500,1_3_1415_5_38
596,"14,920",211,北京林业大学,林学类[林学、林学(城市林业方向)、森林保护、经济林],exact_school_major,1,0022,北京林业大学,11,林学类[林学、林学(城市林业方向)、森林保护、经济林],3,,"(一二年级在北京校区培养,三年级起在雄安校区培养)",物理,化学,2500,1_3_0022_5_11
596,"14,920",211,北京林业大学,林业工程类(梁希实验班)(林产化工、木材科学与工程),exact_school_major,1,0022,北京林业大学,44,林业工程类(梁希实验班)(林产化工、木材科学与工程),1,,(北京校区),物理,化学,5500,1_3_0022_5_44
596,"14,920",211,北京林业大学,野生动物与自然保护区管理,exact_school_major_multiple_plan_rows,2,0022,北京林业大学,62,野生动物与自然保护区管理,2,,"(一二年级在北京校区培养,三年级起在雄安校区培养)",物理,化学,2500,1_3_0022_5_62
596,"14,920",211,北京林业大学,野生动物与自然保护区管理,exact_school_major_multiple_plan_rows,2,0022,北京林业大学,AC,野生动物与自然保护区管理,2,(高校专项计划),"(一二年级在北京校区培养,三年级起在雄安校区培养)(特控线上录取)(教育部高校专项计划,只投档符合报考条件的考生)",物理,化学,2500,1_3_0022_5_AC
596,"14,920",211,华中农业大学,智慧农业,exact_school_major,1,0504,华中农业大学,08,智慧农业,3,,(不招色盲),物理,化学,4500,1_3_0504_5_08
596,"14,920",211,南昌大学,工业工程,exact_school_major,1,0403,南昌大学,41,工业工程,2,,,物理,无限制,4950,1_3_0403_5_41
596,"14,920",211,暨南大学,经济统计学(中外合作办学),exact_school_major,1,0559,暨南大学,6D,经济统计学(中外合作办学),2,,(广州番禺校区),物理,无限制,100000,1_3_0559_5_6D
596,"14,920",211,海南大学,生物医学工程,exact_school_major,1,0589,海南大学,1G,生物医学工程,2,,"(一、二年级在海甸校区,三、四年级在三亚崖州校区)",物理,化学,4600,1_3_0589_5_1G
596,"14,920",211,西南交通大学,工商管理类(信息管理与信息系统、工商管理、会计学、工程管理),unmatched_name_changed_or_not_in_2026_physics_plan,0,,,,,,,,,,,
596,"14,920",211,辽宁大学,通信工程,exact_school_major,1,0140,辽宁大学,65,通信工程,49,,,物理,化学,5200,1_3_0140_5_65
596,"14,920",211,长安大学,工程管理,exact_school_major,1,0710,长安大学,49,工程管理,1,,,物理,无限制,5500,1_3_0710_5_49
596,"14,920",双非补充,深圳大学,金融科技(中外合作办学),exact_school_major,1,0590,深圳大学,79,金融科技(中外合作办学),2,,"(与法国南特高等商学院金融科技专业4+0联合培养,培养模式详见学校网站,不得转入其他非中外合作办学专业)",物理,无限制,81500,1_3_0590_5_79
595,"15,246",985,中央民族大学,数据科学与大数据技术(中外合作办学),exact_school_major,1,0052,中央民族大学,61,数据科学与大数据技术(中外合作办学),4,,,物理,化学,70000,1_3_0052_5_61
595,"15,246",985,山东大学,护理学,exact_school_major,1,0422,山东大学,H1,护理学,6,,(含“护理学+工商管理”双学位班；入校后不可转专业；不招收色弱、色盲考生),物理,生物,7920,1_3_0422_5_H1
595,"15,246",985,西北农林科技大学,园艺(园艺类),unmatched_name_changed_or_not_in_2026_physics_plan,0,,,,,,,,,,,
595,"15,246",211,东北农业大学,能源动力类(新能源科学与工程、农业建筑环境与能源工程),unmatched_name_changed_or_not_in_2026_physics_plan,0,,,,,,,,,,,
595,"15,246",211,东北林业大学,智慧林业(拔尖人才成栋班),unmatched_name_changed_or_not_in_2026_physics_plan,0,,,,,,,,,,,
595,"15,246",211,中国地质大学(北京),智能建造,exact_school_major,1,1415,中国地质大学(北京),10,智能建造,1,,,物理,化学,5500,1_3_1415_5_10
595,"15,246",211,中国地质大学(北京),环境工程,exact_school_major,1,1415,中国地质大学(北京),20,环境工程,2,,"(一年级在北京校区,二年级起在雄安校区；不招色盲、色弱、单色识别不全)",物理,化学,5500,1_3_1415_5_20
595,"15,246",211,中国矿业大学,环境工程,exact_school_major,1,0290,中国矿业大学,0Y,环境工程,2,(高校专项计划),"(不招收色盲、色弱、单色识别不全)(特控线上录取)(教育部高校专项计划,只投档符合报考条件的考生)",物理,化学,5800,1_3_0290_5_0Y
595,"15,246",211,中国矿业大学(北京),智能采矿工程,exact_school_major,1,1413,中国矿业大学(北京),14,智能采矿工程,5,,,物理,化学,5500,1_3_1413_5_14
595,"15,246",211,北京中医药大学,公共事业管理(卫生管理),unmatched_name_changed_or_not_in_2026_physics_plan,0,,,,,,,,,,,
595,"15,246",211,北京交通大学(威海校区),会计学(中外合作办学),exact_school_major,1,9004,北京交通大学(威海校区),05,会计学(中外合作办学),4,,"(合作方英国兰卡斯特大学,4+0模式。大量全英文授课,专业课全英文教材,要求较好的英语基础)",物理,无限制,100000,1_3_9004_5_05
595,"15,246",211,北京林业大学,地理信息科学,unmatched_name_changed_or_not_in_2026_physics_plan,0,,,,,,,,,,,
595,"15,246",211,北京林业大学,木材科学与工程(德语复合人才实验班),unmatched_name_changed_or_not_in_2026_physics_plan,0,,,,,,,,,,,
595,"15,246",211,北京林业大学,英语,unmatched_name_changed_or_not_in_2026_physics_plan,0,,,,,,,,,,,
595,"15,246",211,华中农业大学,动物科学(国家卓越农林人才计划),exact_school_major,1,0504,华中农业大学,10,动物科学(国家卓越农林人才计划),2,,(不招色盲),物理,化学,4500,1_3_0504_5_10
595,"15,246",211,华南师范大学,材料化学,exact_school_major,1,0574,华南师范大学,28,材料化学,4,,(不招色盲色弱且不招单色识别不全者),物理,化学,6850,1_3_0574_5_28
595,"15,246",211,南京农业大学,金融科技,exact_school_major,1,0307,南京农业大学,41,金融科技,3,,,物理,无限制,5200,1_3_0307_5_41
595,"15,246",211,南昌大学,生物工程,exact_school_major,1,0403,南昌大学,59,生物工程,2,,(不招色弱、色盲、单色不能识别的考生。),物理,化学,5250,1_3_0403_5_59
595,"15,246",211,合肥工业大学,地球信息科学与技术,unmatched_name_changed_or_not_in_2026_physics_plan,0,,,,,,,,,,,
595,"15,246",211,四川农业大学,电子科学与技术,exact_school_major,1,0626,四川农业大学,46,电子科学与技术,4,,(雅安校区),物理,化学,6240,1_3_0626_5_46
595,"15,246",211,大连海事大学,机械设计制造及其自动化(中外合作办学),exact_school_major,1,0151,大连海事大学,W2,机械设计制造及其自动化(中外合作办学),12,,"(外方合作学校为英国思克莱德大学,非英语语种考生慎报)",物理,化学,80000,1_3_0151_5_W2
595,"15,246",211,新疆大学,计算机科学与技术,unmatched_name_changed_or_not_in_2026_physics_plan,0,,,,,,,,,,,
595,"15,246",211,西安电子科技大学,大数据管理与应用(中外合作办学),unmatched_name_changed_or_not_in_2026_physics_plan,0,,,,,,,,,,,
595,"15,246",211,郑州大学,经济学类[经济学(数智经济)、金融学],unmatched_name_changed_or_not_in_2026_physics_plan,0,,,,,,,,,,,
595,"15,246",211,长安大学,工商管理类(工商管理、会计学),exact_school_major,1,0710,长安大学,51,工商管理类(工商管理、会计学),4,,(本专业类内分流任选),物理,无限制,5500,1_3_0710_5_51
595,"15,246",211,青海大学,电气工程及其自动化,exact_school_major,1,0743,青海大学,20,电气工程及其自动化,1,,,物理,化学,5460,1_3_0743_5_20
595,"15,246",双非补充,深圳大学,电子商务(中外合作办学),exact_school_major,1,0590,深圳大学,81,电子商务(中外合作办学),1,,"(与法国南特高等商学院大数据管理与应用专业4+0联合培养,培养模式详见学校网站,不得转入其他非中外合作办学专业)",物理,无限制,81500,1_3_0590_5_81
594,"15,545",211,中国地质大学(北京),土地资源管理,exact_school_major,1,1415,中国地质大学(北京),48,土地资源管理,2,,"(一年级在北京校区,二年级起在雄安校区；不招单色识别不全)",物理,无限制,5000,1_3_1415_5_48
594,"15,545",211,北京中医药大学,康复治疗学,unmatched_name_changed_or_not_in_2026_physics_plan,0,,,,,,,,,,,
594,"15,545",211,北京林业大学,草业科学(梁希实验班),exact_school_major,1,0022,北京林业大学,69,草业科学(梁希实验班),2,,(北京校区),物理,化学,5000,1_3_0022_5_69
594,"15,545",211,合肥工业大学,智能建造,unmatched_name_changed_or_not_in_2026_physics_plan,0,,,,,,,,,,,
594,"15,545",211,四川农业大学,电气工程及其自动化,exact_school_major,1,0626,四川农业大学,45,电气工程及其自动化,5,,(雅安校区),物理,化学,6240,1_3_0626_5_45
594,"15,545",211,四川农业大学,计算机科学与技术,exact_school_major,1,0626,四川农业大学,48,计算机科学与技术,5,,(雅安校区),物理,化学,6240,1_3_0626_5_48
594,"15,545",211,太原理工大学,应用化学,unmatched_name_changed_or_not_in_2026_physics_plan,0,,,,,,,,,,,
594,"15,545",211,延边大学,计算机科学与技术,exact_school_major,1,0184,延边大学,31,计算机科学与技术,2,,,物理,化学,5940,1_3_0184_5_31
594,"15,545",211,江南大学,环境科学(智慧环境卓越创新班),unmatched_name_changed_or_not_in_2026_physics_plan,0,,,,,,,,,,,
594,"15,545",211,辽宁大学,微电子科学与工程,exact_school_major,1,0140,辽宁大学,54,微电子科学与工程,88,,,物理,化学,5200,1_3_0140_5_54
593,"15,902",985,大连理工大学(盘锦校区),药学(中外合作办学),exact_school_major,1,9141,大连理工大学(盘锦校区),0C,药学(中外合作办学),9,,"(不招色盲、色弱考生。与英国莱斯特大学合作,部分课程采用英语授课,非英语语种考生慎重报考)",物理,化学,85000,1_3_9141_5_0C
593,"15,902",985,西北农林科技大学,风景园林,exact_school_major,1,0712,西北农林科技大学,51,风景园林,2,(高校专项计划),"(特控线上录取)(教育部高校专项计划,只投档符合报考条件的考生)",物理,无限制,6600,1_3_0712_5_51
593,"15,902",211,东北林业大学,数学与应用数学,exact_school_major,1,0225,东北林业大学,32,数学与应用数学,10,,,物理,化学,2500,1_3_0225_5_32
593,"15,902",211,中国地质大学(北京),海洋工程与技术,exact_school_major,1,1415,中国地质大学(北京),47,海洋工程与技术,2,,"(一年级在北京校区,二年级起在雄安校区；不招色盲、色弱、单色识别不全)",物理,化学,5500,1_3_1415_5_47
593,"15,902",211,中国地质大学(武汉),地球物理学类(地球物理与信息类)(地球物理学、地球信息科学与技术、勘查技术与工程),unmatched_name_changed_or_not_in_2026_physics_plan,0,,,,,,,,,,,
593,"15,902",211,中国矿业大学(北京),矿物加工工程,exact_school_major,1,1413,中国矿业大学(北京),41,矿物加工工程,3,,(专业录取的身体限制条件详见学校本科招生章程),物理,化学,5500,1_3_1413_5_41
593,"15,902",211,云南大学,人工智能(中外合作办学),exact_school_major,1,0673,云南大学,2U,人工智能(中外合作办学),1,,(与马来西亚马来亚大学合作),物理,地理,65000,1_3_0673_5_2U
593,"15,902",211,内蒙古大学,电子信息类(通信工程、电子信息科学与技术、自动化),unmatched_name_changed_or_not_in_2026_physics_plan,0,,,,,,,,,,,
593,"15,902",211,北京中医药大学,英语(医学),unmatched_name_changed_or_not_in_2026_physics_plan,0,,,,,,,,,,,
593,"15,902",211,北京外国语大学,外交学(中外合作办学),unmatched_name_changed_or_not_in_2026_physics_plan,0,,,,,,,,,,,
593,"15,902",211,北京林业大学,水土保持与荒漠化防治,unmatched_name_changed_or_not_in_2026_physics_plan,0,,,,,,,,,,,
593,"15,902",211,北京林业大学,林业工程类[林产化工、林产化工(生物质能源科学与工程方向)、木材科学与工程、木材科学与工程(木结构材料与工程方向)],unmatched_name_changed_or_not_in_2026_physics_plan,0,,,,,,,,,,,
593,"15,902",211,北京林业大学,商务英语,unmatched_name_changed_or_not_in_2026_physics_plan,0,,,,,,,,,,,
593,"15,902",211,华南师范大学,生物技术,exact_school_major,1,0574,华南师范大学,18,生物技术,3,,(不招色盲色弱且不招单色识别不全者),物理,化学,6850,1_3_0574_5_18
593,"15,902",211,南京农业大学,生物育种科学,exact_school_major,1,0307,南京农业大学,04,生物育种科学,5,,,物理,化学,5500,1_3_0307_5_04
593,"15,902",211,南京农业大学,动物医学类(动物医学、动物药学、兽医公共卫生),exact_school_major,1,0307,南京农业大学,21,动物医学类(动物医学、动物药学、兽医公共卫生),8,,,物理,化学,2500,1_3_0307_5_21
593,"15,902",211,南昌大学,生物技术,exact_school_major,1,0403,南昌大学,55,生物技术,3,,(不招色弱、色盲、单色不能识别的考生。),物理,化学,5250,1_3_0403_5_55
593,"15,902",211,天津医科大学,预防医学,exact_school_major,1,0062,天津医科大学,2P,预防医学,1,,(色盲、色弱考生不予录取),物理,化学,5800,1_3_0062_5_2P
593,"15,902",211,太原理工大学,金属材料工程,exact_school_major,1,0112,太原理工大学,09,金属材料工程,2,,(虎峪校区),物理,化学,5500,1_3_0112_5_09
593,"15,902",211,河北工业大学,物联网工程(中外合作办学),exact_school_major,1,0080,河北工业大学,2D,物联网工程(中外合作办学),2,,"[物联网工程(中外合作办学)是本校与新西兰梅西大学的合作办学项目,学制4年,采用“4+0”培养模式,四年培养过程全部在河北工业大学廊坊校区进行。学费为6万元人民币/学年]",物理,化学,60000,1_3_0080_5_2D
593,"15,902",211,西南交通大学,土木工程,exact_school_major,1,0613,西南交通大学,38,土木工程,1,(高校专项计划),"(特控线上录取)(教育部高校专项计划,只投档符合报考条件的考生)",物理,化学,6240,1_3_0613_5_38
593,"15,902",211,西南交通大学,工业设计(中外合作办学),exact_school_major,1,0613,西南交通大学,64,工业设计(中外合作办学),1,,"(西南交通大学与英国利兹大学合作办学,建议小语种考生慎重报考。成都东部国际校区)",物理,化学,100000,1_3_0613_5_64
593,"15,902",211,贵州大学,新能源科学与工程,exact_school_major,1,0657,贵州大学,Y4,新能源科学与工程,2,,,物理,化学,5040,1_3_0657_5_Y4
593,"15,902",211,郑州大学,安全工程,exact_school_major,1,0459,郑州大学,56,安全工程,6,,,物理,化学,5700,1_3_0459_5_56
592,"16,282",985,大连理工大学(盘锦校区),环境生态工程(中外合作办学),exact_school_major,1,9141,大连理工大学(盘锦校区),0D,环境生态工程(中外合作办学),10,,"(与英国莱斯特大学合作,部分课程采用英语授课,非英语语种考生慎重报考)",物理,化学,85000,1_3_9141_5_0D
592,"16,282",211,东北农业大学,动物医学,exact_school_major,1,0224,东北农业大学,19,动物医学,3,,(不招色弱、色盲、单色识别不全考生),物理,化学,3000,1_3_0224_5_19
592,"16,282",211,东北林业大学,化学(拔尖人才成栋班),exact_school_major,1,0225,东北林业大学,37,化学(拔尖人才成栋班),1,,,物理,化学,2500,1_3_0225_5_37
592,"16,282",211,中国传媒大学,智能科学与技术(中外合作办学),exact_school_major,1,0033,中国传媒大学,H3,智能科学与技术(中外合作办学),3,,(与英国考文垂大学合作。办学地点：海南省陵水黎族自治县黎安国际教育创新试验区),物理,化学,100000,1_3_0033_5_H3
592,"16,282",211,中国地质大学(北京),地质学类[地质学、地质学(地质地球物理复合)、地质学(旅游地学)、资源勘查工程(固体矿产)、地球化学、地球信息科学与技术(大数据与数字地球)、行星科学],unmatched_name_changed_or_not_in_2026_physics_plan,0,,,,,,,,,,,
592,"16,282",211,中国地质大学(北京),海洋科学,exact_school_major,1,1415,中国地质大学(北京),45,海洋科学,3,,"(一年级在北京校区,二年级起在雄安校区；不招色盲、色弱、单色识别不全)",物理,化学,5500,1_3_1415_5_45
592,"16,282",211,北京林业大学,园林,exact_school_major,1,0022,北京林业大学,74,园林,3,,"(一二年级在北京校区培养,三年级起在雄安校区培养)",物理,生物,5000,1_3_0022_5_74
592,"16,282",211,北京林业大学,城乡规划,exact_school_major,1,0022,北京林业大学,29,城乡规划,2,,"(一二年级在北京校区培养,三年级起在雄安校区培养)",物理,无限制,5500,1_3_0022_5_29
592,"16,282",211,华中农业大学,地理信息科学,exact_school_major,1,0504,华中农业大学,17,地理信息科学,2,,(不招色盲),物理,D,5850,1_3_0504_5_17
592,"16,282",211,华中农业大学,应用化学,exact_school_major,1,0504,华中农业大学,29,应用化学,6,,(不招色盲),物理,化学,4500,1_3_0504_5_29
592,"16,282",211,南京农业大学,环境科学与工程类(环境工程、环境科学、农业资源与环境、生态学),exact_school_major,1,0307,南京农业大学,06,环境科学与工程类(环境工程、环境科学、农业资源与环境、生态学),4,,,物理,化学,2750,1_3_0307_5_06
592,"16,282",211,南京农业大学,园艺,exact_school_major,1,0307,南京农业大学,10,园艺,2,,(不招色盲色弱且不招单色识别不全者),物理,化学,2750,1_3_0307_5_10
592,"16,282",211,南京农业大学,动物科学,exact_school_major_multiple_plan_rows,2,0307,南京农业大学,14,动物科学,3,,(不招色盲色弱且不招单色识别不全者),物理,化学,2750,1_3_0307_5_14
592,"16,282",211,南京农业大学,动物科学,exact_school_major_multiple_plan_rows,2,0307,南京农业大学,AB,动物科学,1,(高校专项计划),"(特控线上录取,不招色盲色弱且不招单色识别不全者)(教育部高校专项计划,只投档符合报考条件的考生)",物理,化学,2750,1_3_0307_5_AB
592,"16,282",211,南京师范大学,食品科学与工程,exact_school_major,1,0319,南京师范大学,83,食品科学与工程,3,,"(不招色盲、色弱、单色不识别考生,详见学校招生章程)",物理,化学,6380,1_3_0319_5_83
592,"16,282",211,南昌大学,临床医学(中外合作办学)(中英双学位合作办学),exact_school_major,1,0403,南昌大学,73,临床医学(中外合作办学)(中英双学位合作办学),2,,"[不招色弱、色盲、单色不能识别的考生。与英国伦敦玛丽女王大学合作办学(采用5+0培养模式),建议考生具备良好的英语基础]",物理,化学,80000,1_3_0403_5_73
592,"16,282",211,太原理工大学,安全工程,exact_school_major,1,0112,太原理工大学,10,安全工程,3,,(明向校区),物理,化学,5500,1_3_0112_5_10
592,"16,282",211,太原理工大学,化学(试验班),unmatched_name_changed_or_not_in_2026_physics_plan,0,,,,,,,,,,,
592,"16,282",211,宁夏大学,电气工程及其自动化,unmatched_name_changed_or_not_in_2026_physics_plan,0,,,,,,,,,,,
592,"16,282",211,延边大学,电子信息工程,exact_school_major,1,0184,延边大学,29,电子信息工程,2,,,物理,化学,5940,1_3_0184_5_29
592,"16,282",211,河北工业大学,工商管理,exact_school_major,1,0080,河北工业大学,0W,工商管理,2,,,物理,化学,5000,1_3_0080_5_0W
592,"16,282",211,福州大学,安全工程,exact_school_major,1,0386,福州大学,22,安全工程,3,,(第一学年在福州市铜盘校区培养),物理,化学,5460,1_3_0386_5_22
592,"16,282",211,西南大学,经济学(中外合作办学),unmatched_name_changed_or_not_in_2026_physics_plan,0,,,,,,,,,,,
592,"16,282",211,辽宁大学,测控技术与仪器,exact_school_major_multiple_plan_rows,2,0140,辽宁大学,53,测控技术与仪器,70,,,物理,化学,5980,1_3_0140_5_53
592,"16,282",211,辽宁大学,测控技术与仪器,exact_school_major_multiple_plan_rows,2,0140,辽宁大学,AD,测控技术与仪器,6,(地方专项计划),"(辽宁省高校专项计划,只投档符合报考条件的考生)",物理,化学,5980,1_3_0140_5_AD
592,"16,282",211,郑州大学,英语,exact_school_major,1,0459,郑州大学,11,英语,2,,,物理,无限制,4400,1_3_0459_5_11
592,"16,282",211,长安大学,交通运输(中外合作办学),exact_school_major,1,0710,长安大学,45,交通运输(中外合作办学),3,,"(非英语语种考生谨慎填报,合作院校为爱尔兰都柏林大学)",物理,化学,75000,1_3_0710_5_45
591,"16,621",211,东北农业大学,园艺(拔尖人才培养班),exact_school_major,1,0224,东北农业大学,06,园艺(拔尖人才培养班),2,(农林类),(实行动态考核与分流培养的管理机制。不招色弱、色盲、单色识别不全考生),物理,化学,3000,1_3_0224_5_06
591,"16,621",211,东北农业大学,统计学,exact_school_major,1,0224,东北农业大学,48,统计学,3,,,物理,化学,4000,1_3_0224_5_48
591,"16,621",211,东北林业大学,交通运输类(交通运输、交通工程),exact_school_major,1,0225,东北林业大学,30,交通运输类(交通运输、交通工程),11,,,物理,化学,4000,1_3_0225_5_30
591,"16,621",211,中国地质大学(北京),海洋资源与环境(民族班，只招少数民族考生),unmatched_name_changed_or_not_in_2026_physics_plan,0,,,,,,,,,,,
591,"16,621",211,中国石油大学(北京)克拉玛依校区,自动化,exact_school_major,1,9414,中国石油大学(北京)克拉玛依校区,B6,自动化,6,,,物理,化学,4500,1_3_9414_5_B6
591,"16,621",211,中国矿业大学(北京),地球物理学,exact_school_major,1,1413,中国矿业大学(北京),34,地球物理学,2,,,物理,化学,5500,1_3_1413_5_34
591,"16,621",211,中国矿业大学(北京),环境工程,exact_school_major,1,1413,中国矿业大学(北京),42,环境工程,4,,(专业录取的身体限制条件详见学校本科招生章程),物理,化学,5500,1_3_1413_5_42
591,"16,621",211,云南大学,药学,exact_school_major,1,0673,云南大学,2C,药学,1,,,物理,化学,5000,1_3_0673_5_2C
591,"16,621",211,北京体育大学,运动人体科学,exact_school_major,1,0043,北京体育大学,12,运动人体科学,2,,"(色盲、色弱者,不予录取)(具体要求详见我校《招生章程》)",物理,无限制,6000,1_3_0043_5_12
591,"16,621",211,北京体育大学,体育经济与管理,exact_school_major,1,0043,北京体育大学,33,体育经济与管理,1,,"(不能准确识别红、黄、绿、兰、紫各种颜色中任何一种颜色的导线、按键、信号灯、几何图形者,不予录取)(具体要求详见我校《招生章程》)",物理,无限制,5000,1_3_0043_5_33
591,"16,621",211,北京化工大学,生物工程(中外合作办学)(中美双学位、生物过程工程),exact_school_major,1,0010,北京化工大学,35,生物工程(中外合作办学)(中美双学位、生物过程工程),2,,"(高收费专业,不招色盲色弱、单色识别异常考生)",物理,化学,70000,1_3_0010_5_35
591,"16,621",211,华中农业大学,植物生产类[农学(国家卓越农林人才计划)、植物科学与技术、种子科学与工程、植物保护(国家卓越农林人才计划)、应用生物科学],unmatched_name_changed_or_not_in_2026_physics_plan,0,,,,,,,,,,,
591,"16,621",211,华中农业大学,管理科学与工程类(工程管理、信息管理与信息系统),exact_school_major,1,0504,华中农业大学,50,管理科学与工程类(工程管理、信息管理与信息系统),2,,,物理,无限制,5850,1_3_0504_5_50
591,"16,621",211,华南师范大学,生物工程,unmatched_name_changed_or_not_in_2026_physics_plan,0,,,,,,,,,,,
591,"16,621",211,宁夏大学,网络工程(与中软国际共建项目),unmatched_name_changed_or_not_in_2026_physics_plan,0,,,,,,,,,,,
591,"16,621",211,广西大学,机械电子工程,exact_school_major,1,0593,广西大学,12,机械电子工程,5,,,物理,化学,5977,1_3_0593_5_12
591,"16,621",211,暨南大学,中药学,exact_school_major,1,0559,暨南大学,41,中药学,2,,(不招收色盲色弱考生)(广州番禺校区),物理,化学,7660,1_3_0559_5_41
591,"16,621",211,暨南大学,经济学(中外合作办学),exact_school_major,1,0559,暨南大学,6E,经济学(中外合作办学),2,,(广州番禺校区),物理,无限制,100000,1_3_0559_5_6E
591,"16,621",211,江南大学,预防医学,exact_school_major,1,0295,江南大学,28,预防医学,2,,(色盲、色弱及不能准确识别红、黄、绿、兰、紫各种颜色中任何一种颜色的导线、按键、信号灯、几何图形者不予录取),物理,化学,6800,1_3_0295_5_28
591,"16,621",211,海南大学,材料科学与工程,exact_school_major,1,0589,海南大学,10,材料科学与工程,3,,,物理,化学,4600,1_3_0589_5_10
591,"16,621",211,湖南师范大学,化学工程与工艺,exact_school_major,1,0542,湖南师范大学,P4,化学工程与工艺,2,,,物理,化学,6500,1_3_0542_5_P4
591,"16,621",211,辽宁大学,经济统计学,exact_school_major,1,0140,辽宁大学,15,经济统计学,66,,,物理,无限制,5200,1_3_0140_5_15
591,"16,621",211,郑州大学,生物科学类(生物技术、生物信息学、植物科学与技术),unmatched_name_changed_or_not_in_2026_physics_plan,0,,,,,,,,,,,
591,"16,621",211,长安大学,工科试验班(智慧建造长安学堂计划)(土木工程),unmatched_name_changed_or_not_in_2026_physics_plan,0,,,,,,,,,,,
591,"16,621",211,青海大学,机械设计制造及其自动化,exact_school_major,1,0743,青海大学,11,机械设计制造及其自动化,1,,,物理,化学,5460,1_3_0743_5_11
590,"16,970",211,东北林业大学,生态学(拔尖人才成栋班),exact_school_major,1,0225,东北林业大学,55,生态学(拔尖人才成栋班),2,,,物理,化学,5000,1_3_0225_5_55
590,"16,970",211,中国地质大学(武汉),海洋科学类(海洋科学、海洋工程与技术),unmatched_name_changed_or_not_in_2026_physics_plan,0,,,,,,,,,,,
590,"16,970",211,中国地质大学(武汉),应急管理,unmatched_name_changed_or_not_in_2026_physics_plan,0,,,,,,,,,,,
590,"16,970",211,中国矿业大学(北京),智能建造,exact_school_major,1,1413,中国矿业大学(北京),75,智能建造,2,,,物理,化学,5500,1_3_1413_5_75
590,"16,970",211,中国药科大学,临床药学(中外合作办学),exact_school_major,1,0316,中国药科大学,19,临床药学(中外合作办学),3,,"(不招色盲色弱；第三、四学年赴英国学习,第五学年在国内学习,国外学费另算)",物理,化学,26400,1_3_0316_5_19
590,"16,970",211,云南大学,法学,exact_school_major,1,0673,云南大学,0F,法学,2,,,物理,C,5000,1_3_0673_5_0F
590,"16,970",211,云南大学,化学类(化学、高分子材料与工程、化学工程与工艺、制药工程),exact_school_major,1,0673,云南大学,15,化学类(化学、高分子材料与工程、化学工程与工艺、制药工程),4,,(大类培养分流办法及各专业学费标准详见《云南大学2026年本科招生章程》),物理,化学,5000,1_3_0673_5_15
590,"16,970",211,云南大学,生态学,exact_school_major,1,0673,云南大学,1G,生态学,1,,(菁英班),物理,化学,5600,1_3_0673_5_1G
590,"16,970",211,云南大学,材料科学与工程,exact_school_major,1,0673,云南大学,1J,材料科学与工程,3,,,物理,化学,5600,1_3_0673_5_1J
590,"16,970",211,内蒙古大学,机械工程,exact_school_major,1,0126,内蒙古大学,41,机械工程,1,,,物理,化学,5060,1_3_0126_5_41
590,"16,970",211,北京化工大学,工业设计(中外合作办学)(中意设计双学位),exact_school_major,1,0010,北京化工大学,36,工业设计(中外合作办学)(中意设计双学位),5,,(高收费专业),物理,化学,70000,1_3_0010_5_36
590,"16,970",211,北京林业大学,自然地理与资源环境,unmatched_name_changed_or_not_in_2026_physics_plan,0,,,,,,,,,,,
590,"16,970",211,华北电力大学(保定),环境工程,exact_school_major_multiple_plan_rows,2,0079,华北电力大学(保定),0T,环境工程,2,,,物理,化学,5500,1_3_0079_5_0T
590,"16,970",211,华北电力大学(保定),环境工程,exact_school_major_multiple_plan_rows,2,0079,华北电力大学(保定),AD,环境工程,1,(高校专项计划),"(特控线上录取)(教育部高校专项计划,只投档符合报考条件的考生)",物理,化学,5500,1_3_0079_5_AD
590,"16,970",211,南京农业大学,工商管理类(工商管理、市场营销、电子商务),unmatched_name_changed_or_not_in_2026_physics_plan,0,,,,,,,,,,,
590,"16,970",211,延边大学,人工智能,exact_school_major,1,0184,延边大学,32,人工智能,2,,,物理,化学,5400,1_3_0184_5_32
590,"16,970",211,江南大学,日语(涉外法治人才卓越创新班),unmatched_name_changed_or_not_in_2026_physics_plan,0,,,,,,,,,,,
590,"16,970",211,河北工业大学,海洋技术,exact_school_major,1,0080,河北工业大学,0Q,海洋技术,2,,"(色弱,色盲不予录取)",物理,化学,5300,1_3_0080_5_0Q
590,"16,970",211,西南交通大学,高分子材料与工程(中外合作办学),exact_school_major,1,0613,西南交通大学,66,高分子材料与工程(中外合作办学),1,,"(西南交通大学与英国利兹大学合作办学,建议小语种考生慎重报考,不招色弱、色盲、单色识别不全。成都东部国际校区)",物理,化学,100000,1_3_0613_5_66
590,"16,970",211,西南大学,植物生产类(农学、园艺、植物保护),exact_school_major_multiple_plan_rows,2,0635,西南大学,01,植物生产类(农学、园艺、植物保护),1,(农林类),(不招色盲、单色识别不全考生),物理,化学,5200,1_3_0635_5_01
590,"16,970",211,西南大学,植物生产类(农学、园艺、植物保护),exact_school_major_multiple_plan_rows,2,0635,西南大学,AB,植物生产类(农学、园艺、植物保护),1,(农林类)(高校专项计划),"(特控线上录取)(不招色盲、单色识别不全考生)(教育部高校专项计划,只投档符合报考条件的考生)",物理,化学,5200,1_3_0635_5_AB
590,"16,970",211,贵州大学,过程装备与控制工程,unmatched_name_changed_or_not_in_2026_physics_plan,0,,,,,,,,,,,
589,"17,304",211,中国地质大学(北京),地下水科学与工程,exact_school_major,1,1415,中国地质大学(北京),21,地下水科学与工程,3,,(不招色盲、色弱、单色识别不全),物理,化学,5500,1_3_1415_5_21
589,"17,304",211,中国石油大学(北京)克拉玛依校区,机械设计制造及其自动化,exact_school_major,1,9414,中国石油大学(北京)克拉玛依校区,B4,机械设计制造及其自动化,6,,,物理,化学,5100,1_3_9414_5_B4
589,"17,304",211,中国矿业大学(北京),地质类(地质工程、资源勘查工程),exact_school_major,1,1413,中国矿业大学(北京),31,地质类(地质工程、资源勘查工程),5,,,物理,化学,5500,1_3_1413_5_31
589,"17,304",211,云南大学,地理科学,exact_school_major,1,0673,云南大学,17,地理科学,1,,,物理,D,5000,1_3_0673_5_17
589,"17,304",211,内蒙古大学,车辆工程,exact_school_major,1,0126,内蒙古大学,42,车辆工程,1,,,物理,化学,5060,1_3_0126_5_42
589,"17,304",211,内蒙古大学,交通运输,exact_school_major,1,0126,内蒙古大学,4P,交通运输,1,,[色觉异常Ⅱ度(俗称色盲)不予录取],物理,化学,5060,1_3_0126_5_4P
589,"17,304",211,北京体育大学,康复物理治疗,exact_school_major,1,0043,北京体育大学,49,康复物理治疗,2,,"(色盲、色弱者,不予录取)(具体要求详见我校《招生章程》)",物理,化学,6000,1_3_0043_5_49
589,"17,304",211,南京师范大学,环境科学与工程类(环境工程、环境科学),exact_school_major,1,0319,南京师范大学,80,环境科学与工程类(环境工程、环境科学),3,,,物理,化学,6380,1_3_0319_5_80
589,"17,304",211,太原理工大学,智能采矿工程,exact_school_major,1,0112,太原理工大学,5W,智能采矿工程,3,,(虎峪校区),物理,化学,5500,1_3_0112_5_5W
589,"17,304",211,延边大学,通信工程,exact_school_major,1,0184,延边大学,30,通信工程,2,,,物理,化学,5400,1_3_0184_5_30
589,"17,304",211,暨南大学,西班牙语,unmatched_name_changed_or_not_in_2026_physics_plan,0,,,,,,,,,,,
589,"17,304",211,河北工业大学,工程管理,exact_school_major,1,0080,河北工业大学,0X,工程管理,2,,,物理,化学,5000,1_3_0080_5_0X
589,"17,304",211,西南大学,生物技术(中外合作办学),exact_school_major,1,0635,西南大学,ZC,生物技术(中外合作办学),2,,"(不招色盲、单色识别不全考生)(可选择国内学习3年、国外1年或国内学习4年,在西南大学就读期间学费5万元/年,在外方高校就读期间,按外方高校学费标准缴纳学费。外方合作高校：澳大利亚西澳大学。以英语为主要授课语言,建议非英语语种考生谨慎报考)",物理,化学,50000,1_3_0635_5_ZC
589,"17,304",211,郑州大学,新闻传播学类(广告学、新闻学、网络与新媒体),exact_school_major,1,0459,郑州大学,10,新闻传播学类(广告学、新闻学、网络与新媒体),2,,,物理,无限制,4400,1_3_0459_5_10
589,"17,304",211,青海大学,临床医学,exact_school_major,1,0743,青海大学,50,临床医学,1,,,物理,地理,5770,1_3_0743_5_50
588,"17,653",985,西北农林科技大学,环境科学(中外合作办学),unmatched_name_changed_or_not_in_2026_physics_plan,0,,,,,,,,,,,
588,"17,653",211,东北师范大学,会计学(中外合作办学),unmatched_name_changed_or_not_in_2026_physics_plan,0,,,,,,,,,,,
588,"17,653",211,东北林业大学,动物医学,exact_school_major,1,0225,东北林业大学,11,动物医学,4,,,物理,化学,3000,1_3_0225_5_11
588,"17,653",211,中国地质大学(北京),海洋资源与环境,exact_school_major_multiple_plan_rows,2,1415,中国地质大学(北京),46,海洋资源与环境,2,,"(一年级在北京校区,二年级起在雄安校区；不招色盲、色弱、单色识别不全)",物理,化学,5500,1_3_1415_5_46
588,"17,653",211,中国地质大学(北京),海洋资源与环境,exact_school_major_multiple_plan_rows,2,1415,中国地质大学(北京),AA,海洋资源与环境,1,(高校专项计划),"(一年级在北京校区,二年级起在雄安校区；不招色盲、色弱、单色识别不全)(特控线上录取)(教育部高校专项计划,只投档符合报考条件的考生)",物理,化学,5500,1_3_1415_5_AA
588,"17,653",211,中国地质大学(武汉),管理科学与工程类(信息管理与信息系统、工程管理),exact_school_major,1,0491,中国地质大学(武汉),36,管理科学与工程类(信息管理与信息系统、工程管理),3,,,物理,化学,4500,1_3_0491_5_36
588,"17,653",211,云南大学,地理信息科学,exact_school_major,1,0673,云南大学,18,地理信息科学,1,,,物理,D,5000,1_3_0673_5_18
588,"17,653",211,云南大学,生物技术,exact_school_major,1,0673,云南大学,1E,生物技术,2,,(国家生命科学与技术基地班),物理,化学,5600,1_3_0673_5_1E
588,"17,653",211,内蒙古大学,物理学类(物理学、应用物理学),unmatched_name_changed_or_not_in_2026_physics_plan,0,,,,,,,,,,,
588,"17,653",211,内蒙古大学,生物医学工程,exact_school_major,1,0126,内蒙古大学,4T,生物医学工程,1,,[轻度色觉异常(俗称色弱)不予录取],物理,化学,5060,1_3_0126_5_4T
588,"17,653",211,北京林业大学,家具设计与工程(卓越人才实验班),unmatched_name_changed_or_not_in_2026_physics_plan,0,,,,,,,,,,,
588,"17,653",211,华中农业大学,工商管理类(市场营销、人力资源管理、会计学、财务管理、工商管理),unmatched_name_changed_or_not_in_2026_physics_plan,0,,,,,,,,,,,
588,"17,653",211,南京农业大学,社会学类(法学、社会学、旅游管理、农村区域发展),exact_school_major,1,0307,南京农业大学,29,社会学类(法学、社会学、旅游管理、农村区域发展),2,,,物理,无限制,5200,1_3_0307_5_29
588,"17,653",211,河北工业大学,应用物理学(中外合作办学),unmatched_name_changed_or_not_in_2026_physics_plan,0,,,,,,,,,,,
588,"17,653",211,海南大学,高分子材料与工程,exact_school_major,1,0589,海南大学,11,高分子材料与工程,2,,,物理,化学,4600,1_3_0589_5_11
588,"17,653",211,湖南师范大学,经济学,exact_school_major,1,0542,湖南师范大学,G4,经济学,4,,,物理,无限制,5500,1_3_0542_5_G4
588,"17,653",211,贵州大学,材料类(材料科学与工程、高分子材料与工程),unmatched_name_changed_or_not_in_2026_physics_plan,0,,,,,,,,,,,
588,"17,653",211,辽宁大学,测控技术与仪器(辽宁省高校专项计划),unmatched_name_changed_or_not_in_2026_physics_plan,0,,,,,,,,,,,
588,"17,653",211,郑州大学,水利类(水利水电工程、水文与水资源工程、道路桥梁与渡河工程),unmatched_name_changed_or_not_in_2026_physics_plan,0,,,,,,,,,,,
588,"17,653",211,长安大学,工科试验班(智慧环境与生态修复长安学堂计划)(环境工程),unmatched_name_changed_or_not_in_2026_physics_plan,0,,,,,,,,,,,
587,"18,006",985,中央民族大学,环境科学(中外合作办学),exact_school_major,1,0052,中央民族大学,60,环境科学(中外合作办学),4,,,物理,化学,80000,1_3_0052_5_60
587,"18,006",211,东北农业大学,应用气象学,exact_school_major,1,0224,东北农业大学,15,应用气象学,3,,(不招色盲、单色识别不全考生),物理,化学,5000,1_3_0224_5_15
587,"18,006",211,东北林业大学,计算机科学与技术(中外合作办学),exact_school_major_multiple_plan_rows,2,0225,东北林业大学,H1,计算机科学与技术(中外合作办学),10,,"[该专业与新西兰奥克兰大学合作办学,学生入校后可选择“4+0”或“3+2(校际交流)”培养模式,部分课程以英语授课,建议英语语种考生报考,具体要求详见学校网站介绍]",物理,化学,60000,1_3_0225_5_H1
587,"18,006",211,东北林业大学,计算机科学与技术(中外合作办学),exact_school_major_multiple_plan_rows,2,0225,东北林业大学,H5,计算机科学与技术(中外合作办学),6,,"[该专业与澳大利亚悉尼科技大学合作办学,采取“3+1”培养模式。部分课程以英语授课,建议英语语种考生报考,办学地点：海南国际学院(海南陵水)。具体要求详见学校网站介绍]",物理,化学,100000,1_3_0225_5_H5
587,"18,006",211,中国地质大学(北京),城市地下空间工程,exact_school_major,1,1415,中国地质大学(北京),09,城市地下空间工程,2,,,物理,化学,5500,1_3_1415_5_09
587,"18,006",211,北京体育大学,英语,exact_school_major,1,0043,北京体育大学,16,英语,1,,(具体要求详见我校《招生章程》),物理,无限制,6000,1_3_0043_5_16
587,"18,006",211,华中农业大学,风景园林,exact_school_major,1,0504,华中农业大学,23,风景园林,1,,(不招色盲),物理,无限制,5850,1_3_0504_5_23
587,"18,006",211,湖南师范大学,药学,exact_school_major,1,0542,湖南师范大学,U3,药学,2,,"(医学部,咸嘉湖校区)",物理,化学,7800,1_3_0542_5_U3
587,"18,006",211,湖南师范大学,新闻传播学类(新闻学、编辑出版学、网络与新媒体),unmatched_name_changed_or_not_in_2026_physics_plan,0,,,,,,,,,,,
587,"18,006",211,辽宁大学,经济学类(经济学、国民经济管理),exact_school_major,1,0140,辽宁大学,12,经济学类(经济学、国民经济管理),61,,,物理,无限制,5980,1_3_0140_5_12
587,"18,006",211,辽宁大学,数学与应用数学,exact_school_major,1,0140,辽宁大学,50,数学与应用数学,74,,,物理,化学,5200,1_3_0140_5_50
586,"18,370",985,中国农业大学,农林经济管理(中外合作办学),exact_school_major,1,0019,中国农业大学,32,农林经济管理(中外合作办学),2,,"[国内学习一年级8.8万元/(生/年),二年级起9.5万元/(生/年)；出国学习由合作院校按留学生标准收费。学生国内就读三年后,必须赴俄克拉荷马州立大学交流学习一年,达成美方学分与专业毕业要求方可顺利毕业。详细信息请向学校咨询]",物理,无限制,待定,1_3_0019_5_32
586,"18,370",211,东北农业大学,食品科学与工程类(食品科学与工程、食品质量与安全、粮食工程、乳品工程、食品营养与健康),exact_school_major,1,0224,东北农业大学,35,食品科学与工程类(食品科学与工程、食品质量与安全、粮食工程、乳品工程、食品营养与健康),10,,(不招色弱、色盲、单色识别不全考生),物理,化学,5500,1_3_0224_5_35
586,"18,370",211,中国地质大学(武汉),土地资源管理,exact_school_major,1,0491,中国地质大学(武汉),48,土地资源管理,2,,,物理,化学,4500,1_3_0491_5_48
586,"18,370",211,中国石油大学(北京)克拉玛依校区,计算机类(软件工程、数据科学与大数据技术),exact_school_major,1,9414,中国石油大学(北京)克拉玛依校区,A7,计算机类(软件工程、数据科学与大数据技术),9,,,物理,化学,4500,1_3_9414_5_A7
586,"18,370",211,内蒙古大学,应用化学,exact_school_major,1,0126,内蒙古大学,3G,应用化学,1,,[轻度色觉异常(俗称色弱)不予录取],物理,化学,5060,1_3_0126_5_3G
586,"18,370",211,南京师范大学,海洋资源与环境,exact_school_major,1,0319,南京师范大学,81,海洋资源与环境,4,,,物理,化学,6050,1_3_0319_5_81
586,"18,370",211,太原理工大学,水文与水资源工程,exact_school_major,1,0112,太原理工大学,0Q,水文与水资源工程,3,,(明向校区),物理,化学,5500,1_3_0112_5_0Q
586,"18,370",211,延边大学,机械设计制造及其自动化,exact_school_major,1,0184,延边大学,33,机械设计制造及其自动化,2,,,物理,化学,5400,1_3_0184_5_33
586,"18,370",211,海南大学,生物育种科学,exact_school_major,1,0589,海南大学,1P,生物育种科学,2,,"(一年级在儋州校区,二、三、四年级在崖州校区)",物理,化学,4600,1_3_0589_5_1P
586,"18,370",211,湖南师范大学,金融学,exact_school_major,1,0542,湖南师范大学,G6,金融学,2,,,物理,无限制,5500,1_3_0542_5_G6
586,"18,370",211,西北大学,文物保护技术,exact_school_major,1,0697,西北大学,58,文物保护技术,3,,,物理,化学,5500,1_3_0697_5_58
586,"18,370",211,西北大学,地质类(地质工程、资源勘查工程),unmatched_name_changed_or_not_in_2026_physics_plan,0,,,,,,,,,,,
586,"18,370",211,贵州大学,制药工程,exact_school_major,1,0657,贵州大学,7B,制药工程,2,,(不招色弱色盲及单色识别不全者),物理,化学,5040,1_3_0657_5_7B
586,"18,370",211,贵州大学,化学工程与工艺,exact_school_major,1,0657,贵州大学,Z3,化学工程与工艺,3,,(不招色弱色盲及单色识别不全者),物理,化学,5040,1_3_0657_5_Z3
585,"18,711",211,中国石油大学(北京)克拉玛依校区,油气储运工程,exact_school_major,1,9414,中国石油大学(北京)克拉玛依校区,B1,油气储运工程,7,,,物理,化学,5100,1_3_9414_5_B1
585,"18,711",211,北京体育大学,智能体育工程,exact_school_major,1,0043,北京体育大学,14,智能体育工程,1,,(具体要求详见我校《招生章程》),物理,无限制,5000,1_3_0043_5_14
585,"18,711",211,华中农业大学,环境科学与工程类[农业资源与环境(国家卓越农林人才计划)、环境工程、环境科学、环境生态工程、生态学],unmatched_name_changed_or_not_in_2026_physics_plan,0,,,,,,,,,,,
585,"18,711",211,华中农业大学,水产类[水产养殖学(国家卓越农林人才计划)、水族科学与技术],exact_school_major,1,0504,华中农业大学,24,水产类[水产养殖学(国家卓越农林人才计划)、水族科学与技术],4,,(不招色盲),物理,化学,4500,1_3_0504_5_24
585,"18,711",211,华中农业大学,社会学类(社会学、社会工作),unmatched_name_changed_or_not_in_2026_physics_plan,0,,,,,,,,,,,
585,"18,711",211,南京农业大学,风景园林,unmatched_name_changed_or_not_in_2026_physics_plan,0,,,,,,,,,,,
585,"18,711",211,四川农业大学,农业机械化及其自动化,exact_school_major,1,0626,四川农业大学,38,农业机械化及其自动化,4,,(成都校区),物理,化学,6240,1_3_0626_5_38
585,"18,711",211,太原理工大学,工程管理,exact_school_major,1,0112,太原理工大学,1N,工程管理,2,,(明向校区),物理,无限制,5100,1_3_0112_5_1N
585,"18,711",211,延边大学,数学类(数学与应用数学、统计学),exact_school_major,1,0184,延边大学,45,数学类(数学与应用数学、统计学),2,,"(数学与应用数学含师范、非师范,第一学年末分流)",物理,化学,5000,1_3_0184_5_45
585,"18,711",211,武汉理工大学,生物科学类(中外合作办学)[生物技术(中外合作办学)、制药工程(中外合作办学)],exact_school_major,1,0497,武汉理工大学,50,生物科学类(中外合作办学)[生物技术(中外合作办学)、制药工程(中外合作办学)],4,,"(与法国艾克斯马赛大学合办,""4+0""模式,部分课程以法语作为教学和考核语言,学生入校后第一年须安排法语强化学习,法语达到欧洲共同语言参考标准B1水平方可注册第二学年法方学籍,不招收色盲、色弱、单色识别异常考生)",物理,化学,39800,1_3_0497_5_50
585,"18,711",211,海军军医大学,护理学,exact_school_major,1,J017,海军军医大学,AG,护理学,1,,"(仅招收普通高中应届毕业生,政治面貌须为共青团员或中共党员,特控线上录取；色盲、色弱、单色不能识别考生不予录取)",物理,化学,5000,1_3_J017_5_AG
585,"18,711",211,海南大学,智能科学与技术(中外合作办学),exact_school_major,1,0589,海南大学,2P,智能科学与技术(中外合作办学),2,,"(大部分课程采用英文教材和英语授课,非英语语种考生慎报)",物理,化学,85000,1_3_0589_5_2P
585,"18,711",211,贵州大学,水利水电工程,exact_school_major,1,0657,贵州大学,W3,水利水电工程,2,,,物理,化学,5040,1_3_0657_5_W3
584,"19,074",985,西北农林科技大学,植物保护(中外合作办学),exact_school_major,1,0712,西北农林科技大学,69,植物保护(中外合作办学),2,,(色弱色盲不能录取),物理,化学,70000,1_3_0712_5_69
584,"19,074",211,中国石油大学(北京)克拉玛依校区,石油工程,exact_school_major,1,9414,中国石油大学(北京)克拉玛依校区,A4,石油工程,5,,,物理,化学,5100,1_3_9414_5_A4
584,"19,074",211,中国石油大学(北京)克拉玛依校区,化学工程与工艺,exact_school_major_multiple_plan_rows,2,9414,中国石油大学(北京)克拉玛依校区,AB,化学工程与工艺,2,(高校专项计划),"(特控线上录取)(教育部高校专项计划,只投档符合报考条件的考生)",物理,化学,5100,1_3_9414_5_AB
584,"19,074",211,中国石油大学(北京)克拉玛依校区,化学工程与工艺,exact_school_major_multiple_plan_rows,2,9414,中国石油大学(北京)克拉玛依校区,B2,化学工程与工艺,7,,,物理,化学,5100,1_3_9414_5_B2
584,"19,074",211,中国矿业大学(北京),城市地下空间工程,exact_school_major,1,1413,中国矿业大学(北京),74,城市地下空间工程,3,,,物理,化学,5500,1_3_1413_5_74
584,"19,074",211,云南大学,生物科学类(生物科学、生物技术),exact_school_major,1,0673,云南大学,1F,生物科学类(生物科学、生物技术),2,,(大类培养分流办法及各专业学费标准详见《云南大学2026年本科招生章程》),物理,化学,5600,1_3_0673_5_1F
584,"19,074",211,南京农业大学,园林,exact_school_major,1,0307,南京农业大学,11,园林,2,,(不招色盲色弱且不招单色识别不全者),物理,生物,2500,1_3_0307_5_11
584,"19,074",211,四川农业大学,农学,exact_school_major,1,0626,四川农业大学,01,农学,4,,(成都校区),物理,化学,5760,1_3_0626_5_01
584,"19,074",211,四川农业大学,财务管理,exact_school_major,1,0626,四川农业大学,32,财务管理,4,,(成都校区),物理,无限制,5760,1_3_0626_5_32
584,"19,074",211,新疆大学,自动化,exact_school_major,1,0755,新疆大学,8M,自动化,4,,,物理,化学,5175,1_3_0755_5_8M
584,"19,074",211,湖南师范大学,临床医学,exact_school_major,1,0542,湖南师范大学,U2,临床医学,4,,"(医学部,咸嘉湖校区)",物理,化学,7800,1_3_0542_5_U2
584,"19,074",211,西南交通大学,土木工程(中外合作办学),exact_school_major,1,0613,西南交通大学,70,土木工程(中外合作办学),1,,"(西南交通大学与英国利兹大学合作办学,建议小语种考生慎重报考。成都东部国际校区)",物理,化学,100000,1_3_0613_5_70
584,"19,074",211,辽宁大学,英语,exact_school_major,1,0140,辽宁大学,33,英语,10,,(只招外语语种为英语考生),物理,无限制,5980,1_3_0140_5_33
583,"19,435",211,东北农业大学,智慧农业,exact_school_major,1,0224,东北农业大学,03,智慧农业,3,,(不招色弱、色盲、单色识别不全考生),物理,化学,5000,1_3_0224_5_03
583,"19,435",211,东北林业大学,林学类(林学、森林保护),exact_school_major,1,0225,东北林业大学,01,林学类(林学、森林保护),10,,,物理,化学,3000,1_3_0225_5_01
583,"19,435",211,东北林业大学,物理学,exact_school_major,1,0225,东北林业大学,34,物理学,8,,,物理,化学,2500,1_3_0225_5_34
583,"19,435",211,东北林业大学,工业设计,exact_school_major,1,0225,东北林业大学,49,工业设计,8,,,物理,化学,3500,1_3_0225_5_49
583,"19,435",211,中国地质大学(武汉),土木类(土木工程、城市地下空间工程),unmatched_name_changed_or_not_in_2026_physics_plan,0,,,,,,,,,,,
583,"19,435",211,中国石油大学(北京)克拉玛依校区,过程装备与控制工程,exact_school_major,1,9414,中国石油大学(北京)克拉玛依校区,B5,过程装备与控制工程,5,,,物理,化学,5100,1_3_9414_5_B5
583,"19,435",211,中国矿业大学(北京),土木工程,unmatched_name_changed_or_not_in_2026_physics_plan,0,,,,,,,,,,,
583,"19,435",211,北京工业大学,金融学(中外合作办学),exact_school_major,1,0005,北京工业大学,73,金融学(中外合作办学),5,,"(学费9.5万/学年,第一年在平乐园校区,第二、三、四学年根据学校规划安排在平乐园校区或房山校区)",物理,无限制,95000,1_3_0005_5_73
583,"19,435",211,南昌大学,预防医学,exact_school_major,1,0403,南昌大学,78,预防医学,2,,(不招色弱、色盲、单色不能识别的考生。),物理,化学,5550,1_3_0403_5_78
583,"19,435",211,太原理工大学,应急技术与管理,exact_school_major,1,0112,太原理工大学,0J,应急技术与管理,3,,(明向校区),物理,化学,5500,1_3_0112_5_0J
583,"19,435",211,太原理工大学,建筑环境与能源应用工程,exact_school_major,1,0112,太原理工大学,0Y,建筑环境与能源应用工程,3,,(明向校区),物理,化学,5500,1_3_0112_5_0Y
583,"19,435",211,新疆大学,机械工程,exact_school_major,1,0755,新疆大学,6S,机械工程,3,,,物理,化学,5175,1_3_0755_5_6S
583,"19,435",211,西北大学,城乡规划,unmatched_name_changed_or_not_in_2026_physics_plan,0,,,,,,,,,,,
583,"19,435",211,辽宁大学,工程力学,exact_school_major,1,0140,辽宁大学,62,工程力学,62,,,物理,化学,5200,1_3_0140_5_62
583,"19,435",211,郑州大学,基础医学,exact_school_major,1,0459,郑州大学,78,基础医学,4,,(不招收色盲、色弱及单色识别不全考生),物理,化学,6300,1_3_0459_5_78
583,"19,435",211,青海大学,动物医学,exact_school_major,1,0743,青海大学,45,动物医学,1,,,物理,化学,5250,1_3_0743_5_45
582,"19,804",211,东北林业大学,材料类(材料化学、高分子材料与工程),exact_school_major,1,0225,东北林业大学,08,材料类(材料化学、高分子材料与工程),10,,,物理,化学,3500,1_3_0225_5_08
582,"19,804",211,东北林业大学,食品科学与工程,exact_school_major,1,0225,东北林业大学,60,食品科学与工程,6,,,物理,化学,3500,1_3_0225_5_60
582,"19,804",211,华南师范大学,教育技术学(智能教育创新班),unmatched_name_changed_or_not_in_2026_physics_plan,0,,,,,,,,,,,
582,"19,804",211,太原理工大学,采矿工程,exact_school_major,1,0112,太原理工大学,0Z,采矿工程,3,,(虎峪校区),物理,化学,5500,1_3_0112_5_0Z
582,"19,804",211,太原理工大学,给排水科学与工程,exact_school_major,1,0112,太原理工大学,3G,给排水科学与工程,3,,(明向校区),物理,化学,5500,1_3_0112_5_3G
582,"19,804",211,海南大学,化学,exact_school_major,1,0589,海南大学,0R,化学,2,,,物理,化学,4600,1_3_0589_5_0R
582,"19,804",211,海南大学,食品科学与工程,exact_school_major,1,0589,海南大学,1J,食品科学与工程,2,,"(一、二年级在海甸校区,三、四年级在观澜湖校区城西教学点)",物理,化学,4600,1_3_0589_5_1J
582,"19,804",211,西南交通大学,安全工程(中外合作办学),exact_school_major,1,0613,西南交通大学,72,安全工程(中外合作办学),2,,"(西南交通大学与美国俄克拉荷马州立大学合作举办的中外合作办学项目,建议小语种考生慎重报考)",物理,化学,78000,1_3_0613_5_72
582,"19,804",211,辽宁大学,数字经济,exact_school_major,1,0140,辽宁大学,23,数字经济,79,,,物理,无限制,5200,1_3_0140_5_23
581,"20,146",211,东北农业大学,制药工程,exact_school_major,1,0224,东北农业大学,34,制药工程,3,,(不招色弱、色盲、单色识别不全考生),物理,化学,5000,1_3_0224_5_34
581,"20,146",211,东北农业大学,水利类(水利水电工程、水文与水资源工程、农业水利工程),exact_school_major,1,0224,东北农业大学,43,水利类(水利水电工程、水文与水资源工程、农业水利工程),10,,,物理,化学,5000,1_3_0224_5_43
581,"20,146",211,东北林业大学,地理信息科学,exact_school_major,1,0225,东北林业大学,03,地理信息科学,8,,,物理,化学,4000,1_3_0225_5_03
581,"20,146",211,东北林业大学,智能建造与智慧交通,exact_school_major,1,0225,东北林业大学,31,智能建造与智慧交通,4,,,物理,化学,5500,1_3_0225_5_31
581,"20,146",211,中国石油大学(北京)克拉玛依校区,人工智能,exact_school_major,1,9414,中国石油大学(北京)克拉玛依校区,A8,人工智能,4,,,物理,化学,4500,1_3_9414_5_A8
581,"20,146",211,中国石油大学(北京)克拉玛依校区,数学与应用数学,unmatched_name_changed_or_not_in_2026_physics_plan,0,,,,,,,,,,,
581,"20,146",211,内蒙古大学,生物科学,exact_school_major,1,0126,内蒙古大学,3M,生物科学,1,,[轻度色觉异常(俗称色弱)不予录取],物理,化学,5060,1_3_0126_5_3M
581,"20,146",211,南昌大学,建筑环境与能源应用工程,exact_school_major,1,0403,南昌大学,66,建筑环境与能源应用工程,2,,,物理,化学,5550,1_3_0403_5_66
581,"20,146",211,新疆大学,法学,exact_school_major,1,0755,新疆大学,29,法学,2,,"(涉外法治人才方向,外语单科成绩≥110分)",物理,无限制,4600,1_3_0755_5_29
581,"20,146",211,新疆大学,智能制造工程,exact_school_major,1,0755,新疆大学,8W,智能制造工程,5,,(喀什校区),物理,化学,4500,1_3_0755_5_8W
581,"20,146",211,河北工业大学,能源与动力工程,exact_school_major,1,0080,河北工业大学,1J,能源与动力工程,2,,"[河北工业大学芬兰校区招生专业,专业教学培养使用的外语语种为英语,培养模式为“1+3(一年国内加三年芬兰)”。学费：国内阶段5800人民币/年；芬兰阶段为12000欧元/年]",物理,化学,待定,1_3_0080_5_1J
581,"20,146",211,湖南师范大学,国际经济与贸易,unmatched_name_changed_or_not_in_2026_physics_plan,0,,,,,,,,,,,
581,"20,146",211,湖南师范大学,地理信息科学,exact_school_major,1,0542,湖南师范大学,R4,地理信息科学,4,,,物理,D,5300,1_3_0542_5_R4
581,"20,146",211,湖南师范大学,预防医学,exact_school_major,1,0542,湖南师范大学,U5,预防医学,2,,"(医学部,咸嘉湖校区)",物理,化学,7800,1_3_0542_5_U5
580,"20,541",211,云南大学,生物育种科学,exact_school_major,1,0673,云南大学,2E,生物育种科学,1,,,物理,地理,5000,1_3_0673_5_2E
580,"20,541",211,华中农业大学,园林(国家卓越农林人才计划),unmatched_name_changed_or_not_in_2026_physics_plan,0,,,,,,,,,,,
580,"20,541",211,哈尔滨工程大学,土木工程(中外合作办学),exact_school_major,1,0217,哈尔滨工程大学,61,土木工程(中外合作办学),3,,"(与英国阿伯丁大学合作,“3+1”模式,中英文授课,入学不得转专业)",物理,化学,45000,1_3_0217_5_61
580,"20,541",211,太原理工大学,环境工程,exact_school_major,1,0112,太原理工大学,0W,环境工程,3,,(明向校区),物理,化学,5500,1_3_0112_5_0W
580,"20,541",211,宁夏大学,数学与应用数学,unmatched_name_changed_or_not_in_2026_physics_plan,0,,,,,,,,,,,
580,"20,541",211,新疆大学,数学与应用数学,exact_school_major,1,0755,新疆大学,49,数学与应用数学,2,,(数学单科成绩≥90分；择优选拔进入理科基地班),物理,化学,5175,1_3_0755_5_49
580,"20,541",211,江南大学,教育技术学(师范、智能教育卓越创新班),unmatched_name_changed_or_not_in_2026_physics_plan,0,,,,,,,,,,,
580,"20,541",211,福州大学,土木工程,exact_school_major,1,0386,福州大学,13,土木工程,3,,(第一学年在福州市铜盘校区培养),物理,化学,5460,1_3_0386_5_13
580,"20,541",211,西南大学,药学(中外合作办学),exact_school_major,1,0635,西南大学,Z7,药学(中外合作办学),2,,"(不招色盲、单色识别不全考生)(国内学习3年、国外1年,在西南大学就读期间学费5.8万元/年,在外方高校就读期间,按外方高校学费标准缴纳学费。外方合作高校：新西兰奥塔哥大学。以英语为主要授课语言,建议非英语语种考生谨慎报考)",物理,化学,58000,1_3_0635_5_Z7
580,"20,541",211,辽宁大学,汉语国际教育,exact_school_major,1,0140,辽宁大学,49,汉语国际教育,6,,,物理,无限制,4800,1_3_0140_5_49
580,"20,541",211,郑州大学,物流管理,exact_school_major,1,0459,郑州大学,54,物流管理,5,,,物理,无限制,4400,1_3_0459_5_54
580,"20,541",211,青海大学,麻醉学,unmatched_name_changed_or_not_in_2026_physics_plan,0,,,,,,,,,,,
579,"20,928",211,东北农业大学,工商管理类(工商管理、会计学、市场营销、人力资源管理),exact_school_major,1,0224,东北农业大学,31,工商管理类(工商管理、会计学、市场营销、人力资源管理),3,,(不招单色识别不全考生),物理,无限制,4000,1_3_0224_5_31
579,"20,928",211,东北林业大学,生物科学类[生物科学(国家理科基础科学研究和教学人才培养基地)、生物技术(国家生命科学与技术人才培养基地)、生物技术],exact_school_major_multiple_plan_rows,2,0225,东北林业大学,21,生物科学类[生物科学(国家理科基础科学研究和教学人才培养基地)、生物技术(国家生命科学与技术人才培养基地)、生物技术],14,,,物理,化学,5400,1_3_0225_5_21
579,"20,928",211,东北林业大学,生物科学类[生物科学(国家理科基础科学研究和教学人才培养基地)、生物技术(国家生命科学与技术人才培养基地)、生物技术],exact_school_major_multiple_plan_rows,2,0225,东北林业大学,AC,生物科学类[生物科学(国家理科基础科学研究和教学人才培养基地)、生物技术(国家生命科学与技术人才培养基地)、生物技术],1,(高校专项计划),"(特控线上录取)(教育部高校专项计划,只投档符合报考条件的考生)",物理,化学,5400,1_3_0225_5_AC
579,"20,928",211,中国石油大学(北京)克拉玛依校区,能源与动力工程,exact_school_major,1,9414,中国石油大学(北京)克拉玛依校区,C1,能源与动力工程,4,,,物理,化学,4500,1_3_9414_5_C1
579,"20,928",211,云南大学,经济学类(经济学、财政学、金融学、国际经济与贸易),unmatched_name_changed_or_not_in_2026_physics_plan,0,,,,,,,,,,,
579,"20,928",211,四川农业大学,动物科学,exact_school_major,1,0626,四川农业大学,05,动物科学,6,,(成都校区),物理,化学,5760,1_3_0626_5_05
579,"20,928",211,延边大学,化学类(化学、应用化学),exact_school_major,1,0184,延边大学,44,化学类(化学、应用化学),2,,(第一学年末分流。化学专业为师范),物理,化学,5000,1_3_0184_5_44
579,"20,928",211,延边大学,物理学,exact_school_major,1,0184,延边大学,46,物理学,2,,(含师范、非师范。第一学年末分流),物理,化学,5500,1_3_0184_5_46
579,"20,928",211,西北大学,地理科学类(自然地理与资源环境、人文地理与城乡规划、地理信息科学),exact_school_major,1,0697,西北大学,60,地理科学类(自然地理与资源环境、人文地理与城乡规划、地理信息科学),3,,,物理,D,6600,1_3_0697_5_60
579,"20,928",211,西南交通大学,环境工程(中外合作办学),exact_school_major,1,0613,西南交通大学,71,环境工程(中外合作办学),2,,"(西南交通大学与美国俄克拉荷马州立大学合作举办的中外合作办学项目,建议小语种考生慎重报考,不招色弱、色盲、单色识别不全)",物理,化学,78000,1_3_0613_5_71
579,"20,928",211,西南大学,食品质量与安全(中外合作办学),unmatched_name_changed_or_not_in_2026_physics_plan,0,,,,,,,,,,,
579,"20,928",211,西南财经大学,工商管理类[工商管理、工商管理(双语实验班)、市场营销、旅游管理、供应链管理、人力资源管理],unmatched_name_changed_or_not_in_2026_physics_plan,0,,,,,,,,,,,
579,"20,928",211,辽宁大学,物理学,exact_school_major,1,0140,辽宁大学,52,物理学,20,,,物理,化学,5200,1_3_0140_5_52
578,"21,329",211,东北林业大学,化学工程与工艺,exact_school_major,1,0225,东北林业大学,36,化学工程与工艺,9,,,物理,化学,3500,1_3_0225_5_36
578,"21,329",211,东北林业大学,英语,exact_school_major,1,0225,东北林业大学,44,英语,3,,(外语语种为英语),物理,无限制,4000,1_3_0225_5_44
578,"21,329",211,中国石油大学(北京)克拉玛依校区,新能源科学与工程,exact_school_major,1,9414,中国石油大学(北京)克拉玛依校区,B9,新能源科学与工程,4,,,物理,化学,4500,1_3_9414_5_B9
578,"21,329",211,云南大学,土木工程,exact_school_major,1,0673,云南大学,1N,土木工程,1,,,物理,化学,5000,1_3_0673_5_1N
578,"21,329",211,四川农业大学,法学,exact_school_major,1,0626,四川农业大学,60,法学,4,,(雅安校区),物理,无限制,5760,1_3_0626_5_60
578,"21,329",211,太原理工大学,矿物加工工程,unmatched_name_changed_or_not_in_2026_physics_plan,0,,,,,,,,,,,
578,"21,329",211,太原理工大学,道路桥梁与渡河工程,unmatched_name_changed_or_not_in_2026_physics_plan,0,,,,,,,,,,,
578,"21,329",211,延边大学,会计学,exact_school_major,1,0184,延边大学,38,会计学,2,,(在珲春校区办学),物理,无限制,4800,1_3_0184_5_38
578,"21,329",211,湖南师范大学,外国语言文学类(英语、俄语、德语、法语、西班牙语、阿拉伯语、日语、朝鲜语),unmatched_name_changed_or_not_in_2026_physics_plan,0,,,,,,,,,,,
578,"21,329",211,辽宁大学,劳动与社会保障,exact_school_major,1,0140,辽宁大学,08,劳动与社会保障,8,,,物理,无限制,5200,1_3_0140_5_08
577,"21,678",211,东北林业大学,野生动物与自然保护区管理,exact_school_major,1,0225,东北林业大学,09,野生动物与自然保护区管理,3,,,物理,化学,3000,1_3_0225_5_09
577,"21,678",211,中国石油大学(北京)克拉玛依校区,能源化学工程,exact_school_major,1,9414,中国石油大学(北京)克拉玛依校区,B3,能源化学工程,6,,,物理,化学,4500,1_3_9414_5_B3
577,"21,678",211,中国石油大学(北京)克拉玛依校区,安全工程,exact_school_major,1,9414,中国石油大学(北京)克拉玛依校区,B8,安全工程,4,,,物理,化学,4500,1_3_9414_5_B8
577,"21,678",211,云南大学,地球物理学,exact_school_major,1,0673,云南大学,1B,地球物理学,1,,,物理,化学,5000,1_3_0673_5_1B
577,"21,678",211,南昌大学,生态学,exact_school_major,1,0403,南昌大学,56,生态学,2,,(不招色弱、色盲、单色不能识别的考生。),物理,化学,5250,1_3_0403_5_56
577,"21,678",211,南昌大学,环境工程,exact_school_major,1,0403,南昌大学,5A,环境工程,3,,(不招色弱、色盲、单色不能识别的考生。),物理,化学,5250,1_3_0403_5_5A
577,"21,678",211,大连海事大学,土木工程(中外合作办学),unmatched_name_changed_or_not_in_2026_physics_plan,0,,,,,,,,,,,
577,"21,678",211,新疆大学,信息与计算科学,exact_school_major,1,0755,新疆大学,4D,信息与计算科学,2,,(数学单科成绩≥90分),物理,化学,4500,1_3_0755_5_4D
577,"21,678",211,新疆大学,能源与动力工程,exact_school_major,1,0755,新疆大学,7D,能源与动力工程,2,,,物理,化学,5175,1_3_0755_5_7D
577,"21,678",211,海南大学,食品质量与安全,exact_school_major,1,0589,海南大学,1K,食品质量与安全,2,,"(一、二年级在海甸校区,三、四年级在观澜湖校区城西教学点)",物理,化学,4600,1_3_0589_5_1K
577,"21,678",211,辽宁大学,新闻学,exact_school_major,1,0140,辽宁大学,09,新闻学,8,,,物理,无限制,4800,1_3_0140_5_09
577,"21,678",211,辽宁大学,生物信息学,exact_school_major,1,0140,辽宁大学,61,生物信息学,25,,"[考生身体健康状况须适应实验工作需要,色觉异常(俗称色盲、色弱)考生谨慎报考]",物理,化学,5200,1_3_0140_5_61
576,"22,057",211,东北农业大学,植物生产类(1)(农学、种子科学与工程),unmatched_name_changed_or_not_in_2026_physics_plan,0,,,,,,,,,,,
576,"22,057",211,太原理工大学,资源勘查工程,unmatched_name_changed_or_not_in_2026_physics_plan,0,,,,,,,,,,,
576,"22,057",211,太原理工大学,地质工程,unmatched_name_changed_or_not_in_2026_physics_plan,0,,,,,,,,,,,
576,"22,057",211,太原理工大学,物流管理,exact_school_major,1,0112,太原理工大学,2G,物流管理,2,,(明向校区),物理,无限制,5100,1_3_0112_5_2G
576,"22,057",211,新疆大学,材料成型及控制工程,exact_school_major,1,0755,新疆大学,4P,材料成型及控制工程,3,,,物理,化学,4500,1_3_0755_5_4P
576,"22,057",211,辽宁大学,档案学,exact_school_major,1,0140,辽宁大学,05,档案学,23,,,物理,无限制,5200,1_3_0140_5_05
576,"22,057",211,辽宁大学,金融学类(金融学、保险学),exact_school_major,1,0140,辽宁大学,17,金融学类(金融学、保险学),106,,,物理,无限制,5980,1_3_0140_5_17
575,"22,456",211,东北农业大学,金融学类(金融学、保险学、国际经济与贸易),unmatched_name_changed_or_not_in_2026_physics_plan,0,,,,,,,,,,,
575,"22,456",211,东北林业大学,林产化工,unmatched_name_changed_or_not_in_2026_physics_plan,0,,,,,,,,,,,
575,"22,456",211,中国石油大学(北京)克拉玛依校区,勘查技术与工程,exact_school_major,1,9414,中国石油大学(北京)克拉玛依校区,A2,勘查技术与工程,5,,,物理,化学,5100,1_3_9414_5_A2
575,"22,456",211,太原理工大学,行政管理,unmatched_name_changed_or_not_in_2026_physics_plan,0,,,,,,,,,,,
575,"22,456",211,太原理工大学,资源勘查工程(煤及煤层气工程专业方向),unmatched_name_changed_or_not_in_2026_physics_plan,0,,,,,,,,,,,
575,"22,456",211,延边大学,通信工程(中外合作办学),exact_school_major,1,0184,延边大学,LD,通信工程(中外合作办学),2,,(与韩国湖西大学合作办学),物理,化学,24000,1_3_0184_5_LD
575,"22,456",211,海南大学,植物保护,exact_school_major,1,0589,海南大学,1W,植物保护,2,,(儋州校区),物理,化学,4100,1_3_0589_5_1W
575,"22,456",211,郑州大学,康复治疗学,exact_school_major,1,0459,郑州大学,93,康复治疗学,4,,(不招收色盲、色弱及单色识别不全考生),物理,化学,6300,1_3_0459_5_93
575,"22,456",211,青海大学,储能科学与工程,exact_school_major,1,0743,青海大学,19,储能科学与工程,1,,,物理,化学,5460,1_3_0743_5_19
574,"22,820",211,中国石油大学(北京)克拉玛依校区,资源勘查工程,exact_school_major,1,9414,中国石油大学(北京)克拉玛依校区,A1,资源勘查工程,7,,,物理,化学,5100,1_3_9414_5_A1
574,"22,820",211,中国矿业大学(北京),建筑学,exact_school_major,1,1413,中国矿业大学(北京),72,建筑学,3,,,物理,无限制,5500,1_3_1413_5_72
574,"22,820",211,云南大学,公共事业管理,exact_school_major,1,0673,云南大学,2D,公共事业管理,1,,(公共事业管理+地理信息科学双学士学位),物理,无限制,7800,1_3_0673_5_2D
574,"22,820",211,海南大学,动物科学,unmatched_name_changed_or_not_in_2026_physics_plan,0,,,,,,,,,,,
574,"22,820",211,湖南师范大学,土地资源管理,unmatched_name_changed_or_not_in_2026_physics_plan,0,,,,,,,,,,,
574,"22,820",211,辽宁大学,历史学,exact_school_major,1,0140,辽宁大学,03,历史学,4,,,物理,无限制,4800,1_3_0140_5_03
574,"22,820",211,辽宁大学,行政管理,exact_school_major,1,0140,辽宁大学,07,行政管理,8,,,物理,无限制,5200,1_3_0140_5_07
573,"23,198",211,东北林业大学,风景园林,exact_school_major,1,0225,东北林业大学,24,风景园林,4,,,物理,无限制,4000,1_3_0225_5_24
573,"23,198",211,东北林业大学,化学类(化学、应用化学),exact_school_major,1,0225,东北林业大学,35,化学类(化学、应用化学),9,,,物理,化学,2500,1_3_0225_5_35
573,"23,198",211,东北林业大学,生态学,exact_school_major,1,0225,东北林业大学,54,生态学,1,,,物理,化学,5000,1_3_0225_5_54
573,"23,198",211,云南大学,地质学,exact_school_major,1,0673,云南大学,1C,地质学,1,,,物理,化学,5000,1_3_0673_5_1C
573,"23,198",211,云南大学,材料科学与工程(中外合作办学),exact_school_major,1,0673,云南大学,2T,材料科学与工程(中外合作办学),2,,(与马来西亚马来亚大学合作),物理,化学,65000,1_3_0673_5_2T
573,"23,198",211,内蒙古大学,材料化学,unmatched_name_changed_or_not_in_2026_physics_plan,0,,,,,,,,,,,
573,"23,198",211,四川农业大学,林学,exact_school_major,1,0626,四川农业大学,14,林学,4,,(成都校区),物理,化学,5760,1_3_0626_5_14
573,"23,198",211,辽宁大学,国际经济与贸易,exact_school_major,1,0140,辽宁大学,20,国际经济与贸易,41,,,物理,无限制,5980,1_3_0140_5_20
573,"23,198",211,辽宁大学,国际政治,exact_school_major,1,0140,辽宁大学,21,国际政治,5,,,物理,C,4800,1_3_0140_5_21
573,"23,198",211,辽宁大学,化学类(化学、应用化学),exact_school_major_multiple_plan_rows,2,0140,辽宁大学,56,化学类(化学、应用化学),107,,"[考生身体健康状况须适应实验工作需要,色觉异常(俗称色盲、色弱)考生谨慎报考]",物理,化学,5200,1_3_0140_5_56
573,"23,198",211,辽宁大学,化学类(化学、应用化学),exact_school_major_multiple_plan_rows,2,0140,辽宁大学,AE,化学类(化学、应用化学),6,(地方专项计划),"[考生身体健康状况须适应实验工作需要,色觉异常(俗称色盲、色弱)考生谨慎报考](辽宁省高校专项计划,只投档符合报考条件的考生)",物理,化学,5200,1_3_0140_5_AE
573,"23,198",211,青海大学,化学工程与工艺,exact_school_major,1,0743,青海大学,30,化学工程与工艺,1,,,物理,化学,5460,1_3_0743_5_30
572,"23,598",211,北京交通大学(威海校区),环境工程(中外合作办学),exact_school_major,1,9004,北京交通大学(威海校区),03,环境工程(中外合作办学),10,,"(要求无色盲色弱且无单颜色识别不全。合作方英国兰卡斯特大学,4+0模式。大量全英文授课,专业课全英文教材,要求较好的英语基础)",物理,化学,100000,1_3_9004_5_03
572,"23,598",211,南昌大学,土木工程,exact_school_major,1,0403,南昌大学,65,土木工程,2,,,物理,化学,5550,1_3_0403_5_65
572,"23,598",211,四川农业大学,植物保护,exact_school_major,1,0626,四川农业大学,02,植物保护,5,,(成都校区),物理,化学,5760,1_3_0626_5_02
572,"23,598",211,贵州大学,财政学类(财政学、金融学),unmatched_name_changed_or_not_in_2026_physics_plan,0,,,,,,,,,,,
572,"23,598",211,贵州大学,工商管理类(工商管理、市场营销、会计学、财务管理、人力资源管理),unmatched_name_changed_or_not_in_2026_physics_plan,0,,,,,,,,,,,
572,"23,598",211,贵州大学,食品科学与工程类(食品科学与工程、食品质量与安全、酿酒工程),unmatched_name_changed_or_not_in_2026_physics_plan,0,,,,,,,,,,,
572,"23,598",211,郑州大学,土木类(城市地下空间工程、智能建造与智慧交通、土木工程),unmatched_name_changed_or_not_in_2026_physics_plan,0,,,,,,,,,,,
571,"23,997",211,东北农业大学,生物科学类(生物科学、生物技术、生物工程),exact_school_major,1,0224,东北农业大学,32,生物科学类(生物科学、生物技术、生物工程),6,,(不招色弱、色盲、单色识别不全考生),物理,化学,4500,1_3_0224_5_32
571,"23,997",211,东北林业大学,经济学类(经济统计学、国际经济与贸易),unmatched_name_changed_or_not_in_2026_physics_plan,0,,,,,,,,,,,
571,"23,997",211,太原理工大学,土木工程,unmatched_name_changed_or_not_in_2026_physics_plan,0,,,,,,,,,,,
571,"23,997",211,西南大学,植物科学与技术(中外合作办学),exact_school_major,1,0635,西南大学,Z5,植物科学与技术(中外合作办学),2,(农林类),"(不招色盲、单色识别不全考生)(可选择国内学习3年、国外1年或只在国内学习4年,在西南大学就读期间学费3.8万元/年,在外方高校就读期间,按外方高校学费标准缴纳学费。外方合作高校：美国密苏里州立大学。以英语为主要授课语言,建议非英语语种考生谨慎报考)",物理,化学,38000,1_3_0635_5_Z5
571,"23,997",211,辽宁大学,广告学,exact_school_major,1,0140,辽宁大学,10,广告学,10,,,物理,无限制,4800,1_3_0140_5_10
570,"24,393",985,中央民族大学,中国少数民族语言文学,unmatched_name_changed_or_not_in_2026_physics_plan,0,,,,,,,,,,,
570,"24,393",211,东北农业大学,植物生产类(2)(园艺、设施农业科学与工程),unmatched_name_changed_or_not_in_2026_physics_plan,0,,,,,,,,,,,
570,"24,393",211,东北林业大学,建筑环境与能源应用工程,exact_school_major,1,0225,东北林业大学,28,建筑环境与能源应用工程,4,,,物理,化学,4000,1_3_0225_5_28
570,"24,393",211,四川农业大学,农业资源与环境,exact_school_major,1,0626,四川农业大学,22,农业资源与环境,4,,(成都校区),物理,化学,5760,1_3_0626_5_22
570,"24,393",211,四川农业大学,应用化学,exact_school_major,1,0626,四川农业大学,41,应用化学,4,,(雅安校区),物理,化学,6240,1_3_0626_5_41
570,"24,393",211,四川农业大学,生物科学,exact_school_major,1,0626,四川农业大学,44,生物科学,4,,(雅安校区),物理,化学,6240,1_3_0626_5_44
570,"24,393",211,四川农业大学,水利水电工程,exact_school_major,1,0626,四川农业大学,53,水利水电工程,4,,(雅安校区),物理,化学,6240,1_3_0626_5_53
570,"24,393",211,广西大学,会计学,exact_school_major,1,0593,广西大学,56,会计学,5,,,物理,无限制,5975,1_3_0593_5_56
570,"24,393",211,延边大学,工商管理,exact_school_major,1,0184,延边大学,37,工商管理,2,,(在珲春校区办学),物理,无限制,5280,1_3_0184_5_37
570,"24,393",211,延边大学,经济学类(经济学、国际经济与贸易),exact_school_major,1,0184,延边大学,39,经济学类(经济学、国际经济与贸易),2,,(第一学年末分流。在珲春校区办学),物理,无限制,4800,1_3_0184_5_39
570,"24,393",211,石河子大学,临床医学,exact_school_major,1,0759,石河子大学,0T,临床医学,6,,,物理,化学,5200,1_3_0759_5_0T
570,"24,393",211,石河子大学,计算机类(计算机科学与技术、网络空间安全、数据科学与大数据技术),unmatched_name_changed_or_not_in_2026_physics_plan,0,,,,,,,,,,,
570,"24,393",211,辽宁大学,无机非金属材料工程,exact_school_major_multiple_plan_rows,2,0140,辽宁大学,70,无机非金属材料工程,34,,"[考生身体健康状况须适应实验工作需要,色觉异常(俗称色盲、色弱)考生谨慎报考]",物理,化学,5200,1_3_0140_5_70
570,"24,393",211,辽宁大学,无机非金属材料工程,exact_school_major_multiple_plan_rows,2,0140,辽宁大学,AJ,无机非金属材料工程,6,(地方专项计划),"[考生身体健康状况须适应实验工作需要,色觉异常(俗称色盲、色弱)考生谨慎报考](辽宁省高校专项计划,只投档符合报考条件的考生)",物理,化学,5200,1_3_0140_5_AJ
570,"24,393",211,辽宁大学,食品科学与工程,exact_school_major,1,0140,辽宁大学,72,食品科学与工程,46,,"[考生身体健康状况须适应实验工作需要,色觉异常(俗称色盲、色弱)考生谨慎报考]",物理,化学,5200,1_3_0140_5_72
570,"24,393",211,青海大学,材料成型及控制工程,exact_school_major,1,0743,青海大学,13,材料成型及控制工程,1,,,物理,化学,5460,1_3_0743_5_13
569,"24,815",211,东北农业大学,土木工程,unmatched_name_changed_or_not_in_2026_physics_plan,0,,,,,,,,,,,
569,"24,815",211,云南大学,工商管理类(工商管理、财务管理、会计学、人力资源管理、物流管理、旅游管理),exact_school_major,1,0673,云南大学,1U,工商管理类(工商管理、财务管理、会计学、人力资源管理、物流管理、旅游管理),2,,(大类培养分流办法及各专业学费标准详见《云南大学2026年本科招生章程》),物理,无限制,4500,1_3_0673_5_1U
569,"24,815",211,内蒙古大学,经济学,exact_school_major,1,0126,内蒙古大学,32,经济学,1,,(不能准确识别红、黄、绿、蓝、紫各种颜色中任何一种颜色的导线、按键、信号灯、几何图形者不予录取),物理,无限制,4840,1_3_0126_5_32
569,"24,815",211,南昌大学,建筑学,exact_school_major,1,0403,南昌大学,62,建筑学,4,,,物理,无限制,9000,1_3_0403_5_62
569,"24,815",211,四川农业大学,食品科学与工程,unmatched_name_changed_or_not_in_2026_physics_plan,0,,,,,,,,,,,
569,"24,815",211,太原理工大学,生态学,unmatched_name_changed_or_not_in_2026_physics_plan,0,,,,,,,,,,,
569,"24,815",211,宁夏大学,智慧水利,unmatched_name_changed_or_not_in_2026_physics_plan,0,,,,,,,,,,,
569,"24,815",211,新疆大学,软件工程,exact_school_major,1,0755,新疆大学,8K,软件工程,10,,"(数学单科成绩≥90分,含1个俄语言特色班)",物理,化学,9000,1_3_0755_5_8K
569,"24,815",211,辽宁大学,哲学,exact_school_major,1,0140,辽宁大学,06,哲学,14,,,物理,无限制,4800,1_3_0140_5_06
569,"24,815",211,辽宁大学,工商管理类(工商管理、人力资源管理、市场营销),exact_school_major,1,0140,辽宁大学,25,工商管理类(工商管理、人力资源管理、市场营销),55,,,物理,无限制,5980,1_3_0140_5_25
569,"24,815",211,辽宁大学,制药工程,exact_school_major_multiple_plan_rows,2,0140,辽宁大学,59,制药工程,71,,"[考生身体健康状况须适应实验工作需要,色觉异常(俗称色盲、色弱)考生谨慎报考]",物理,化学,5200,1_3_0140_5_59
569,"24,815",211,辽宁大学,制药工程,exact_school_major_multiple_plan_rows,2,0140,辽宁大学,AF,制药工程,6,(地方专项计划),"[考生身体健康状况须适应实验工作需要,色觉异常(俗称色盲、色弱)考生谨慎报考](辽宁省高校专项计划,只投档符合报考条件的考生)",物理,化学,5200,1_3_0140_5_AF
568,"25,204",211,东北农业大学,生物育种技术,exact_school_major,1,0224,东北农业大学,04,生物育种技术,2,(农林类),(不招色弱、色盲、单色识别不全考生),物理,化学,5000,1_3_0224_5_04
568,"25,204",211,东北林业大学,木材科学与工程,unmatched_name_changed_or_not_in_2026_physics_plan,0,,,,,,,,,,,
568,"25,204",211,东北林业大学,工商管理类(工商管理、市场营销、会计学、农林经济管理),exact_school_major,1,0225,东北林业大学,38,工商管理类(工商管理、市场营销、会计学、农林经济管理),10,,,物理,无限制,3500,1_3_0225_5_38
568,"25,204",211,中国石油大学(北京)克拉玛依校区,会计学,exact_school_major,1,9414,中国石油大学(北京)克拉玛依校区,E1,会计学,3,,,物理,无限制,4000,1_3_9414_5_E1
568,"25,204",211,中国矿业大学,建筑环境与能源应用工程(中外合作办学),exact_school_major,1,0290,中国矿业大学,1V,建筑环境与能源应用工程(中外合作办学),4,,"(澳大利亚皇家墨尔本理工大学合办)(分类投档,只招收填报此类专业志愿的考生)",物理,化学,26400,1_3_0290_5_1V
567,"25,583",211,东北师范大学,广播电视编导,unmatched_name_changed_or_not_in_2026_physics_plan,0,,,,,,,,,,,
567,"25,583",211,中国石油大学(北京)克拉玛依校区,统计学,unmatched_name_changed_or_not_in_2026_physics_plan,0,,,,,,,,,,,
567,"25,583",211,四川农业大学,食品质量与安全,unmatched_name_changed_or_not_in_2026_physics_plan,0,,,,,,,,,,,
567,"25,583",211,延边大学,地理科学类(地理科学、地理信息科学),exact_school_major,1,0184,延边大学,42,地理科学类(地理科学、地理信息科学),2,,(第一学年末分流。地理科学专业为师范。在珲春校区办学),物理,D,5000,1_3_0184_5_42
567,"25,583",211,延边大学,食品科学与工程,exact_school_major,1,0184,延边大学,50,食品科学与工程,4,,,物理,化学,5940,1_3_0184_5_50
567,"25,583",211,海南大学,土木工程,unmatched_name_changed_or_not_in_2026_physics_plan,0,,,,,,,,,,,
567,"25,583",211,石河子大学,新能源科学与工程,exact_school_major,1,0759,石河子大学,33,新能源科学与工程,2,,,物理,化学,4500,1_3_0759_5_33
566,"25,973",211,东北农业大学,植物保护,exact_school_major,1,0224,东北农业大学,52,植物保护,5,(农林类),(不招色弱、色盲、单色识别不全考生),物理,化学,3000,1_3_0224_5_52
566,"25,973",211,石河子大学,机械设计制造及其自动化,exact_school_major,1,0759,石河子大学,0C,机械设计制造及其自动化,4,,,物理,化学,4500,1_3_0759_5_0C
566,"25,973",211,辽宁大学,化学类(化学、应用化学)(辽宁省高校专项计划),unmatched_name_changed_or_not_in_2026_physics_plan,0,,,,,,,,,,,
566,"25,973",211,青海大学,应用化学,exact_school_major,1,0743,青海大学,04,应用化学,1,,,物理,化学,5460,1_3_0743_5_04
565,"26,382",211,中国石油大学(北京)克拉玛依校区,金融学,unmatched_name_changed_or_not_in_2026_physics_plan,0,,,,,,,,,,,
565,"26,382",211,合肥工业大学,国际经济与贸易(中外合作办学),exact_school_major,1,0359,合肥工业大学,18,国际经济与贸易(中外合作办学),4,,(该专业学生在校期间不得申请转专业),物理,无限制,50000,1_3_0359_5_18
565,"26,382",211,四川农业大学,生物技术,exact_school_major,1,0626,四川农业大学,43,生物技术,4,,(雅安校区),物理,化学,6240,1_3_0626_5_43
565,"26,382",211,宁夏大学,化学,exact_school_major,1,0749,宁夏大学,66,化学,4,,"(无色盲、色弱,在银川校区就读)",物理,化学,4800,1_3_0749_5_66
565,"26,382",211,新疆大学,经济学,exact_school_major_multiple_plan_rows,2,0755,新疆大学,1P,经济学,2,,,物理,无限制,4600,1_3_0755_5_1P
565,"26,382",211,新疆大学,经济学,exact_school_major_multiple_plan_rows,2,0755,新疆大学,8U,经济学,3,,(数字经济方向),物理,无限制,4600,1_3_0755_5_8U
565,"26,382",211,湖南师范大学,人文地理与城乡规划,exact_school_major,1,0542,湖南师范大学,R5,人文地理与城乡规划,4,,,物理,D,5300,1_3_0542_5_R5
564,"26,772",211,内蒙古大学,土木工程,exact_school_major,1,0126,内蒙古大学,4H,土木工程,1,,,物理,化学,5060,1_3_0126_5_4H
564,"26,772",211,四川农业大学,中草药栽培与鉴定,exact_school_major,1,0626,四川农业大学,04,中草药栽培与鉴定,4,,(成都校区),物理,化学,6960,1_3_0626_5_04
564,"26,772",211,石河子大学,软件工程(NIIT班),exact_school_major,1,0759,石河子大学,12,软件工程(NIIT班),6,,,物理,化学,12000,1_3_0759_5_12
564,"26,772",211,辽宁大学,编辑出版学,exact_school_major,1,0140,辽宁大学,11,编辑出版学,10,,,物理,无限制,4800,1_3_0140_5_11
564,"26,772",211,辽宁大学,会计学(中外合作办学)(新华国际商学院),exact_school_major,1,0140,辽宁大学,73,会计学(中外合作办学)(新华国际商学院),121,,"(外方合作学校为英国德蒙福特大学,为英语教学,考生应具备良好的听说读写能力。非英语语种考生慎报)",物理,无限制,50000,1_3_0140_5_73
564,"26,772",211,青海大学,过程装备与控制工程,exact_school_major,1,0743,青海大学,14,过程装备与控制工程,1,,,物理,化学,5460,1_3_0743_5_14
563,"27,185",211,东北林业大学,环境科学,unmatched_name_changed_or_not_in_2026_physics_plan,0,,,,,,,,,,,
563,"27,185",211,东北林业大学,工程管理,unmatched_name_changed_or_not_in_2026_physics_plan,0,,,,,,,,,,,
563,"27,185",211,石河子大学,会计学,exact_school_major,1,0759,石河子大学,22,会计学,2,,,物理,无限制,4000,1_3_0759_5_22
563,"27,185",211,石河子大学,审计学,exact_school_major,1,0759,石河子大学,24,审计学,2,,,物理,无限制,4000,1_3_0759_5_24
563,"27,185",211,辽宁大学,工程管理,exact_school_major_multiple_plan_rows,2,0140,辽宁大学,24,工程管理,29,,,物理,无限制,5200,1_3_0140_5_24
563,"27,185",211,辽宁大学,工程管理,exact_school_major_multiple_plan_rows,2,0140,辽宁大学,AB,工程管理,10,(地方专项计划),"(辽宁省高校专项计划,只投档符合报考条件的考生)",物理,无限制,5200,1_3_0140_5_AB
563,"27,185",211,辽宁大学,日语,exact_school_major,1,0140,辽宁大学,37,日语,13,,,物理,无限制,5200,1_3_0140_5_37
562,"27,602",211,东北农业大学,环境科学与工程类(环境科学、环境工程),exact_school_major,1,0224,东北农业大学,12,环境科学与工程类(环境科学、环境工程),4,,(不招色弱、色盲、单色识别不全考生),物理,化学,5000,1_3_0224_5_12
562,"27,602",211,东北农业大学,工程管理,unmatched_name_changed_or_not_in_2026_physics_plan,0,,,,,,,,,,,
562,"27,602",211,中国石油大学(北京)克拉玛依校区,经济学,unmatched_name_changed_or_not_in_2026_physics_plan,0,,,,,,,,,,,
562,"27,602",211,四川农业大学,风景园林,exact_school_major,1,0626,四川农业大学,19,风景园林,4,,(成都校区),物理,无限制,6240,1_3_0626_5_19
562,"27,602",211,四川农业大学,农业工程,exact_school_major,1,0626,四川农业大学,37,农业工程,4,,(成都校区),物理,化学,6240,1_3_0626_5_37
562,"27,602",211,四川农业大学,食品营养与健康,exact_school_major,1,0626,四川农业大学,35,食品营养与健康,4,,(成都校区),物理,化学,6240,1_3_0626_5_35
562,"27,602",211,石河子大学,农业机械化及其自动化,exact_school_major,1,0759,石河子大学,0E,农业机械化及其自动化,2,,,物理,化学,4500,1_3_0759_5_0E
562,"27,602",211,贵州大学,地质类(资源勘查工程、地质工程),unmatched_name_changed_or_not_in_2026_physics_plan,0,,,,,,,,,,,
562,"27,602",211,辽宁大学,制药工程(辽宁省高校专项计划),unmatched_name_changed_or_not_in_2026_physics_plan,0,,,,,,,,,,,
561,"28,020",211,东北师范大学,金融学(中外合作办学),exact_school_major,1,0200,东北师范大学,G4,金融学(中外合作办学),5,,,物理,无限制,60000,1_3_0200_5_G4
561,"28,020",211,四川农业大学,环境工程,exact_school_major,1,0626,四川农业大学,24,环境工程,4,,(成都校区),物理,化学,6240,1_3_0626_5_24
561,"28,020",211,四川农业大学,农业水利工程,exact_school_major,1,0626,四川农业大学,52,农业水利工程,4,,(雅安校区),物理,化学,6240,1_3_0626_5_52
561,"28,020",211,辽宁大学,生物技术,exact_school_major,1,0140,辽宁大学,60,生物技术,83,,"[考生身体健康状况须适应实验工作需要,色觉异常(俗称色盲、色弱)考生谨慎报考]",物理,化学,5980,1_3_0140_5_60
560,"28,407",211,东北农业大学,人文地理与城乡规划,exact_school_major,1,0224,东北农业大学,42,人文地理与城乡规划,3,,,物理,化学,4000,1_3_0224_5_42
560,"28,407",211,新疆大学,食品科学与工程,unmatched_name_changed_or_not_in_2026_physics_plan,0,,,,,,,,,,,
560,"28,407",211,新疆大学,交通工程,unmatched_name_changed_or_not_in_2026_physics_plan,0,,,,,,,,,,,
560,"28,407",211,辽宁大学,法语,exact_school_major,1,0140,辽宁大学,36,法语,5,,,物理,无限制,5200,1_3_0140_5_36
560,"28,407",211,辽宁大学,环境工程,exact_school_major,1,0140,辽宁大学,63,环境工程,41,,"[考生身体健康状况须适应实验工作需要,色觉异常(俗称色盲、色弱)考生谨慎报考]",物理,化学,5200,1_3_0140_5_63
560,"28,407",211,青海大学,会计学,exact_school_major,1,0743,青海大学,65,会计学,1,,,物理,无限制,4720,1_3_0743_5_65
559,"28,848",211,东北农业大学,农业资源与环境,exact_school_major,1,0224,东北农业大学,10,农业资源与环境,3,(农林类),(不招色弱、色盲、单色识别不全考生),物理,化学,3000,1_3_0224_5_10
559,"28,848",211,四川农业大学,工商管理,exact_school_major,1,0626,四川农业大学,71,工商管理,4,,(都江堰校区),物理,无限制,5760,1_3_0626_5_71
559,"28,848",211,辽宁大学,环境生态工程,exact_school_major,1,0140,辽宁大学,64,环境生态工程,27,,"[考生身体健康状况须适应实验工作需要,色觉异常(俗称色盲、色弱)考生谨慎报考]",物理,化学,5200,1_3_0140_5_64
559,"28,848",211,辽宁大学,英语(辽阳武圣校区),exact_school_major,1,0140,辽宁大学,80,英语(辽阳武圣校区),17,,(只招外语语种为英语考生),物理,无限制,5980,1_3_0140_5_80
558,"29,258",211,东北农业大学,动物生产类(动物科学、草业科学、水产养殖学),exact_school_major,1,0224,东北农业大学,16,动物生产类(动物科学、草业科学、水产养殖学),7,,(不招色弱、色盲、单色识别不全考生),物理,化学,4000,1_3_0224_5_16
558,"29,258",211,中国矿业大学,土木工程(中外合作办学),exact_school_major,1,0290,中国矿业大学,1U,土木工程(中外合作办学),4,,"(澳大利亚格里菲斯大学合办)(分类投档,只招收填报此类专业志愿的考生)",物理,化学,26400,1_3_0290_5_1U
558,"29,258",211,内蒙古大学,物流管理,exact_school_major,1,0126,内蒙古大学,4Y,物流管理,1,,,物理,无限制,5060,1_3_0126_5_4Y
558,"29,258",211,四川农业大学,草坪科学与工程,exact_school_major,1,0626,四川农业大学,12,草坪科学与工程,4,,(成都校区),物理,化学,5760,1_3_0626_5_12
558,"29,258",211,四川农业大学,化学生物学,exact_school_major,1,0626,四川农业大学,39,化学生物学,4,,(雅安校区),物理,化学,6240,1_3_0626_5_39
558,"29,258",211,石河子大学,农业水利工程(拔尖创新班),unmatched_name_changed_or_not_in_2026_physics_plan,0,,,,,,,,,,,
558,"29,258",211,辽宁大学,考古学,exact_school_major,1,0140,辽宁大学,04,考古学,6,,"[考生身体健康状况须适应实验工作需要,色觉异常(俗称色盲、色弱)考生谨慎报考]",物理,无限制,4800,1_3_0140_5_04
558,"29,258",211,辽宁大学,会计学(中外合作办学)(亚澳商学院),exact_school_major,1,0140,辽宁大学,76,会计学(中外合作办学)(亚澳商学院),175,,"(外方合作学校为澳大利亚维多利亚大学,为英语教学,考生应具备良好的听说读写能力。非英语语种考生慎报)",物理,无限制,50000,1_3_0140_5_76
557,"29,666",211,东北林业大学,园林,exact_school_major,1,0225,东北林业大学,23,园林,1,(高校专项计划),"(特控线上录取)(教育部高校专项计划,只投档符合报考条件的考生)",物理,生物,3600,1_3_0225_5_23
557,"29,666",211,东北林业大学,城乡规划,exact_school_major,1,0225,东北林业大学,25,城乡规划,1,(高校专项计划),"(特控线上录取)(教育部高校专项计划,只投档符合报考条件的考生)",物理,无限制,4000,1_3_0225_5_25
557,"29,666",211,延边大学,动物医学,exact_school_major,1,0184,延边大学,48,动物医学,4,,,物理,化学,5000,1_3_0184_5_48
557,"29,666",211,石河子大学,数学与应用数学(师范),exact_school_major,1,0759,石河子大学,1W,数学与应用数学(师范),2,(师范类),,物理,化学,4500,1_3_0759_5_1W
557,"29,666",211,西南大学(荣昌校区),动物科学(中外合作办学),unmatched_name_changed_or_not_in_2026_physics_plan,0,,,,,,,,,,,
557,"29,666",211,辽宁大学,德语,exact_school_major,1,0140,辽宁大学,35,德语,5,,,物理,无限制,5200,1_3_0140_5_35
557,"29,666",211,青海大学,资源勘查工程,exact_school_major,1,0743,青海大学,34,资源勘查工程,1,,,物理,化学,5460,1_3_0743_5_34
556,"30,118",211,东北林业大学,土木工程,exact_school_major,1,0225,东北林业大学,27,土木工程,1,(高校专项计划),"(特控线上录取)(教育部高校专项计划,只投档符合报考条件的考生)",物理,化学,4800,1_3_0225_5_27
556,"30,118",211,四川农业大学,木材科学与工程,exact_school_major,1,0626,四川农业大学,15,木材科学与工程,4,,(成都校区),物理,化学,6240,1_3_0626_5_15
556,"30,118",211,四川农业大学,人力资源管理,exact_school_major,1,0626,四川农业大学,57,人力资源管理,4,,(雅安校区),物理,无限制,5760,1_3_0626_5_57
556,"30,118",211,延边大学,生物技术,exact_school_major,1,0184,延边大学,49,生物技术,4,,,物理,化学,5000,1_3_0184_5_49
556,"30,118",211,新疆大学,经济学,exact_school_major_multiple_plan_rows,2,0755,新疆大学,1P,经济学,2,,,物理,无限制,4600,1_3_0755_5_1P
556,"30,118",211,新疆大学,经济学,exact_school_major_multiple_plan_rows,2,0755,新疆大学,8U,经济学,3,,(数字经济方向),物理,无限制,4600,1_3_0755_5_8U
556,"30,118",211,河北工业大学,日语,exact_school_major,1,0080,河北工业大学,1B,日语,1,,,物理,无限制,5300,1_3_0080_5_1B
556,"30,118",211,海南大学,会展经济与管理(中外合作办学),unmatched_name_changed_or_not_in_2026_physics_plan,0,,,,,,,,,,,
556,"30,118",211,石河子大学,材料科学与工程,exact_school_major,1,0759,石河子大学,06,材料科学与工程,4,,,物理,化学,4500,1_3_0759_5_06
556,"30,118",211,辽宁大学,朝鲜语,exact_school_major,1,0140,辽宁大学,22,朝鲜语,6,,,物理,无限制,5200,1_3_0140_5_22
556,"30,118",211,辽宁大学,俄语,exact_school_major,1,0140,辽宁大学,34,俄语,5,,,物理,无限制,5200,1_3_0140_5_34
556,"30,118",211,青海大学,预防医学,exact_school_major,1,0743,青海大学,53,预防医学,1,,,物理,地理,5770,1_3_0743_5_53
555,"30,555",211,四川农业大学,水产养殖学,exact_school_major,1,0626,四川农业大学,13,水产养殖学,4,,(成都校区),物理,化学,5760,1_3_0626_5_13
555,"30,555",211,四川农业大学,给排水科学与工程,exact_school_major,1,0626,四川农业大学,66,给排水科学与工程,4,,(都江堰校区),物理,化学,6240,1_3_0626_5_66
555,"30,555",211,延边大学,临床医学,exact_school_major,1,0184,延边大学,F4,临床医学,2,,,物理,化学,6160,1_3_0184_5_F4
555,"30,555",211,新疆大学,资源勘查工程,exact_school_major,1,0755,新疆大学,8F,资源勘查工程,3,,,物理,化学,4500,1_3_0755_5_8F
555,"30,555",211,石河子大学,应用物理学,exact_school_major,1,0759,石河子大学,1V,应用物理学,2,,,物理,化学,4500,1_3_0759_5_1V
555,"30,555",211,辽宁大学,广播电视编导,exact_school_major,1,0140,辽宁大学,38,广播电视编导,20,,"(艺术类专业,授予艺术学学士学位)",物理,无限制,10000,1_3_0140_5_38
555,"30,555",211,辽宁大学,工商管理(中外合作办学)(新华国际商学院),exact_school_major,1,0140,辽宁大学,75,工商管理(中外合作办学)(新华国际商学院),40,,"(外方合作学校为英国德蒙福特大学,为英语教学,考生应具备良好的听说读写能力。非英语语种考生慎报)",物理,无限制,50000,1_3_0140_5_75
554,"31,013",211,四川农业大学,土地资源管理,exact_school_major,1,0626,四川农业大学,59,土地资源管理,4,,(雅安校区),物理,化学,5760,1_3_0626_5_59
554,"31,013",211,四川农业大学,英语,exact_school_major,1,0626,四川农业大学,55,英语,4,,(雅安校区)(只招英语语种考生),物理,无限制,5760,1_3_0626_5_55
554,"31,013",211,延边大学,少数民族预科班,exact_school_major,1,0184,延边大学,91,少数民族预科班,5,,"(预科阶段在珲春校区培养,一年后分流)",物理,无限制,5000,1_3_0184_5_91
554,"31,013",211,新疆大学,生物工程,exact_school_major,1,0755,新疆大学,54,生物工程,2,,,物理,化学,5175,1_3_0755_5_54
554,"31,013",211,石河子大学,物理学(师范),exact_school_major,1,0759,石河子大学,1U,物理学(师范),2,(师范类),,物理,化学,4500,1_3_0759_5_1U
554,"31,013",211,辽宁大学,无机非金属材料工程(辽宁省高校专项计划),unmatched_name_changed_or_not_in_2026_physics_plan,0,,,,,,,,,,,
554,"31,013",211,青海大学,食品科学与工程,exact_school_major,1,0743,青海大学,39,食品科学与工程,1,,,物理,化学,5460,1_3_0743_5_39
553,"31,427",211,东北农业大学,俄语,unmatched_name_changed_or_not_in_2026_physics_plan,0,,,,,,,,,,,
553,"31,427",211,四川农业大学,土木工程,exact_school_major,1,0626,四川农业大学,67,土木工程,4,,(都江堰校区),物理,化学,6240,1_3_0626_5_67
553,"31,427",211,辽宁大学,市场营销(中外合作办学)(新华国际商学院),exact_school_major,1,0140,辽宁大学,74,市场营销(中外合作办学)(新华国际商学院),20,,"(外方合作学校为英国德蒙福特大学,为英语教学,考生应具备良好的听说读写能力。非英语语种考生慎报)",物理,无限制,50000,1_3_0140_5_74
553,"31,427",211,辽宁大学,工程管理(辽宁省高校专项计划),unmatched_name_changed_or_not_in_2026_physics_plan,0,,,,,,,,,,,
552,"31,888",211,云南大学,化学工程与工艺(中外合作办学),exact_school_major,1,0673,云南大学,2V,化学工程与工艺(中外合作办学),2,,(与马来西亚马来亚大学合作),物理,化学,65000,1_3_0673_5_2V
552,"31,888",211,贵州大学,城乡规划,exact_school_major,1,0657,贵州大学,X2,城乡规划,2,,(不招色盲单色识别不全者),物理,无限制,5040,1_3_0657_5_X2
551,"32,304",211,辽宁大学,金融学(中外合作办学)(亚澳商学院),exact_school_major,1,0140,辽宁大学,77,金融学(中外合作办学)(亚澳商学院),140,,"(外方合作学校为澳大利亚维多利亚大学,为英语教学,考生应具备良好的听说读写能力。非英语语种考生慎报)",物理,无限制,50000,1_3_0140_5_77
550,"32,746",211,新疆大学,环境工程,exact_school_major,1,0755,新疆大学,5H,环境工程,3,,,物理,化学,4500,1_3_0755_5_5H
550,"32,746",211,辽宁大学,国际商务(中外合作办学)(亚澳商学院),exact_school_major,1,0140,辽宁大学,78,国际商务(中外合作办学)(亚澳商学院),12,,"(外方合作学校为澳大利亚维多利亚大学,为英语教学,考生应具备良好的听说读写能力。非英语语种考生慎报)",物理,无限制,50000,1_3_0140_5_78
549,"33,193",211,东北农业大学,园林,exact_school_major,1,0224,东北农业大学,09,园林,8,(农林类),(不招色弱、色盲、单色识别不全考生),物理,生物,3300,1_3_0224_5_09
549,"33,193",211,东北林业大学,生物技术(中外合作办学),exact_school_major,1,0225,东北林业大学,H2,生物技术(中外合作办学),9,,"[该专业与新西兰奥克兰大学合作办学,学生入校后可选择“4+0”或“3+2(校际交流)”培养模式,部分课程以英语授课,建议英语语种考生报考,具体要求详见学校网站介绍]",物理,化学,60000,1_3_0225_5_H2
549,"33,193",211,四川农业大学,城乡规划,exact_school_major,1,0626,四川农业大学,62,城乡规划,4,,(都江堰校区),物理,无限制,6240,1_3_0626_5_62
549,"33,193",211,延边大学,土木工程,exact_school_major,1,0184,延边大学,35,土木工程,2,,,物理,化学,5940,1_3_0184_5_35
549,"33,193",211,延边大学,护理学,exact_school_major,1,0184,延边大学,36,护理学,2,,,物理,生物,6160,1_3_0184_5_36
549,"33,193",211,石河子大学,药学,exact_school_major,1,0759,石河子大学,1M,药学,2,,,物理,化学,5200,1_3_0759_5_1M
548,"33,652",211,广西大学,智能建造,unmatched_name_changed_or_not_in_2026_physics_plan,0,,,,,,,,,,,
548,"33,652",211,新疆大学,制药工程,exact_school_major,1,0755,新疆大学,5F,制药工程,3,,,物理,化学,4500,1_3_0755_5_5F
548,"33,652",211,石河子大学,应用化学,exact_school_major,1,0759,石河子大学,0A,应用化学,4,,,物理,化学,4500,1_3_0759_5_0A
548,"33,652",211,贵州大学,建筑学,exact_school_major,1,0657,贵州大学,X1,建筑学,2,,(不招色盲单色识别不全者),物理,无限制,5040,1_3_0657_5_X1
547,"34,117",211,四川农业大学,翻译,exact_school_major,1,0626,四川农业大学,56,翻译,4,,(雅安校区)(限英语语种考生报考),物理,无限制,5760,1_3_0626_5_56
547,"34,117",211,延边大学,旅游管理,exact_school_major,1,0184,延边大学,41,旅游管理,2,,(在珲春校区办学),物理,无限制,5280,1_3_0184_5_41
547,"34,117",211,延边大学,环境科学,exact_school_major,1,0184,延边大学,43,环境科学,2,,(在珲春校区办学),物理,化学,5400,1_3_0184_5_43
547,"34,117",211,延边大学,经济学(中外合作办学),exact_school_major,1,0184,延边大学,LE,经济学(中外合作办学),2,,"(与韩国崇实大学合作办学,培养金融学方向专业人才。宜英语考生报考。在珲春校区办学)",物理,无限制,23000,1_3_0184_5_LE
546,"34,567",211,东北农业大学,金融学(中外合作办学)(中俄合作办学),unmatched_name_changed_or_not_in_2026_physics_plan,0,,,,,,,,,,,
546,"34,567",211,东北师范大学,物流管理(中外合作办学),exact_school_major,1,0200,东北师范大学,G5,物流管理(中外合作办学),7,,,物理,无限制,60000,1_3_0200_5_G5
546,"34,567",211,宁夏大学,环境科学与工程,exact_school_major,1,0749,宁夏大学,59,环境科学与工程,3,,(在银川校区就读),物理,化学,4800,1_3_0749_5_59
546,"34,567",211,辽宁大学,戏剧影视文学,exact_school_major,1,0140,辽宁大学,48,戏剧影视文学,7,,"(艺术类专业,授予艺术学学士学位)",物理,无限制,10000,1_3_0140_5_48
546,"34,567",211,青海大学,环境工程,unmatched_name_changed_or_not_in_2026_physics_plan,0,,,,,,,,,,,
545,"35,036",211,延边大学,教育技术学(师范),exact_school_major,1,0184,延边大学,57,教育技术学(师范),4,(师范类),,物理,无限制,4800,1_3_0184_5_57
545,"35,036",211,新疆大学,地质工程,exact_school_major,1,0755,新疆大学,8D,地质工程,3,,,物理,化学,4500,1_3_0755_5_8D
545,"35,036",211,石河子大学,动物医学,exact_school_major,1,0759,石河子大学,18,动物医学,4,,,物理,化学,4500,1_3_0759_5_18
544,"35,524",211,东北农业大学,国际经济与贸易(中外合作办学)(中俄合作办学),unmatched_name_changed_or_not_in_2026_physics_plan,0,,,,,,,,,,,
544,"35,524",211,东北师范大学,市场营销(中外合作办学),exact_school_major,1,0200,东北师范大学,G6,市场营销(中外合作办学),2,,,物理,无限制,60000,1_3_0200_5_G6
544,"35,524",211,东北林业大学,化学(中外合作办学),exact_school_major,1,0225,东北林业大学,H3,化学(中外合作办学),6,,"[该专业与新西兰奥克兰大学合作办学,学生入校后可选择“4+0”或“3+2(校际交流)”培养模式,部分课程以英语授课,建议英语语种考生报考,具体要求详见学校网站介绍]",物理,化学,60000,1_3_0225_5_H3
543,"35,977",211,延边大学,植物生产类(农学、园艺),exact_school_major,1,0184,延边大学,51,植物生产类(农学、园艺),10,,(第一学年末分流),物理,化学,5000,1_3_0184_5_51
542,"36,421",211,新疆大学,工程管理,exact_school_major,1,0755,新疆大学,7T,工程管理,2,,,物理,无限制,4000,1_3_0755_5_7T
542,"36,421",211,海南大学,电子商务(中外合作办学),exact_school_major,1,0589,海南大学,2N,电子商务(中外合作办学),2,,"(大部分课程采用英文教材和英语授课,非英语语种考生慎报。观澜湖校区)",物理,无限制,80000,1_3_0589_5_2N
542,"36,421",211,石河子大学,中药学,exact_school_major,1,0759,石河子大学,1N,中药学,2,,,物理,化学,5200,1_3_0759_5_1N
542,"36,421",211,石河子大学,经济学类(金融学、经济学、国际经济与贸易),exact_school_major,1,0759,石河子大学,25,经济学类(金融学、经济学、国际经济与贸易),6,,,物理,无限制,4000,1_3_0759_5_25
542,"36,421",211,贵州大学,信息管理与信息系统(中外合作办学),exact_school_major,1,0657,贵州大学,Z7,信息管理与信息系统(中外合作办学),4,,"(进校后不得转专业。考生高考外语单科成绩不得低于生源省高考外语科目满分的50%,非英语语种慎重报考。不招单色识别不全者)",物理,无限制,24000,1_3_0657_5_Z7
540,"37,320",211,东北农业大学,食品科学与工程(中美双学位),unmatched_name_changed_or_not_in_2026_physics_plan,0,,,,,,,,,,,
540,"37,320",211,石河子大学,工商管理类(财务管理、工商管理、人力资源管理、市场营销),unmatched_name_changed_or_not_in_2026_physics_plan,0,,,,,,,,,,,
539,"37,781",211,云南大学,土木工程(中外合作办学),unmatched_name_changed_or_not_in_2026_physics_plan,0,,,,,,,,,,,
539,"37,781",211,延边大学,动物科学,exact_school_major,1,0184,延边大学,47,动物科学,10,,,物理,化学,5500,1_3_0184_5_47
539,"37,781",211,延边大学,药学类(药学、药物制剂),exact_school_major,1,0184,延边大学,F2,药学类(药学、药物制剂),3,,(第三学期末分流),物理,化学,5600,1_3_0184_5_F2
538,"38,256",211,北京体育大学,休闲体育(中外合作办学),exact_school_major,1,0043,北京体育大学,H1,休闲体育(中外合作办学),2,,"[此专业学费高,教学地点在海南陵水黎安国际教育创新试验区,不需要体育统考成绩,仅录取填报该专业志愿的考生,高考成绩须达到生源所在地省级招办划定的普通本科录取控制分数线(部分省市为一批线或一段线)](具体要求详见我校《招生章程》)",物理,无限制,75000,1_3_0043_5_H1
538,"38,256",211,石河子大学,生物科学类[生物科学(理学)、生物科学(菁英班)、生物技术],unmatched_name_changed_or_not_in_2026_physics_plan,0,,,,,,,,,,,
538,"38,256",211,石河子大学,应用心理学,unmatched_name_changed_or_not_in_2026_physics_plan,0,,,,,,,,,,,
537,"38,755",211,石河子大学,给排水科学与工程,exact_school_major,1,0759,石河子大学,0V,给排水科学与工程,2,,,物理,化学,4500,1_3_0759_5_0V
536,"39,226",211,石河子大学,食品科学与工程类(食品科学与工程、食品质量与安全),exact_school_major,1,0759,石河子大学,0X,食品科学与工程类(食品科学与工程、食品质量与安全),6,,,物理,化学,4500,1_3_0759_5_0X
536,"39,226",211,辽宁大学,日语(辽阳武圣校区),exact_school_major,1,0140,辽宁大学,82,日语(辽阳武圣校区),22,,,物理,无限制,5200,1_3_0140_5_82
535,"39,654",211,西藏大学,临床医学,exact_school_major,1,0694,西藏大学,46,临床医学,2,,,物理,地理,3360,1_3_0694_5_46
535,"39,654",211,辽宁大学,商务英语(辽阳武圣校区),exact_school_major,1,0140,辽宁大学,84,商务英语(辽阳武圣校区),50,,(只招外语语种为英语考生),物理,无限制,5200,1_3_0140_5_84
534,"40,128",211,东北农业大学,工商管理(中外合作办学)(中俄合作办学),unmatched_name_changed_or_not_in_2026_physics_plan,0,,,,,,,,,,,
534,"40,128",211,海南大学,人文地理与城乡规划(中外合作办学),unmatched_name_changed_or_not_in_2026_physics_plan,0,,,,,,,,,,,
534,"40,128",211,石河子大学,预防医学,exact_school_major,1,0759,石河子大学,1D,预防医学,4,,,物理,化学,5200,1_3_0759_5_1D
534,"40,128",211,辽宁大学,俄语(辽阳武圣校区),exact_school_major,1,0140,辽宁大学,81,俄语(辽阳武圣校区),9,,,物理,无限制,5200,1_3_0140_5_81
534,"40,128",211,辽宁大学,翻译(辽阳武圣校区),exact_school_major,1,0140,辽宁大学,83,翻译(辽阳武圣校区),45,,(只招外语语种为英语考生),物理,无限制,5200,1_3_0140_5_83
532,"41,074",211,石河子大学,智慧农业(拔尖创新班),exact_school_major,1,0759,石河子大学,17,智慧农业(拔尖创新班),4,,,物理,地理,4500,1_3_0759_5_17
532,"41,074",211,青海大学,园艺,unmatched_name_changed_or_not_in_2026_physics_plan,0,,,,,,,,,,,
531,"41,521",211,东北林业大学,工程管理(中外合作办学),exact_school_major,1,0225,东北林业大学,H4,工程管理(中外合作办学),10,,"(该专业与英国阿斯顿大学合作办学,采取“3+1”培养模式,部分课程以英语授课,建议英语语种考生报考。具体要求详见学校网站介绍)",物理,化学,35000,1_3_0225_5_H4
531,"41,521",211,延边大学,中医学,exact_school_major,1,0184,延边大学,F7,中医学,2,,,物理,生物,5600,1_3_0184_5_F7
531,"41,521",211,新疆大学,英语,exact_school_major,1,0755,新疆大学,3S,英语,2,,"(英语单科成绩≥110分,外语语种必须为英语)",物理,无限制,4900,1_3_0755_5_3S
531,"41,521",211,石河子大学,智慧水利,exact_school_major,1,0759,石河子大学,0M,智慧水利,6,,,物理,地理,4500,1_3_0759_5_0M
531,"41,521",211,西藏大学,物理学(师范),exact_school_major,1,0694,西藏大学,44,物理学(师范),3,(师范类),(数学90分及以上),物理,化学,免费,1_3_0694_5_44
529,"42,471",211,新疆大学,服装设计与工程,unmatched_name_changed_or_not_in_2026_physics_plan,0,,,,,,,,,,,
528,"42,898",211,延边大学,园林,exact_school_major,1,0184,延边大学,70,园林,10,,,物理,生物,5000,1_3_0184_5_70
528,"42,898",211,石河子大学,植物生产类(农学、园艺、植物保护、种子科学与工程、设施农业科学与工程),exact_school_major,1,0759,石河子大学,0P,植物生产类(农学、园艺、植物保护、种子科学与工程、设施农业科学与工程),4,,,物理,化学,4500,1_3_0759_5_0P
527,"43,348",211,石河子大学,护理学,exact_school_major,1,0759,石河子大学,1E,护理学,2,,,物理,化学,5200,1_3_0759_5_1E
526,"43,804",211,石河子大学,动物科学,exact_school_major,1,0759,石河子大学,19,动物科学,4,,,物理,化学,4500,1_3_0759_5_19
524,"44,808",211,石河子大学,园林,exact_school_major,1,0759,石河子大学,16,园林,4,,,物理,生物,4500,1_3_0759_5_16
523,"45,294",211,石河子大学,人文地理与城乡规划,exact_school_major,1,0759,石河子大学,1Z,人文地理与城乡规划,2,,,物理,D,4500,1_3_0759_5_1Z
522,"45,764",211,新疆大学,纺织工程,unmatched_name_changed_or_not_in_2026_physics_plan,0,,,,,,,,,,,
513,"50,149",211,东北农业大学,动物科学(中美双学位),unmatched_name_changed_or_not_in_2026_physics_plan,0,,,,,,,,,,,
510,"51,658",211,西藏大学,护理学,exact_school_major,1,0694,西藏大学,49,护理学,2,,,物理,化学,3360,1_3_0694_5_49
507,"53,087",211,西藏大学,建筑学,exact_school_major,1,0694,西藏大学,39,建筑学,1,,,物理,无限制,3360,1_3_0694_5_39
494,"59,521",211,西藏大学,经济学,exact_school_major,1,0694,西藏大学,17,经济学,2,,,物理,无限制,2800,1_3_0694_5_17
460,"76,739",211,西藏大学,土木工程,exact_school_major,1,0694,西藏大学,38,土木工程,3,,,物理,化学,3360,1_3_0694_5_38
