批次代码,批次名称,院校代号,院校国标代码,院校名称,院校省份,办学性质,专业代号,专业国标代码,专业名称,专业属性,计划数,首选科目代码,首选科目,再选科目代码,再选科目,学制,学费,专业备注,计划ID
3,普通类本科批,0001,10001,北京大学,北京,公办,13,1204,公共管理类(城市管理、行政管理),(高校专项计划),1,04,物理,K,无限制,四年,5000,"[报考高校专项计划的考生,其投档成绩应达到辽宁省特殊类型招生控制分数线上130分(含)](教育部高校专项计划,只投档符合报考条件的考生)",1_3_0001_5_13
3,普通类本科批,0001,10001,北京大学,北京,公办,42,082503,环境科学(环境、健康、生态、地理与资源环境),(高校专项计划),1,04,物理,A,化学,四年,5000,"[报考高校专项计划的考生,其投档成绩应达到辽宁省特殊类型招生控制分数线上130分(含)](教育部高校专项计划,只投档符合报考条件的考生)",1_3_0001_5_42
3,普通类本科批,0001,10001,北京大学,北京,公办,44,0711,心理学类(应用心理学),(高校专项计划),1,04,物理,K,无限制,四年,5000,"[报考高校专项计划的考生,其投档成绩应达到辽宁省特殊类型招生控制分数线上130分(含)](教育部高校专项计划,只投档符合报考条件的考生)",1_3_0001_5_44
3,普通类本科批,0001,10001,北京大学,北京,公办,48,0070,理科试验班类(理科基础类专业)(数学类),,30,04,物理,A,化学,四年,待定,,1_3_0001_5_48
3,普通类本科批,0001,10001,北京大学,北京,公办,49,0070,理科试验班类(经济)(数学类),(高校专项计划),1,04,物理,A,化学,四年,5000,"[报考高校专项计划的考生,其投档成绩应达到辽宁省特殊类型招生控制分数线上130分(含)](教育部高校专项计划,只投档符合报考条件的考生)",1_3_0001_5_49
3,普通类本科批,0002,10002,中国人民大学,北京,公办,C2,020103,国民经济管理,(高校专项计划),1,04,物理,K,无限制,四年,5000,"[报考考生高考成绩(含政策性加分)不得低于相应科类特殊类型招生控制分数线上70分(含)](教育部高校专项计划,只投档符合报考条件的考生)(通州校区)",1_3_0002_5_C2
3,普通类本科批,0002,10002,中国人民大学,北京,公办,F1,030101,法学,,2,04,物理,K,无限制,四年,5000,(通州校区),1_3_0002_5_F1
3,普通类本科批,0002,10002,中国人民大学,北京,公办,H3,00700,理科试验班(金融学与数学创新人才班)[金融工程(财政金融学院金融学与数学双学位项目)],,1,04,物理,A,化学,四年,5000,"[财政金融学院(金融学)与数学学院(数学与应用数学)共同培养,毕业获经济学、理学双主学士学位](通州校区)",1_3_0002_5_H3
3,普通类本科批,0002,10002,中国人民大学,北京,公办,H4,00700,理科试验班(金融与大数据技术创新人才班)[金融工程(财政金融学院金融学与大数据技术双学位项目)],,2,04,物理,A,化学,四年,5000,"[财政金融学院(金融学)与信息学院(数据科学与大数据技术)共同培养,毕业获经济学、工学双主学士学位](通州校区)",1_3_0002_5_H4
3,普通类本科批,0002,10002,中国人民大学,北京,公办,J3,00700,理科试验班(经济学与数学创新人才班)[数字经济(经济学院经济学与数学双学位项目)],,1,04,物理,A,化学,四年,5000,"[经济学院(经济学)与数学学院(数学与应用数学)共同培养,毕业获经济学、理学双主学士学位](通州校区)",1_3_0002_5_J3
3,普通类本科批,0002,10002,中国人民大学,北京,公办,N1,0712,统计学类(数智科学家计划)(经济统计学、应用统计学、统计学、数据科学),,2,04,物理,A,化学,四年,5000,(大类中专业任选)(通州校区),1_3_0002_5_N1
3,普通类本科批,0002,10002,中国人民大学,北京,公办,N3,0712,统计学类(国民经济与数科创新人才班)(数据科学),,2,04,物理,A,化学,四年,5000,"[统计学院(数据科学)与应用经济学院(国民经济管理)共同培养,毕业获理学、经济学双主学士学位](通州校区)",1_3_0002_5_N3
3,普通类本科批,0002,10002,中国人民大学,北京,公办,Q1,080717,人工智能,,2,04,物理,A,化学,四年,5000,(中关村校区),1_3_0002_5_Q1
3,普通类本科批,0002,10002,中国人民大学,北京,公办,Q2,0809,计算机类(AI全栈工程师计划)(计算机科学与技术、信息安全、数据科学与大数据技术、信息管理与信息系统、软件工程),,2,04,物理,A,化学,四年,5000,"(无时点专业选择：学院内专业任选,毕业时认定专业)(中关村校区)",1_3_0002_5_Q2
3,普通类本科批,0003,10003,清华大学,北京,公办,02,00600,工科试验班(智能制造与装备类)[机械工程(含实验班)、车辆工程],(高校专项计划),1,04,物理,A,化学,四年,5000,"(特控线上录取)(教育部高校专项计划,只投档符合报考条件的考生)",1_3_0003_5_02
3,普通类本科批,0003,10003,清华大学,北京,公办,03,0807,电子信息类(电子信息科学与技术),(高校专项计划),1,04,物理,A,化学,四年,5000,"(特控线上录取)(教育部高校专项计划,只投档符合报考条件的考生)",1_3_0003_5_03
3,普通类本科批,0003,10003,清华大学,北京,公办,06,00700,理科试验班(数理类)[数学与应用数学、物理学、数理基础科学、工程物理(含能源实验班)、统计学],(高校专项计划),1,04,物理,A,化学,四年,5000,"(特控线上录取)(教育部高校专项计划,只投档符合报考条件的考生)",1_3_0003_5_06
3,普通类本科批,0003,10003,清华大学,北京,公办,19,00600,工科试验班(秀钟书院)[交叉工程(等专业)],(高校专项计划),1,04,物理,A,化学,四年,5000,"(特控线上录取)(教育部高校专项计划,只投档符合报考条件的考生)",1_3_0003_5_19
3,普通类本科批,0003,10003,清华大学,北京,公办,1A,1002,临床医学类[临床医学(协和)、临床医学(卓越医师科学班)],,5,04,物理,A,化学,八年医,5000,,1_3_0003_5_1A
3,普通类本科批,0003,10003,清华大学,北京,公办,1B,00700,理科试验班(理科各专业)[交叉工程(等专业)],,42,04,物理,A,化学,四年,5000,,1_3_0003_5_1B
3,普通类本科批,0003,10003,清华大学,北京,公办,20,00600,工科试验班(笃实书院)[交叉工程(等专业)],(高校专项计划),1,04,物理,A,化学,四年,5000,"(特控线上录取)(教育部高校专项计划,只投档符合报考条件的考生)",1_3_0003_5_20
3,普通类本科批,0004,10004,北京交通大学,北京,公办,01,0070,理科试验班类(詹天佑试点班信息类)(通信工程、计算机科学与技术、信息安全),,4,04,物理,A,化学,四年,5500,"(特殊培养方案,详见学校招生网站)",1_3_0004_5_01
3,普通类本科批,0004,10004,北京交通大学,北京,公办,02,0070,理科试验班类(詹天佑试点班智能类)(轨道交通信号与控制、交通运输、测控技术与仪器、电气工程及其自动化),,4,04,物理,A,化学,四年,5500,"(特殊培养方案,详见学校招生网站)",1_3_0004_5_02
3,普通类本科批,0004,10004,北京交通大学,北京,公办,05,080803,机器人工程(知行创新班产学研融合示范班),,2,04,物理,A,化学,四年,5500,"(特殊培养方案详见学校招生网站。一二年级在北京校区培养,三年级起在雄安校区培养)",1_3_0004_5_05
3,普通类本科批,0004,10004,北京交通大学,北京,公办,06,0808,自动化类(智能系统与智能制造)(轨道交通信号与控制、自动化、低空技术与工程、机器人工程、智能制造工程、智能车辆工程、测控技术与仪器、能源与动力工程),,13,04,物理,A,化学,四年,5500,"(一二年级在北京校区培养,三年级起在雄安校区培养)",1_3_0004_5_06
3,普通类本科批,0004,10004,北京交通大学,北京,公办,07,0807,电子信息类[通信工程、信息工程、电子科学与技术、电气工程及其自动化、电气工程及其自动化(经济、电气双学位项目)、光电信息科学与工程],,13,04,物理,A,化学,四年,5500,"(一二年级在北京校区培养,三年级起在雄安校区培养)",1_3_0004_5_07
3,普通类本科批,0004,10004,北京交通大学,北京,公办,08,0809,计算机类[计算机科学与技术、计算机科学与技术(铁路信息技术)、人工智能、物联网工程、数据科学与大数据技术(数据智能)、软件工程(国家级特色化示范性软件学院)、数据科学与大数据技术、信息安全、人工智能(智能系统与应用)],,7,04,物理,A,化学,四年,5500,"(软件工程三、四年级学费为1.6万元。一二年级在北京校区培养,三年级起在雄安校区培养)",1_3_0004_5_08
3,普通类本科批,0004,10004,北京交通大学,北京,公办,09,0818,交通运输类[交通运输(智慧铁道运输)、交通运输(城市轨道交通)、交通运输(民航运输)、交通运输(大数据与信息技术)、交通运输(卓越人才拔尖班)、交通工程、智能运输工程、物流工程],,9,04,物理,A,化学,四年,5500,"(一二年级在北京校区培养,三年级起在雄安校区培养)",1_3_0004_5_09
3,普通类本科批,0004,10004,北京交通大学,北京,公办,10,00700,理科试验班[系统科学与工程(智能交通系统拔尖班)、信息与计算科学(数学拔尖班)、信息与计算科学、统计学、数据科学、应用物理学(黄昆英才班)、纳米材料与技术(智能材料)],,12,04,物理,A,化学,四年,5500,"(一二年级在北京校区培养,三年级起在雄安校区培养)",1_3_0004_5_10
3,普通类本科批,0004,10004,北京交通大学,北京,公办,17,0810,土木类(智慧建造与智慧环境)[土木工程(数智城市与交通基础设施)、铁道工程(智能铁路与城市轨道交通)、智能建造、环境工程(智慧环境与低碳技术)],(高校专项计划),4,04,物理,A,化学,四年,5500,"(一二年级在北京校区培养,三年级起在雄安校区培养)(特控线上录取)(教育部高校专项计划,只投档符合报考条件的考生)",1_3_0004_5_17
3,普通类本科批,0004,10004,北京交通大学,北京,公办,18,00201,经济管理试验班(经济学、金融科技、物流管理、信息管理与信息系统),(高校专项计划),8,04,物理,K,无限制,四年,5000,"(一二年级在北京校区培养,三年级起在雄安校区培养)(特控线上录取)(教育部高校专项计划,只投档符合报考条件的考生)",1_3_0004_5_18
3,普通类本科批,0004,10004,北京交通大学,北京,公办,23,080204H,机械电子工程(中外合作办学),,5,04,物理,A,化学,四年,80000,"(合作方澳大利亚沃隆港大学,3+1模式,第4年在国外。大量全英文授课,要求较好的英语基础)",1_3_0004_5_23
3,普通类本科批,0004,10004,北京交通大学,北京,公办,24,080413H,纳米材料与技术(中外合作办学),,3,04,物理,A,化学,四年,80000,"(无色盲色弱且无单颜色识别不全。合作方加拿大滑铁卢大学,2+1+1模式,第3年在国外。大量全英文授课,要求较好的英语基础)",1_3_0004_5_24
3,普通类本科批,0004,10004,北京交通大学,北京,公办,25,081801H,交通运输(中外合作办学),,4,04,物理,A,化学,四年,80000,"(要求无色盲且无单颜色识别不全,合作方荷兰代尔夫特理工大学,4+0模式。大量全英文授课,要求较好的英语基础)",1_3_0004_5_25
3,普通类本科批,0004,10004,北京交通大学,北京,公办,AB,0818,交通运输类[交通运输(智慧铁道运输)、交通运输(城市轨道交通)、交通运输(民航运输)、交通运输(大数据与信息技术)、交通运输(卓越人才拔尖班)、交通工程、智能运输工程、物流工程],(高校专项计划),2,04,物理,A,化学,四年,5500,"(一二年级在北京校区培养,三年级起在雄安校区培养)(特控线上录取)(教育部高校专项计划,只投档符合报考条件的考生)",1_3_0004_5_AB
3,普通类本科批,0004,10004,北京交通大学,北京,公办,AC,0810,土木类(智慧建造与智慧环境)(民族班)[土木工程(数智城市与交通基础设施)、铁道工程(智能铁路与城市轨道交通)、智能建造、环境工程(智慧环境与低碳技术)],(民族班),4,04,物理,A,化学,四年,5500,"(一二年级在北京校区培养,三年级起在雄安校区培养)(只招少数民族,投档成绩不得低于学校普通类提档线下40分 (不含中外合作办学))",1_3_0004_5_AC
3,普通类本科批,0004,10004,北京交通大学,北京,公办,AD,00201,经济管理试验班(民族班)(经济学、金融科技、物流管理、信息管理与信息系统),(民族班),2,04,物理,K,无限制,四年,5000,"(一二年级在北京校区培养,三年级起在雄安校区培养)(只招少数民族,投档成绩不得低于学校普通类提档线下40分 (不含中外合作办学))",1_3_0004_5_AD
3,普通类本科批,0005,10005,北京工业大学,北京,公办,12,081001,土木工程(茅以升班),,2,04,物理,A,化学,四年,5000,"(色盲限报。第一年在通州校区,第二、三、四学年根据学校规划安排在平乐园校区或房山校区,大一下学期可参加碳中和未来技术学院二次选拔,碳院简介详见招生网站)",1_3_0005_5_12
3,普通类本科批,0005,10005,北京工业大学,北京,公办,34,080503,新能源科学与工程(新能源和环科双学士学位),,2,04,物理,A,化学,四年,5000,"(色盲、色弱限报。第一年在平乐园校区,第二、三、四学年根据学校规划安排在平乐园校区或房山校区,“新能源科学与工程—环境科学”双学士学位复合型人才培养项目)",1_3_0005_5_34
3,普通类本科批,0005,10005,北京工业大学,北京,公办,35,080702,电子科学与技术(实验班),,2,04,物理,A,化学,四年,5000,"(第一年在通州校区,第二、三、四学年根据学校规划安排在平乐园校区或房山校区)",1_3_0005_5_35
3,普通类本科批,0005,10005,北京工业大学,北京,公办,44,120203,会计学,,2,04,物理,K,无限制,四年,5000,"(第一年在通州校区,第二、三、四学年根据学校规划安排在平乐园校区或房山校区)",1_3_0005_5_44
3,普通类本科批,0005,10005,北京工业大学,北京,公办,49,050201,英语,,3,04,物理,K,无限制,四年,5000,"(限招英语考生。第一年在通州校区,第二、三、四学年根据学校规划安排在平乐园校区或房山校区)",1_3_0005_5_49
3,普通类本科批,0005,10005,北京工业大学,北京,公办,66,080905,物联网工程,,2,04,物理,A,化学,四年,5000,"(色盲限报。第一年在通州校区,第二、三、四学年根据学校规划安排在平乐园校区或房山校区)",1_3_0005_5_66
3,普通类本科批,0005,10005,北京工业大学,北京,公办,70,080701H,电子信息工程(中外合作办学),,2,04,物理,A,化学,四年,95000,"(学费9.5万/学年,第一年在平乐园校区,第二、三、四学年根据学校规划安排在平乐园校区或房山校区)",1_3_0005_5_70
3,普通类本科批,0005,10005,北京工业大学,北京,公办,73,020301H,金融学(中外合作办学),,5,04,物理,K,无限制,四年,95000,"(学费9.5万/学年,第一年在平乐园校区,第二、三、四学年根据学校规划安排在平乐园校区或房山校区)",1_3_0005_5_73
3,普通类本科批,0006,10006,北京航空航天大学,北京,公办,01,0060,工科试验班类(未来空天领军计划)(人工智能、网络空间安全、微电子科学与工程、智能飞行器技术、智能制造工程、空天智能电推进技术、飞行器设计与工程、飞行器动力工程、材料科学与工程、智慧交通、电子信息工程、自动化、测控技术与仪器、空间科学与技术),,2,04,物理,A,化学,四年,5500,,1_3_0006_5_01
3,普通类本科批,0006,10006,北京航空航天大学,北京,公办,02,0060,工科试验班类(量子科技先锋计划)(计算机科学与技术、软件工程、微电子科学与工程、测控技术与仪器、物理学),,3,04,物理,A,化学,四年,5500,,1_3_0006_5_02
3,普通类本科批,0006,10006,北京航空航天大学,北京,公办,04,070101,数学与应用数学(拔尖学生培养计划),,3,04,物理,A,化学,四年,5500,(含数学与应用数学-计算机科学与技术双学士学位项目),1_3_0006_5_04
3,普通类本科批,0006,10006,北京航空航天大学,北京,公办,05,080102,工程力学(拔尖学生培养计划),,3,04,物理,A,化学,四年,5500,(含信息与计算科学-工程力学双学士学位项目),1_3_0006_5_05
3,普通类本科批,0006,10006,北京航空航天大学,北京,公办,08,082004,飞行器动力工程(卓越人才培养试验班),,5,04,物理,A,化学,四年,5500,,1_3_0006_5_08
3,普通类本科批,0006,10006,北京航空航天大学,北京,公办,10,080704,微电子科学与工程(卓越人才培养试验班),,3,04,物理,A,化学,四年,5500,,1_3_0006_5_10
3,普通类本科批,0006,10006,北京航空航天大学,北京,公办,16,0060,"工科试验班类(航空航天类,含具身智能、智能制造工程、空天智能电推进技术、飞行器动力工程、能源与动力工程等专业)",,27,04,物理,A,化学,四年,5500,(具体包含专业详见学校本科招生网报考指南专栏),1_3_0006_5_16
3,普通类本科批,0006,10006,北京航空航天大学,北京,公办,17,0060,"工科试验班类(计算与智能科学类,含计算机科学与技术、人工智能、软件工程等专业)",,20,04,物理,A,化学,四年,5500,(具体包含专业详见学校本科招生网报考指南专栏),1_3_0006_5_17
3,普通类本科批,0006,10006,北京航空航天大学,北京,公办,18,0060,"工科试验班类(信息科学与技术类,含微电子科学与工程、自动化、机器人工程、测控技术与仪器等专业)",,29,04,物理,A,化学,四年,5500,(具体包含专业详见学校本科招生网报考指南专栏),1_3_0006_5_18
3,普通类本科批,0006,10006,北京航空航天大学,北京,公办,19,0070,理科试验班类(含数学与应用数学、信息与计算科学、应用物理学等专业),(高校专项计划),7,04,物理,A,化学,四年,5500,"(具体包含专业详见学校本科招生网报考指南专栏)(特控线上录取)(教育部高校专项计划,只投档符合报考条件的考生)",1_3_0006_5_19
3,普通类本科批,0006,10006,北京航空航天大学,北京,公办,22,0070,"理科试验班类(中外合作办学,中法工程师试验班)(人工智能、数学与应用数学、应用物理学、信息与计算科学)",,8,04,物理,A,化学,四年,50000,"(中外合作办学,学院路校区,与法国中央理工集团联合培养)",1_3_0006_5_22
3,普通类本科批,0006,10006,北京航空航天大学,浙江,公办,23,0060,"工科试验班类(中外合作办学,中法航空试验班)(飞行器适航技术、测控技术与仪器、电子信息工程、交通运输)",,4,04,物理,A,化学,四年,50000,"(中外合作办学,与法国国立民航大学联合培养,本科阶段不可转入北京市各校区设立的学院学习)",1_3_0006_5_23
3,普通类本科批,0006,10006,北京航空航天大学,浙江,公办,24,0060,"工科试验班类(中外合作办学,中法未来科技试验班)(计算机科学与技术、微电子科学与工程、生物医学工程、材料科学与工程、航空航天工程)",,2,04,物理,A,化学,四年,50000,"(中外合作办学,与法国国立应用科学学院联合培养,本科阶段不可转入北京市各校区设立的学院学习)",1_3_0006_5_24
3,普通类本科批,0006,10006,北京航空航天大学,浙江,公办,25,0060,"工科试验班类(中外合作办学,中西智能试验班)(计算机科学与技术、智能制造工程、通信工程、机器人工程)",,2,04,物理,A,化学,四年,80000,"(中外合作办学,与西班牙瓦伦西亚理工大学联合培养,本科阶段不可转入北京市各校区设立的学院学习)",1_3_0006_5_25
3,普通类本科批,0006,10006,北京航空航天大学,北京,公办,26,082004,飞行器动力工程(国际合作专项),,4,04,物理,A,化学,四年,5500,"(中外合作办学,与俄罗斯莫斯科航空学院“2+2”联合培养,双学籍,双学位,本科阶段原则上不可转专业)",1_3_0006_5_26
3,普通类本科批,0007,10007,北京理工大学,北京,公办,01,00600,工科试验班(卓越班)(具身智能、人工智能、机器人工程、低空技术与工程、数据科学与大数据技术、计算机科学与技术、电子信息工程、光电信息科学与工程、智能感知工程、网络空间安全),,2,04,物理,A,化学,四年,5500,"[全校理工专业任选,全院士团队导师,校区任选(大四、研究生可选珠海),方向任选(可选本校超常规学制或港大联培)]",1_3_0007_5_01
3,普通类本科批,0007,10007,北京理工大学,北京,公办,02,00600,工科试验班(未来精工技术)(具身智能、人工智能、机器人工程、低空技术与工程、数据科学与大数据技术、计算机科学与技术、电子信息工程、光电信息科学与工程、智能感知工程、网络空间安全),,4,04,物理,A,化学,四年,5500,"[全校理工专业任选,全院士团队导师,校区任选(大四、研究生可选珠海),面向“智能无人+”方向]",1_3_0007_5_02
3,普通类本科批,0007,10007,北京理工大学,北京,公办,03,00600,工科试验班(徐特立英才班)(具身智能、人工智能、机器人工程、低空技术与工程、数据科学与大数据技术、计算机科学与技术、电子信息工程、光电信息科学与工程、智能感知工程、网络空间安全),,8,04,物理,A,化学,四年,5500,"(全校理工专业任选,含智能班、领军班、协和医班,小班化、精英化、国际化培养)",1_3_0007_5_03
3,普通类本科批,0007,10007,北京理工大学,北京,公办,05,00600,工科试验班(航空航天与机电类)(低空技术与工程、飞行器设计与工程、飞行器动力工程、航空航天工程、武器发射工程、探测制导与控制技术、工程力学、武器系统与工程、弹药工程与爆炸技术、特种能源技术与工程、安全工程、机械电子工程),,11,04,物理,A,化学,四年,5500,,1_3_0007_5_05
3,普通类本科批,0007,10007,北京理工大学,北京,公办,07,00600,工科试验班(信息科学技术)(具身智能、自动化、电气工程及其自动化、机器人工程、计算机科学与技术、软件工程、人工智能、数据科学与大数据技术、信息对抗技术、网络空间安全、密码科学与技术),,25,04,物理,A,化学,四年,5500,,1_3_0007_5_07
3,普通类本科批,0007,10007,北京理工大学,北京,公办,08,00600,工科试验班(电子信息实验班)(电子信息工程、通信工程、光电信息科学与工程、测控技术与仪器、智能感知工程、电子科学与技术、微电子科学与工程),,28,04,物理,A,化学,四年,5500,,1_3_0007_5_08
3,普通类本科批,0007,10007,北京理工大学,北京,公办,09,00700,理科试验班(理学与材料菁英班)[碳中和科学与工程、数学与应用数学、量子信息科学、材料科学与工程、生物技术、材料成型及控制工程、高分子材料与工程、材料化学、新能源材料与器件、电子封装技术、化学、应用化学、化学工程与工艺、制药工程、能源化学工程、生物医学工程、智能医学工程、信息与计算科学、统计学、应用物理学、化学工程与工艺(管理双学位)、新能源材料与器件(管理双学位)、应用化学(机械双学位)、生物技术(AI双学位)、生物技术(中国农业大学生物专业联合培养)],(高校专项计划),3,04,物理,A,化学,四年,5500,"(特控线上录取)(教育部高校专项计划,只投档符合报考条件的考生)",1_3_0007_5_09
3,普通类本科批,0007,10007,北京理工大学,北京,公办,H1,120203H,会计学(中外合作办学),,2,04,物理,K,无限制,四年,78000,,1_3_0007_5_H1
3,普通类本科批,0007,10007,北京理工大学,广东,公办,H5,080705H,光电信息科学与工程(中外合作办学),,2,04,物理,A,化学,四年,57000,,1_3_0007_5_H5
3,普通类本科批,0008,10008,北京科技大学,北京,公办,01,080420,材料智能技术(高精尖班),,1,04,物理,A,化学,四年,5000,"(特殊班型,特殊培养政策详见学校本科招生网)",1_3_0008_5_01
3,普通类本科批,0008,10008,北京科技大学,北京,公办,02,00700,理科试验班(纳米科学与工程试验班)(纳米材料与技术),,1,04,物理,A,化学,四年,5000,"(特殊班型,特殊培养政策详见学校本科招生网)",1_3_0008_5_02
3,普通类本科批,0008,10008,北京科技大学,北京,公办,03,0060,工科试验班类(卓越工程人才)(材料科学与工程、机械工程、自动化、能源与动力工程、碳中和科学与工程、智能采矿工程、冶金工程、智能建造),,8,04,物理,A,化学,四年,5000,"(特殊班型,特殊培养政策详见学校本科招生网)",1_3_0008_5_03
3,普通类本科批,0008,10008,北京科技大学,北京,公办,04,00700,理科试验班(拔尖人才计划)(材料科学与工程、计算机科学与技术、人工智能、机器人工程、自动化),,3,04,物理,A,化学,四年,5000,"(特殊班型,特殊培养政策详见学校本科招生网)",1_3_0008_5_04
3,普通类本科批,0008,10008,北京科技大学,北京,公办,05,080413,纳米材料与技术(前沿材料与未来技术),,1,04,物理,A,化学,四年,5000,,1_3_0008_5_05
3,普通类本科批,0008,10008,北京科技大学,北京,公办,06,080420,材料智能技术(AI与新材料交叉融合),,1,04,物理,A,化学,四年,5000,,1_3_0008_5_06
3,普通类本科批,0008,10008,北京科技大学,北京,公办,07,080717,人工智能,,5,04,物理,A,化学,四年,5000,,1_3_0008_5_07
3,普通类本科批,0008,10008,北京科技大学,北京,公办,08,0701,数学类(应用数学和统计)(数学与应用数学、信息与计算科学、统计学),,3,04,物理,A,化学,四年,5000,,1_3_0008_5_08
3,普通类本科批,0008,10008,北京科技大学,北京,公办,09,070202,应用物理学(半导体和电子科技),,3,04,物理,A,化学,四年,5000,(大一学年结束后可分流至应用物理学、电子科学与技术专业),1_3_0008_5_09
3,普通类本科批,0008,10008,北京科技大学,北京,公办,14,080401,材料科学与工程,,12,04,物理,A,化学,四年,5000,"(百分百满足学生分流意愿。大一学年结束后可分流至材料科学与工程、材料物理、材料化学、无机非金属材料工程、材料成型及控制工程、高分子材料与工程专业。一、二年级在北京校区,三、四年级在雄安校区)",1_3_0008_5_14
3,普通类本科批,0008,10008,北京科技大学,北京,公办,15,0808,自动化类(自动化、测控技术与仪器、智能感知工程),,9,04,物理,A,化学,四年,5000,"(一、二年级在北京校区,三、四年级在雄安校区)",1_3_0008_5_15
3,普通类本科批,0008,10008,北京科技大学,北京,公办,16,0809,计算机类(计算机科学与技术、信息安全、物联网工程),,9,04,物理,A,化学,四年,5000,"(一、二年级在北京校区,三、四年级在雄安校区)",1_3_0008_5_16
3,普通类本科批,0008,10008,北京科技大学,北京,公办,17,080703,通信工程,,3,04,物理,A,化学,四年,5000,"(一、二年级在北京校区,三、四年级在雄安校区)",1_3_0008_5_17
3,普通类本科批,0008,10008,北京科技大学,北京,公办,18,080710,集成电路设计与集成系统,,2,04,物理,A,化学,四年,5000,"(一、二年级在北京校区,三、四年级在雄安校区)",1_3_0008_5_18
3,普通类本科批,0008,10008,北京科技大学,北京,公办,19,0802,机械类(机器人、智能制造与新能源车辆)(机械工程、智能制造工程、机器人工程、车辆工程、物流工程、工业设计),,17,04,物理,A,化学,四年,5000,"(一、二年级在北京校区,三、四年级在雄安校区)",1_3_0008_5_19
3,普通类本科批,0008,10008,北京科技大学,北京,公办,20,080504,储能科学与工程,,3,04,物理,A,化学,四年,5000,"(一、二年级在北京校区,三、四年级在雄安校区)",1_3_0008_5_20
3,普通类本科批,0008,10008,北京科技大学,北京,公办,21,0805,能源动力类(能源与动力工程、新能源科学与工程、环境工程、环境科学),,8,04,物理,A,化学,四年,5000,"(一、二年级在北京校区,三、四年级在雄安校区)",1_3_0008_5_21
3,普通类本科批,0008,10008,北京科技大学,北京,公办,26,120108,大数据管理与应用(大数据与金融试验班),,2,04,物理,K,无限制,四年,5000,"(大一学年结束后可分流至大数据管理与应用、信息管理与信息系统、金融工程专业,其中大数据管理与应用专业整体分流接收比例50%)",1_3_0008_5_26
3,普通类本科批,0010,10010,北京化工大学,北京,公办,03,083001,生物工程(国家卓越工程师学院),,2,04,物理,A,化学,四年,5000,(不招色盲色弱、单色识别异常考生),1_3_0010_5_03
3,普通类本科批,0010,10010,北京化工大学,北京,公办,04,081302,制药工程(国家卓越工程师学院),,2,04,物理,A,化学,四年,5000,(不招色盲色弱、单色识别异常考生),1_3_0010_5_04
3,普通类本科批,0010,10010,北京化工大学,北京,公办,07,00600,工科试验班(宏德书院)[化学工程与工艺(英才班)、高分子材料与工程(精英班)、生物工程(高精尖班)],,2,04,物理,A,化学,四年,5000,(不招色盲色弱、单色识别异常考生),1_3_0010_5_07
3,普通类本科批,0010,10010,北京化工大学,北京,公办,08,00600,工科试验班(未来生物科技)[生物制造(领军班)、生物制造(菁英班)],,2,04,物理,A,化学,四年,5000,(不招色盲色弱、单色识别异常考生),1_3_0010_5_08
3,普通类本科批,0010,10010,北京化工大学,北京,公办,09,00700,理科试验班(化学基础拔尖)[化学(基地班)、化学(优培班)],,2,04,物理,A,化学,四年,5000,(不招色盲色弱、单色识别异常考生),1_3_0010_5_09
3,普通类本科批,0010,10010,北京化工大学,北京,公办,10,081301,化学工程与工艺(化工、大数据双学士学位),,5,04,物理,A,化学,四年,5000,"(不招色盲色弱、单色识别异常考生,“化学工程与工艺-大数据管理与应用”双学士学位复合型人才培养项目)",1_3_0010_5_10
3,普通类本科批,0010,10010,北京化工大学,北京,公办,13,080401,材料科学与工程(材料、大数据双学士学位),,3,04,物理,A,化学,四年,5000,"(不招色盲色弱、单色识别异常考生,“材料科学与工程-大数据管理与应用”双学士学位复合型人才培养项目)",1_3_0010_5_13
3,普通类本科批,0010,10010,北京化工大学,北京,公办,14,070301,化学(化学、生工双学士学位),,3,04,物理,A,化学,四年,5000,"(不招色盲色弱、单色识别异常考生,“化学-生物工程”双学士学位复合型人才培养项目)",1_3_0010_5_14
3,普通类本科批,0010,10010,北京化工大学,北京,公办,15,083001,生物工程(生工、大数据双学士学位),,4,04,物理,A,化学,四年,5000,"(不招色盲色弱、单色识别异常考生,“生物工程-大数据管理与应用”双学士学位复合型人才培养项目)",1_3_0010_5_15
3,普通类本科批,0010,10010,北京化工大学,北京,公办,16,00600,工科试验班(化工与能源)(化学工程与工艺、能源化学工程、氢能科学与工程),,2,04,物理,A,化学,四年,5000,(不招色盲色弱、单色识别异常考生),1_3_0010_5_16
3,普通类本科批,0010,10010,北京化工大学,北京,公办,17,00600,工科试验班(先进材料)(高分子材料与工程、材料科学与工程、功能材料),,12,04,物理,A,化学,四年,5000,(不招色盲色弱、单色识别异常考生),1_3_0010_5_17
3,普通类本科批,0010,10010,北京化工大学,北京,公办,18,080414,新能源材料与器件,,2,04,物理,A,化学,四年,5000,(不招色盲色弱、单色识别异常考生),1_3_0010_5_18
3,普通类本科批,0010,10010,北京化工大学,北京,公办,19,00700,理科试验班(绿色化学)(应用化学、能源化学、资源化学),,2,04,物理,A,化学,四年,5000,(不招色盲色弱、单色识别异常考生),1_3_0010_5_19
3,普通类本科批,0010,10010,北京化工大学,北京,公办,20,00600,工科试验班(生物与医药)(生物工程、生物医学工程、制药工程),(高校专项计划),1,04,物理,A,化学,四年,5000,"(特控线上录取)(不招色盲色弱、单色识别异常考生)(教育部高校专项计划,只投档符合报考条件的考生)",1_3_0010_5_20
3,普通类本科批,0010,10010,北京化工大学,北京,公办,21,00600,工科试验班(高端装备与智能制造)(机械设计制造及其自动化、过程装备与控制工程、机器人工程),,13,04,物理,A,化学,四年,5000,,1_3_0010_5_21
3,普通类本科批,0010,10010,北京化工大学,北京,公办,23,00600,工科试验班(智能信息类)(电子信息工程、人工智能),,7,04,物理,A,化学,四年,5000,,1_3_0010_5_23
3,普通类本科批,0010,10010,北京化工大学,北京,公办,24,080901,计算机科学与技术,,5,04,物理,A,化学,四年,5000,,1_3_0010_5_24
3,普通类本科批,0010,10010,北京化工大学,北京,公办,25,0808,自动化类(自动化、测控技术与仪器),,7,04,物理,A,化学,四年,5000,,1_3_0010_5_25
3,普通类本科批,0010,10010,北京化工大学,北京,公办,26,00700,理科试验班(大数据与智能管理)(信息管理与信息系统、大数据管理与应用),,2,04,物理,A,化学,四年,5000,,1_3_0010_5_26
3,普通类本科批,0010,10010,北京化工大学,北京,公办,27,00700,理科试验班(数学统计类)(应用统计学、数学与应用数学、信息与计算科学),,5,04,物理,A,化学,四年,5000,,1_3_0010_5_27
3,普通类本科批,0010,10010,北京化工大学,北京,公办,28,00700,理科试验班(物理电科类)(电子科学与技术、应用物理学),,5,04,物理,A,化学,四年,5000,,1_3_0010_5_28
3,普通类本科批,0010,10010,北京化工大学,北京,公办,35,083001H,生物工程(中外合作办学)(中美双学位、生物过程工程),,2,04,物理,A,化学,四年,70000,"(高收费专业,不招色盲色弱、单色识别异常考生)",1_3_0010_5_35
3,普通类本科批,0010,10010,北京化工大学,北京,公办,36,080205H,工业设计(中外合作办学)(中意设计双学位),,5,04,物理,A,化学,四年,70000,(高收费专业),1_3_0010_5_36
3,普通类本科批,0010,10010,北京化工大学,北京,公办,37,0813H,化工与制药类(中外合作办学)(中法精英工程教育试验班)[化学工程与工艺(中外合作办学)、高分子材料与工程(中外合作办学)、生物工程(中外合作办学)],,2,04,物理,A,化学,四年,60000,"(高收费专业,不招色盲色弱、单色识别异常考生)",1_3_0010_5_37
3,普通类本科批,0010,10010,北京化工大学,北京,公办,AB,00700,理科试验班(绿色化学)(应用化学、能源化学、资源化学),(高校专项计划),1,04,物理,A,化学,四年,5000,"(特控线上录取)(不招色盲色弱、单色识别异常考生)(教育部高校专项计划,只投档符合报考条件的考生)",1_3_0010_5_AB
3,普通类本科批,0013,10013,北京邮电大学,北京,公办,01,0809,计算机类(元班)(计算机科学与技术、网络空间安全、具身智能),,7,04,物理,A,化学,四年,5500,"(未来学院“元班”实验班。一年级在沙河校区,二、三、四年级将根据学校规划安排在沙河校区或西土城路校区)",1_3_0013_5_01
3,普通类本科批,0013,10013,北京邮电大学,北京,公办,02,0807,电子信息类(元班)(通信工程、电子科学与技术、低空技术与工程),,8,04,物理,A,化学,四年,5500,"(未来学院“元班”实验班。一年级在沙河校区,二、三、四年级将根据学校规划安排在沙河校区或西土城路校区)",1_3_0013_5_02
3,普通类本科批,0013,10013,北京邮电大学,北京,公办,03,080703,通信工程(大类招生),,21,04,物理,A,化学,四年,5500,"(包含:通信工程、电子信息工程、空间信息与数字技术专业。一年级在沙河校区,二、三、四年级将根据学校规划安排在沙河校区或西土城路校区)",1_3_0013_5_03
3,普通类本科批,0013,10013,北京邮电大学,北京,公办,04,0807,电子信息类(电子科学与技术、电子信息科学与技术、光电信息科学与工程、集成电路设计与集成系统),,15,04,物理,A,化学,四年,5500,"(一年级在沙河校区,二、三、四年级将根据学校规划安排在沙河校区或西土城路校区)",1_3_0013_5_04
3,普通类本科批,0013,10013,北京邮电大学,北京,公办,05,0809,计算机类(计算机科学与技术、网络工程、数据科学与大数据技术),,16,04,物理,A,化学,四年,5500,"(一年级在沙河校区,二、三、四年级将根据学校规划安排在沙河校区或西土城路校区)",1_3_0013_5_05
3,普通类本科批,0013,10013,北京邮电大学,北京,公办,07,080902,软件工程,,8,04,物理,A,化学,四年,5500,"(一年级在沙河校区,二、三、四年级将根据学校规划安排在沙河校区或西土城路校区。后两年学费为16000元/年。本专业部分课程采用英语授课,建议非英语考生慎重报考)",1_3_0013_5_07
3,普通类本科批,0013,10013,北京邮电大学,北京,公办,08,080911,网络空间安全(大类招生),,9,04,物理,A,化学,四年,5500,[包含:网络空间安全、信息安全、密码科学与技术(AI安全与密码班)专业。办学地点在沙河校区],1_3_0013_5_08
3,普通类本科批,0013,10013,北京邮电大学,北京,公办,09,080717,人工智能(大类招生),,11,04,物理,A,化学,四年,5500,"(包含:信息工程、人工智能专业。一年级在沙河校区,二、三、四年级将根据学校规划安排在沙河校区或西土城路校区)",1_3_0013_5_09
3,普通类本科批,0013,10013,北京邮电大学,北京,公办,0C,120108,大数据管理与应用(AI双学位),(高校专项计划),2,04,物理,K,无限制,四年,5000,"(一年级在沙河校区,二、三、四年级将根据学校规划安排在沙河校区或西土城路校区)(特控线上录取)(教育部高校专项计划,只投档符合报考条件的考生)",1_3_0013_5_0C
3,普通类本科批,0013,10013,北京邮电大学,北京,公办,0N,00700,理科试验班(物理与电子)[应用物理学、应用物理学(电子双学位)],(高校专项计划),2,04,物理,A,化学,四年,5500,"(办学地点在沙河校区)(特控线上录取)(教育部高校专项计划,只投档符合报考条件的考生)",1_3_0013_5_0N
3,普通类本科批,0013,10013,北京邮电大学,北京,公办,0R,080715H,电信工程及管理(中外合作办学),,13,04,物理,A,化学,四年,100000,"(一年级在沙河校区,二、三、四年级将根据学校规划安排在沙河校区或西土城路校区。本专业部分课程采用英语授课,建议非英语考生慎重报考)",1_3_0013_5_0R
3,普通类本科批,0013,10013,北京邮电大学,北京,公办,0S,080905H,物联网工程(中外合作办学),,9,04,物理,A,化学,四年,100000,"(一年级在沙河校区,二、三、四年级将根据学校规划安排在沙河校区或西土城路校区。本专业部分课程采用英语授课,建议非英语考生慎重报考)",1_3_0013_5_0S
3,普通类本科批,0013,10013,北京邮电大学,北京,公办,0T,080701H,电子信息工程(中外合作办学),,5,04,物理,A,化学,四年,100000,"(一年级在沙河校区,二、三、四年级将根据学校规划安排在沙河校区或西土城路校区。本专业部分课程采用英语授课,建议非英语考生慎重报考)",1_3_0013_5_0T
3,普通类本科批,0013,10013,北京邮电大学,北京,公办,0U,080907H,智能科学与技术(中外合作办学),,5,04,物理,A,化学,四年,100000,"(一年级在沙河校区,二、三、四年级将根据学校规划安排在沙河校区或西土城路校区。本专业部分课程采用英语授课,建议非英语考生慎重报考)",1_3_0013_5_0U
3,普通类本科批,0013,10013,北京邮电大学,海南,公办,0V,070102H,信息与计算科学(中外合作办学),,4,04,物理,A,化学,四年,100000,"[四年教学均安排在海南校区(海南省陵水黎安国际教育创新试验区)。本专业部分课程采用英语授课,建议非英语考生慎重报考]",1_3_0013_5_0V
3,普通类本科批,0013,10013,北京邮电大学,海南,公办,0W,080906H,数字媒体技术(中外合作办学),,4,04,物理,A,化学,四年,100000,"[四年教学均安排在海南校区(海南省陵水黎安国际教育创新试验区)。本专业部分课程采用英语授课,建议非英语考生慎重报考]",1_3_0013_5_0W
3,普通类本科批,0013,10013,北京邮电大学,海南,公办,0X,140007H,智能医学工程(中外合作办学),,5,04,物理,A,化学,四年,100000,"[四年教学均安排在海南校区(海南省陵水黎安国际教育创新试验区)。本专业部分课程采用英语授课,建议非英语考生慎重报考]",1_3_0013_5_0X
3,普通类本科批,0019,10019,中国农业大学,北京,公办,01,0070,理科试验班类(生命科学)(生物科学类、农学、种子科学与工程、园艺、植物保护、动物医学类、动物科学、草业科学、环境科学与工程类、食品科学与工程类、化学类),,2,04,物理,A,化学,四年,5000,,1_3_0019_5_01
3,普通类本科批,0019,10019,中国农业大学,北京,公办,02,00700,理科试验班(信息科学)(电子信息类、计算机类、农业工程类、机械类、水利类、数学与应用数学、工程力学、地理科学类),,2,04,物理,A,化学,四年,5000,,1_3_0019_5_02
3,普通类本科批,0019,10019,中国农业大学,北京,公办,03,00700,理科试验班(智能装备)(电子信息类、计算机类、农业工程类、机械类、水利类、环境工程),,2,04,物理,A,化学,四年,5000,,1_3_0019_5_03
3,普通类本科批,0019,10019,中国农业大学,北京,公办,04,090101,农学,,3,04,物理,A,化学,四年,3000,(包含农学、种子科学与工程两个专业方向),1_3_0019_5_04
3,普通类本科批,0019,10019,中国农业大学,北京,公办,05,090102,园艺,,3,04,物理,A,化学,四年,3000,,1_3_0019_5_05
3,普通类本科批,0019,10019,中国农业大学,北京,公办,07,090103,植物保护,,3,04,物理,A,化学,四年,3000,,1_3_0019_5_07
3,普通类本科批,0019,10019,中国农业大学,北京,公办,08,0710,生物科学类(生物科学、生物技术),,2,04,物理,A,化学,四年,5000,,1_3_0019_5_08
3,普通类本科批,0019,10019,中国农业大学,北京,公办,09,0825,环境科学与工程类(应用气象学、生态学、资源环境科学、环境工程),,2,04,物理,A,化学,四年,5000,,1_3_0019_5_09
3,普通类本科批,0019,10019,中国农业大学,北京,公办,11,090301,动物科学,,2,04,物理,A,化学,四年,3000,,1_3_0019_5_11
3,普通类本科批,0019,10019,中国农业大学,北京,公办,12,0904,动物医学类(动物医学、中兽医学、兽医公共卫生),,3,04,物理,A,化学,五年,3000,,1_3_0019_5_12
3,普通类本科批,0019,10019,中国农业大学,北京,公办,13,0827,食品科学与工程类(食品科学与工程、食品质量与安全、葡萄与葡萄酒工程、食品营养与健康),,5,04,物理,A,化学,四年,5000,,1_3_0019_5_13
3,普通类本科批,0019,10019,中国农业大学,北京,公办,14,0823,农业工程类(农业工程、农业机械化及其自动化、农业智能装备工程),,3,04,物理,A,化学,四年,5000,,1_3_0019_5_14
3,普通类本科批,0019,10019,中国农业大学,北京,公办,15,0802,机械类(机械设计制造及其自动化、车辆工程、工业设计、机械电子工程),,6,04,物理,A,化学,四年,5000,,1_3_0019_5_15
3,普通类本科批,0019,10019,中国农业大学,北京,公办,16,0807,电子信息类(电子信息工程、通信工程、电气工程及其自动化、人工智能),,5,04,物理,A,化学,四年,5000,,1_3_0019_5_16
3,普通类本科批,0019,10019,中国农业大学,北京,公办,17,0809,计算机类(计算机科学与技术、数据科学与大数据技术),,4,04,物理,A,化学,四年,5000,,1_3_0019_5_17
3,普通类本科批,0019,10019,中国农业大学,北京,公办,18,0811,水利类(农业水利工程、水利水电工程、能源与动力工程、农业建筑环境与能源工程),,2,04,物理,A,化学,四年,5000,,1_3_0019_5_18
3,普通类本科批,0019,10019,中国农业大学,北京,公办,19,0703,化学类(化学、应用化学),,2,04,物理,A,化学,四年,5000,,1_3_0019_5_19
3,普通类本科批,0019,10019,中国农业大学,北京,公办,20,070101,数学与应用数学,,3,04,物理,A,化学,四年,5000,,1_3_0019_5_20
3,普通类本科批,0019,10019,中国农业大学,北京,公办,29,0705,地理科学类(地理信息科学、土地资源管理),,2,04,物理,A,化学,四年,5000,,1_3_0019_5_29
3,普通类本科批,0019,10019,中国农业大学,北京,公办,30,020401H,国际经济与贸易(中外合作办学),,3,04,物理,K,无限制,四年,待定,"[国内学习一年级10万元/(生/年),二年级起12.98万元/(生/年),2026年学费按每生每年26～34学分学时量核算。出国学习由合作院校按留学生标准收取学费。学生可选择在中国农大学习4年,也可自愿申请第三年赴美国科罗拉多大学(丹佛)交流1-2年,非强制。详情请向学校咨询]",1_3_0019_5_30
3,普通类本科批,0019,10019,中国农业大学,北京,公办,32,120301H,农林经济管理(中外合作办学),,2,04,物理,K,无限制,四年,待定,"[国内学习一年级8.8万元/(生/年),二年级起9.5万元/(生/年)；出国学习由合作院校按留学生标准收费。学生国内就读三年后,必须赴俄克拉荷马州立大学交流学习一年,达成美方学分与专业毕业要求方可顺利毕业。详细信息请向学校咨询]",1_3_0019_5_32
3,普通类本科批,0019,10019,中国农业大学,北京,公办,33,090601,水产养殖学,,3,04,物理,A,化学,四年,3000,"(新生到北京报到,集体安排在双清路1号住宿。在北京完成第一年学习后,从第二年起到我校烟台研究院进行教学和实习至毕业。不得转入此类型以外专业)",1_3_0019_5_33
3,普通类本科批,0019,10019,中国农业大学,北京,公办,34,090106,设施农业科学与工程,,3,04,物理,A,化学,四年,3000,"(新生到北京报到,集体安排在双清路1号住宿。在北京完成第一年学习后,从第二年起到我校烟台研究院进行教学和实习至毕业。不得转入此类型以外专业)",1_3_0019_5_34
3,普通类本科批,0019,10019,中国农业大学,北京,公办,44,082506,资源环境科学(拔尖创新班),,1,04,物理,A,化学,四年,5000,"[采用特殊培养模式(导师制,小班化、国际化培养,详见学校本科招生报考指南)]",1_3_0019_5_44
3,普通类本科批,0019,10019,中国农业大学,北京,公办,45,090101,农学(智能农业创新班),,1,04,物理,A,化学,四年,3000,"[采用特殊培养模式(多学科交叉融合,科教协同育人,详见学校本科招生报考指南)]",1_3_0019_5_45
3,普通类本科批,0019,10019,中国农业大学,北京,公办,50,090204,生物质科学与工程,,2,04,物理,A,化学,四年,3000,"(新生到北京报到,集体安排在双清路1号住宿。在北京完成第一年学习后,从第二年起到我校烟台研究院进行教学和实习至毕业。不得转入此类型以外专业)",1_3_0019_5_50
3,普通类本科批,0019,10019,中国农业大学,北京,公办,51,083001,生物工程(营养与健康前沿班),,2,04,物理,A,化学,四年,5000,"[新生到北京报到,集体安排在双清路1号住宿。在北京完成第一年学习后,从第二年起到我校烟台研究院进行教学和实习至毕业。不得转入此类型以外专业。采用特殊培养模式(科研和实践双前沿培养,详见学校本科招生报考指南)]",1_3_0019_5_51
3,普通类本科批,0019,10019,中国农业大学,北京,公办,52,082802,城乡规划,,2,04,物理,A,化学,四年,5000,"(新生到北京报到,集体安排在双清路1号住宿。在北京完成第一年学习后,从第二年起到我校烟台研究院进行教学和实习至毕业。不得转入此类型以外专业)",1_3_0019_5_52
3,普通类本科批,0019,10019,中国农业大学,北京,公办,53,082705,酿酒工程,,2,04,物理,A,化学,四年,5000,"(新生到北京报到,集体安排在双清路1号住宿。在北京完成第一年学习后,从第二年起到我校烟台研究院进行教学和实习至毕业。不得转入此类型以外专业)",1_3_0019_5_53
3,普通类本科批,0019,10019,中国农业大学,北京,公办,55,071002,生物技术(北理工联培项目),,1,04,物理,A,化学,四年,5000,(该专业与北京理工大学生物医学工程专业进行联合学士学位培养),1_3_0019_5_55
3,普通类本科批,0019,10019,中国农业大学,北京,公办,59,080717H,人工智能(中外合作办学),,2,04,物理,A,化学,四年,待定,"[国内学费11万元/(生/年)；学生赴英学习期间不再缴纳中方学费,英方学费按照萨里大学国际学生标准缴纳。学生可选择在中国农业大学学习4年,或自愿申请在第3年赴英国萨里大学交流学习1～2年。详细信息请务必向学校咨询]",1_3_0019_5_59
3,普通类本科批,0019,10019,中国农业大学,北京,公办,60,080901H,计算机科学与技术(中外合作办学),,1,04,物理,A,化学,四年,待定,"[国内学费11万元/(生/年)；学生赴英学习期间不再缴纳中方学费,英方学费按照萨里大学国际学生标准缴纳。学生可选择在中国农业大学学习4年,或自愿申请在第3年赴英国萨里大学交流学习1～2年。详细信息请务必向学校咨询]",1_3_0019_5_60
3,普通类本科批,0019,10019,中国农业大学,北京,公办,AB,0825,环境科学与工程类(应用气象学、生态学、资源环境科学、环境工程),(高校专项计划),1,04,物理,A,化学,四年,5000,"(特控线上录取)(教育部高校专项计划,只投档符合报考条件的考生)",1_3_0019_5_AB
3,普通类本科批,0019,10019,中国农业大学,北京,公办,AC,0705,地理科学类(地理信息科学、土地资源管理),(高校专项计划),1,04,物理,A,化学,四年,5000,"(特控线上录取)(教育部高校专项计划,只投档符合报考条件的考生)",1_3_0019_5_AC
3,普通类本科批,0022,10022,北京林业大学,北京,公办,11,0905,林学类[林学、林学(城市林业方向)、森林保护、经济林],,3,04,物理,A,化学,四年,2500,"(一二年级在北京校区培养,三年级起在雄安校区培养)",1_3_0022_5_11
3,普通类本科批,0022,10022,北京林业大学,北京,公办,12,0905,林学类(梁希实验班)(林学、森林保护),,1,04,物理,A,化学,四年,2500,(北京校区),1_3_0022_5_12
3,普通类本科批,0022,10022,北京林业大学,北京,公办,15,090501,林学(与林经专业双学士学位项目),,2,04,物理,A,化学,四年,5000,(北京校区),1_3_0022_5_15
3,普通类本科批,0022,10022,北京林业大学,北京,公办,17,090203,水土保持与荒漠化防治(梁希实验班),,1,04,物理,A,化学,四年,2500,(北京校区),1_3_0022_5_17
3,普通类本科批,0022,10022,北京林业大学,北京,公办,21,0710,生物科学类(生物科学、生物技术),,2,04,物理,A,化学,四年,5500,(北京校区),1_3_0022_5_21
3,普通类本科批,0022,10022,北京林业大学,北京,公办,22,071001,生物科学(拔尖班),,1,04,物理,A,化学,四年,5500,(北京校区),1_3_0022_5_22
3,普通类本科批,0022,10022,北京林业大学,北京,公办,23,082701,食品科学与工程,,2,04,物理,A,化学,四年,5500,"(一二年级在北京校区培养,三年级起在雄安校区培养)",1_3_0022_5_23
3,普通类本科批,0022,10022,北京林业大学,北京,公办,25,071001,生物科学(中药学复合人才拔尖班),,2,04,物理,A,化学,四年,5500,(北京校区),1_3_0022_5_25
3,普通类本科批,0022,10022,北京林业大学,北京,公办,27,082803,风景园林(梁希实验班),,1,04,物理,K,无限制,四年,5500,(北京校区),1_3_0022_5_27
3,普通类本科批,0022,10022,北京林业大学,北京,公办,29,082802,城乡规划,,2,04,物理,K,无限制,四年,5500,"(一二年级在北京校区培养,三年级起在雄安校区培养)",1_3_0022_5_29
3,普通类本科批,0022,10022,北京林业大学,北京,公办,31,071002,生物技术(与园艺专业双学士学位项目),,3,04,物理,A,化学,四年,5500,(北京校区),1_3_0022_5_31
3,普通类本科批,0022,10022,北京林业大学,北京,公办,32,1202,工商管理类(会计学、工商管理、人力资源管理、物业管理),,2,04,物理,K,无限制,四年,5000,"(一二年级在北京校区培养,三年级起在雄安校区培养)",1_3_0022_5_32
3,普通类本科批,0022,10022,北京林业大学,北京,公办,34,020301,金融学,,2,04,物理,K,无限制,四年,5000,"(一二年级在北京校区培养,三年级起在雄安校区培养)",1_3_0022_5_34
3,普通类本科批,0022,10022,北京林业大学,北京,公办,35,071201,统计学,,2,04,物理,A,化学,四年,5000,"(一二年级在北京校区培养,三年级起在雄安校区培养)",1_3_0022_5_35
3,普通类本科批,0022,10022,北京林业大学,北京,公办,36,120301,农林经济管理(梁希实验班),,1,04,物理,K,无限制,四年,5000,(北京校区),1_3_0022_5_36
3,普通类本科批,0022,10022,北京林业大学,北京,公办,37,020109,数字经济,,3,04,物理,K,无限制,四年,5000,"(一二年级在北京校区培养,三年级起在雄安校区培养)",1_3_0022_5_37
3,普通类本科批,0022,10022,北京林业大学,北京,公办,38,120108,大数据管理与应用,,2,04,物理,K,无限制,四年,5000,"(一二年级在北京校区培养,三年级起在雄安校区培养)",1_3_0022_5_38
3,普通类本科批,0022,10022,北京林业大学,北京,公办,39,080202,机械设计制造及其自动化,,3,04,物理,A,化学,四年,5500,"(一二年级在北京校区培养,三年级起在雄安校区培养)",1_3_0022_5_39
3,普通类本科批,0022,10022,北京林业大学,北京,公办,40,080207,车辆工程,,2,04,物理,A,化学,四年,5500,"(一二年级在北京校区培养,三年级起在雄安校区培养)",1_3_0022_5_40
3,普通类本科批,0022,10022,北京林业大学,北京,公办,41,080801,自动化,,4,04,物理,A,化学,四年,5500,"(一二年级在北京校区培养,三年级起在雄安校区培养)",1_3_0022_5_41
3,普通类本科批,0022,10022,北京林业大学,北京,公办,42,080601,电气工程及其自动化,,4,04,物理,A,化学,四年,5500,"(一二年级在北京校区培养,三年级起在雄安校区培养)",1_3_0022_5_42
3,普通类本科批,0022,10022,北京林业大学,北京,公办,43,0824,林业工程类[林产化工、木材科学与工程、木材科学与工程(木结构材料与工程方向)],,2,04,物理,A,化学,四年,5500,"(一二年级在北京校区培养,三年级起在雄安校区培养)",1_3_0022_5_43
3,普通类本科批,0022,10022,北京林业大学,北京,公办,44,0824,林业工程类(梁希实验班)(林产化工、木材科学与工程),,1,04,物理,A,化学,四年,5500,(北京校区),1_3_0022_5_44
3,普通类本科批,0022,10022,北京林业大学,北京,公办,49,030101,法学,,2,04,物理,K,无限制,四年,5000,"(一二年级在北京校区培养,三年级起在雄安校区培养)",1_3_0022_5_49
3,普通类本科批,0022,10022,北京林业大学,北京,公办,51,071102,应用心理学,,3,04,物理,K,无限制,四年,5500,"(一二年级在北京校区培养,三年级起在雄安校区培养)",1_3_0022_5_51
3,普通类本科批,0022,10022,北京林业大学,北京,公办,53,050201,英语(法律交叉实验班),,2,04,物理,K,无限制,四年,6000,"(一二年级在北京校区培养,三年级起在雄安校区培养)",1_3_0022_5_53
3,普通类本科批,0022,10022,北京林业大学,北京,公办,56,120102,信息管理与信息系统,,2,04,物理,K,无限制,四年,5000,"(一二年级在北京校区培养,三年级起在雄安校区培养)",1_3_0022_5_56
3,普通类本科批,0022,10022,北京林业大学,北京,公办,57,0809,计算机类(计算机科学与技术、数字媒体技术、数据科学与大数据技术),,6,04,物理,A,化学,四年,5500,"(一二年级在北京校区培养,三年级起在雄安校区培养)",1_3_0022_5_57
3,普通类本科批,0022,10022,北京林业大学,北京,公办,58,080903,网络工程,,2,04,物理,A,化学,四年,5500,"(一二年级在北京校区培养,三年级起在雄安校区培养)",1_3_0022_5_58
3,普通类本科批,0022,10022,北京林业大学,北京,公办,59,080717,人工智能,,5,04,物理,A,化学,四年,5500,"(一二年级在北京校区培养,三年级起在雄安校区培养)",1_3_0022_5_59
3,普通类本科批,0022,10022,北京林业大学,北京,公办,60,070101,数学与应用数学,,2,04,物理,A,化学,四年,5500,"(一二年级在北京校区培养,三年级起在雄安校区培养)",1_3_0022_5_60
3,普通类本科批,0022,10022,北京林业大学,北京,公办,61,080714,电子信息科学与技术,,3,04,物理,A,化学,四年,5500,"(一二年级在北京校区培养,三年级起在雄安校区培养)",1_3_0022_5_61
3,普通类本科批,0022,10022,北京林业大学,北京,公办,62,090202,野生动物与自然保护区管理,,2,04,物理,A,化学,四年,2500,"(一二年级在北京校区培养,三年级起在雄安校区培养)",1_3_0022_5_62
3,普通类本科批,0022,10022,北京林业大学,北京,公办,68,081508,碳储科学与工程,,2,04,物理,A,化学,四年,5500,"(一二年级在北京校区培养,三年级起在雄安校区培养)",1_3_0022_5_68
3,普通类本科批,0022,10022,北京林业大学,北京,公办,69,090701,草业科学(梁希实验班),,2,04,物理,A,化学,四年,5000,(北京校区),1_3_0022_5_69
3,普通类本科批,0022,10022,北京林业大学,北京,公办,73,082803,风景园林,,2,04,物理,K,无限制,四年,5500,"(一二年级在北京校区培养,三年级起在雄安校区培养)",1_3_0022_5_73
3,普通类本科批,0022,10022,北京林业大学,北京,公办,74,090502,园林,,3,04,物理,B,生物,四年,5000,"(一二年级在北京校区培养,三年级起在雄安校区培养)",1_3_0022_5_74
3,普通类本科批,0022,10022,北京林业大学,北京,公办,AB,1202,工商管理类(会计学、工商管理、人力资源管理、物业管理),(高校专项计划),1,04,物理,K,无限制,四年,5000,"(一二年级在北京校区培养,三年级起在雄安校区培养)(特控线上录取)(教育部高校专项计划,只投档符合报考条件的考生)",1_3_0022_5_AB
3,普通类本科批,0022,10022,北京林业大学,北京,公办,AC,090202,野生动物与自然保护区管理,(高校专项计划),2,04,物理,A,化学,四年,2500,"(一二年级在北京校区培养,三年级起在雄安校区培养)(特控线上录取)(教育部高校专项计划,只投档符合报考条件的考生)",1_3_0022_5_AC
3,普通类本科批,0026,10026,北京中医药大学,北京,公办,01,100501,中医学(王琦班),,1,04,物理,A,化学,九年医,5800,(色盲、色弱及其他各类不能准确识别颜色考生不予录取),1_3_0026_5_01
3,普通类本科批,0026,10026,北京中医药大学,北京,公办,02,100501,中医学(岐黄班),,2,04,物理,A,化学,九年医,5800,(色盲、色弱及其他各类不能准确识别颜色考生不予录取),1_3_0026_5_02
3,普通类本科批,0026,10026,北京中医药大学,北京,公办,03,100601,中西医临床医学(华佗班),,3,04,物理,A,化学,九年医,5800,(色盲、色弱及其他各类不能准确识别颜色考生不予录取),1_3_0026_5_03
3,普通类本科批,0026,10026,北京中医药大学,北京,公办,05,100801,中药学(时珍国药正华班),,1,04,物理,A,化学,四年,5800,(色盲、色弱及其他各类不能准确识别颜色考生不予录取),1_3_0026_5_05
3,普通类本科批,0026,10026,北京中医药大学,北京,公办,06,100501,中医学(卓越5+3一体化),,8,04,物理,A,化学,五年,5800,(色盲、色弱及其他各类不能准确识别颜色考生不予录取),1_3_0026_5_06
3,普通类本科批,0026,10026,北京中医药大学,北京,公办,07,100501,中医学(卓越中医儿科班5+3一体化),,1,04,物理,A,化学,五年,5800,(色盲、色弱及其他各类不能准确识别颜色考生不予录取),1_3_0026_5_07
3,普通类本科批,0026,10026,北京中医药大学,北京,公办,09,100501,中医学,,8,04,物理,A,化学,五年,5800,(色盲、色弱及其他各类不能准确识别颜色考生不予录取),1_3_0026_5_09
3,普通类本科批,0026,10026,北京中医药大学,北京,公办,10,100513,中医骨伤科学,,1,04,物理,A,化学,五年,5800,(色盲、色弱及其他各类不能准确识别颜色考生不予录取),1_3_0026_5_10
3,普通类本科批,0026,10026,北京中医药大学,北京,公办,11,100502,针灸推拿学,,4,04,物理,K,无限制,五年,5800,(色盲、色弱及其他各类不能准确识别颜色考生不予录取),1_3_0026_5_11
3,普通类本科批,0026,10026,北京中医药大学,北京,公办,12,100801,中药学,,3,04,物理,A,化学,四年,5800,(色盲、色弱及其他各类不能准确识别颜色考生不予录取),1_3_0026_5_12
3,普通类本科批,0026,10026,北京中医药大学,北京,公办,13,100801,中药学(生物联培实验班),,1,04,物理,A,化学,四年,5800,(色盲、色弱及其他各类不能准确识别颜色考生不予录取),1_3_0026_5_13
3,普通类本科批,0026,10026,北京中医药大学,北京,公办,14,100805,中药制药,,2,04,物理,A,化学,四年,5800,(色盲、色弱及其他各类不能准确识别颜色考生不予录取),1_3_0026_5_14
3,普通类本科批,0026,10026,北京中医药大学,北京,公办,15,100701,药学,,2,04,物理,A,化学,四年,5800,(色盲、色弱及其他各类不能准确识别颜色考生不予录取),1_3_0026_5_15
3,普通类本科批,0026,10026,北京中医药大学,北京,公办,17,120401,公共事业管理(卫生管理方向),,1,04,物理,K,无限制,四年,5000,"(不能准确识别红、黄、绿、蓝、紫各种颜色中任何一种颜色的导线、按键、信号灯、几何图形者,不予录取至公共事业管理专业)",1_3_0026_5_17
3,普通类本科批,0026,10026,北京中医药大学,北京,公办,18,100704,药事管理,,2,04,物理,A,化学,四年,5800,(色盲、色弱及其他各类不能准确识别颜色考生不予录取),1_3_0026_5_18
3,普通类本科批,0026,10026,北京中医药大学,北京,公办,19,120108,大数据管理与应用(成思危拔尖人才班),,1,04,物理,A,化学,四年,5000,,1_3_0026_5_19
3,普通类本科批,0026,10026,北京中医药大学,北京,公办,20,030101,法学(医药卫生方向),,1,04,物理,K,无限制,四年,5000,,1_3_0026_5_20
3,普通类本科批,0026,10026,北京中医药大学,北京,公办,AB,100501,中医学,(高校专项计划),1,04,物理,A,化学,五年,5800,"(色盲、色弱及其他各类不能准确识别颜色考生不予录取)(特控线上录取)(教育部高校专项计划,只投档符合报考条件的考生)",1_3_0026_5_AB
3,普通类本科批,0027,10027,北京师范大学,北京,公办,B1,0401,教育学类[教育学、特殊教育、学前教育、教育学(教育学、统计学双学士学位项目)],,2,04,物理,K,无限制,四年,4800,[另含：教育技术学、人工智能教育(智能教育卓越人才实验班)。双学位项目信息详见学校报考指南],1_3_0027_5_B1
3,普通类本科批,0027,10027,北京师范大学,北京,公办,B4,00150,社会科学试验班[经济学(励耘实验班)、工商管理、金融学、会计学、国际经济与贸易、法学(卓越实验班)、社会学(社会学、心理学双学士学位项目)、人力资源管理、公共事业管理、公共事业管理(公管、AI双学士学位项目)、人力资源管理(心理学、人管双学士学位项目)],,2,04,物理,K,无限制,四年,5000,[其中工商管理为工商管理(数字经济与管理实验班)。另含：金融科技。双学位项目信息详见学校报考指南],1_3_0027_5_B4
3,普通类本科批,0027,10027,北京师范大学,北京,公办,B5,0701,数学类[数学与应用数学、数学与应用数学(励耘实验班)、统计学、生物统计学(智慧健康卓越人才实验班)、统计学(经济学、统计学双学士学位项目)、数学与应用数学(卓师计划实验班)],,3,04,物理,A,化学,四年,5400,(双学位项目信息详见学校报考指南),1_3_0027_5_B5
3,普通类本科批,0027,10027,北京师范大学,北京,公办,B6,0702,物理学类[物理学、物理学(励耘实验班)、计算机科学与技术、人工智能、信息管理与信息系统(大数据治理方向)、天文学],,10,04,物理,A,化学,四年,5400,,1_3_0027_5_B6
3,普通类本科批,0027,10027,北京师范大学,北京,公办,B7,00700,理科试验班[化学、化学(励耘实验班)、生物科学类、生物科学(励耘实验班)、环境科学与工程类、碳中和科学与工程、心理学、地理科学类、地理科学(励耘实验班)、心理学(北师大心理学、北航AI联合学位培养项目)、环境工程(统计学、环工双学士学位项目)、化学(卓师计划实验班)、地理科学(卓师计划实验班)、生物科学(卓师计划实验班)],,12,04,物理,A,化学,四年,5400,(双学位项目信息详见学校报考指南),1_3_0027_5_B7
3,普通类本科批,0030,10030,北京外国语大学,北京,公办,01,020109,数字经济,,1,04,物理,K,无限制,四年,5000,,1_3_0030_5_01
3,普通类本科批,0030,10030,北京外国语大学,北京,公办,14,050201,英语(北京理工大学信息管理与系统专业联培),,1,04,物理,K,无限制,四年,6000,(招收英语考生),1_3_0030_5_14
3,普通类本科批,0030,10030,北京外国语大学,北京,公办,22,050204,法语,,1,04,物理,K,无限制,四年,6000,,1_3_0030_5_22
3,普通类本科批,0030,10030,北京外国语大学,北京,公办,62,120108H,大数据管理与应用(中外合作办学),,3,04,物理,K,无限制,四年,98000,(高收费专业),1_3_0030_5_62
3,普通类本科批,0033,10033,中国传媒大学,北京,公办,24,130318,智能影像艺术,,2,04,物理,K,无限制,四年,8000,,1_3_0033_5_24
3,普通类本科批,0033,10033,中国传媒大学,北京,公办,33,050303,广告学(品牌学方向),,3,04,物理,K,无限制,四年,5000,,1_3_0033_5_33
3,普通类本科批,0033,10033,中国传媒大学,北京,公办,39,050301,新闻学(新闻舆论学方向),,2,04,物理,K,无限制,四年,5000,,1_3_0033_5_39
3,普通类本科批,0033,10033,中国传媒大学,北京,公办,41,050304,传播学(智能与计算传播方向),,2,04,物理,K,无限制,四年,5000,,1_3_0033_5_41
3,普通类本科批,0033,10033,中国传媒大学,北京,公办,51,120108,大数据管理与应用(智能商务分析方向),,2,04,物理,K,无限制,四年,5000,,1_3_0033_5_51
3,普通类本科批,0033,10033,中国传媒大学,北京,公办,52,020109,数字经济,,2,04,物理,K,无限制,四年,5000,,1_3_0033_5_52
3,普通类本科批,0033,10033,中国传媒大学,北京,公办,54,080906,数字媒体技术(游戏科学与技术方向),,2,04,物理,A,化学,四年,5500,,1_3_0033_5_54
3,普通类本科批,0033,10033,中国传媒大学,北京,公办,55,080703,通信工程,,3,04,物理,A,化学,四年,5500,,1_3_0033_5_55
3,普通类本科批,0033,10033,中国传媒大学,北京,公办,56,080722,智能视听工程,,3,04,物理,A,化学,四年,5500,,1_3_0033_5_56
3,普通类本科批,0033,10033,中国传媒大学,北京,公办,59,080906,数字媒体技术,,3,04,物理,A,化学,四年,5500,,1_3_0033_5_59
3,普通类本科批,0033,10033,中国传媒大学,北京,公办,61,080910,数据科学与大数据技术,,3,04,物理,A,化学,四年,5500,,1_3_0033_5_61
3,普通类本科批,0033,10033,中国传媒大学,北京,公办,62,080901,计算机科学与技术,,3,04,物理,A,化学,四年,5500,,1_3_0033_5_62
3,普通类本科批,0033,10033,中国传媒大学,北京,公办,AB,080901,计算机科学与技术,(高校专项计划),2,04,物理,A,化学,四年,5500,"(特控线上录取)(教育部高校专项计划,只投档符合报考条件的考生)",1_3_0033_5_AB
3,普通类本科批,0033,10033,中国传媒大学,海南,公办,H2,080906H,数字媒体技术(中外合作办学),,3,04,物理,A,化学,四年,100000,(与英国阿伯泰大学合作。办学地点：海南省陵水黎族自治县黎安国际教育创新试验区),1_3_0033_5_H2
3,普通类本科批,0033,10033,中国传媒大学,海南,公办,H3,080907H,智能科学与技术(中外合作办学),,3,04,物理,A,化学,四年,100000,(与英国考文垂大学合作。办学地点：海南省陵水黎族自治县黎安国际教育创新试验区),1_3_0033_5_H3
3,普通类本科批,0034,10034,中央财经大学,北京,公办,01,0202,财政学类[财政学、税收学、资产评估(数智估值菁英班)、财政学(财政基础理论基地班)、税收学(北京外国语大学英语专业联培)],,3,04,物理,K,无限制,四年,5000,,1_3_0034_5_01
3,普通类本科批,0034,10034,中央财经大学,北京,公办,05,0203,金融学类(金融工程、金融科技),,4,04,物理,K,无限制,四年,5000,,1_3_0034_5_05
3,普通类本科批,0034,10034,中央财经大学,北京,公办,06,020310,金融科技(北航计算机联培),,2,04,物理,K,无限制,四年,5000,,1_3_0034_5_06
3,普通类本科批,0034,10034,中央财经大学,北京,公办,07,1202,工商管理类(会计学院)[会计学、会计学(法学、会计学双学位项目)、财务管理、审计学],,5,04,物理,K,无限制,四年,5000,,1_3_0034_5_07
3,普通类本科批,0034,10034,中央财经大学,北京,公办,10,020308,精算学,,5,04,物理,K,无限制,四年,5500,,1_3_0034_5_10
3,普通类本科批,0034,10034,中央财经大学,北京,公办,12,0712,统计学类[统计学、统计学(统计学、金融学双学位项目)、应用统计学、应用统计学(国际贸易、应统双学位项目)、经济统计学、经济统计学(供应链、经统双学位项目)],,7,04,物理,A,化学,四年,5000,,1_3_0034_5_12
3,普通类本科批,0034,10034,中央财经大学,北京,公办,13,0701,数学类(数学与应用数学、信息与计算科学),,2,04,物理,A,化学,四年,5500,,1_3_0034_5_13
3,普通类本科批,0034,10034,中央财经大学,北京,公办,15,020401H,国际经济与贸易(中外合作办学)(国际贸易、金融风险管理),,5,04,物理,K,无限制,四年,100000,,1_3_0034_5_15
3,普通类本科批,0034,10034,中央财经大学,北京,公办,17,020109,数字经济(成思危拔尖班),,2,04,物理,K,无限制,四年,5000,,1_3_0034_5_17
3,普通类本科批,0034,10034,中央财经大学,北京,公办,20,020304,投资学(含投资学、与大数据双学位项目2个专业),(高校专项计划),1,04,物理,K,无限制,四年,5000,"(特控线上录取)(教育部高校专项计划,只投档符合报考条件的考生)",1_3_0034_5_20
3,普通类本科批,0034,10034,中央财经大学,北京,公办,34,0809,计算机类(计算机科学与技术、信息安全、人工智能),,3,04,物理,A,化学,四年,5500,,1_3_0034_5_34
3,普通类本科批,0034,10034,中央财经大学,北京,公办,37,0201,经济学类(澄明书院)[经济学(数理经济与数理金融)、金融学(国际金融与公司理财)、财政学(财政理论与政策)],,4,04,物理,K,无限制,四年,5000,,1_3_0034_5_37
3,普通类本科批,0034,10034,中央财经大学,北京,公办,91,91AA,少数民族预科班,,2,04,物理,K,无限制,一年,5000,[预科结业时可转入的本科专业包括:财政学类2人、工商管理类(会计学院)2人、保险学2人、劳动与社会保障(精算学-社保双学位项目)2人、统计学类2人、经济与贸易类2人、经济学类(智能经济)2人、工商管理类(商学院)4人、管理科学与工程类3人、投资学(含投资学与大数据双学位项目2个专业)1人、应用心理学(经济心理学)2人、计算机类2人、电子商务(商务智能)3人],1_3_0034_5_91
3,普通类本科批,0036,10036,对外经济贸易大学,北京,公办,02,0201,经济学类(分流时专业任选)(国际经济与贸易、财政学、税收学),,3,04,物理,K,无限制,四年,5000,,1_3_0036_5_02
3,普通类本科批,0036,10036,对外经济贸易大学,北京,公办,08,020302,"金融工程(大类招生,项目选拔进入,分流时专业任选)",,5,04,物理,K,无限制,四年,5000,[含：金融工程、金融科技、金融科技(北邮人工智能联合学士学位培养项目)],1_3_0036_5_08
3,普通类本科批,0036,10036,对外经济贸易大学,北京,公办,09,020302,金融工程(量化金融实验班),,2,04,物理,K,无限制,四年,5000,,1_3_0036_5_09
3,普通类本科批,0036,10036,对外经济贸易大学,北京,公办,11,020301,金融学(鸿儒金融人才培养实验班),,5,04,物理,K,无限制,四年,5000,,1_3_0036_5_11
3,普通类本科批,0036,10036,对外经济贸易大学,北京,公办,12,1202,"工商管理类(项目选拔进入,分流时专业任选)[会计学、财务管理、人力资源管理、市场营销、工商管理、会计学(北邮计算机联合学士学位培养项目)、会计学(北邮金科联合学士学位培养项目)]",,2,04,物理,K,无限制,四年,5000,,1_3_0036_5_12
3,普通类本科批,0036,10036,对外经济贸易大学,北京,公办,14,030101,法学(涉外型卓越经贸法律人才实验班),,1,04,物理,K,无限制,四年,5000,,1_3_0036_5_14
3,普通类本科批,0036,10036,对外经济贸易大学,北京,公办,15,0301,法学类[法学、法学(大数据双学士学位项目)],,2,04,物理,K,无限制,四年,5000,,1_3_0036_5_15
3,普通类本科批,0036,10036,对外经济贸易大学,北京,公办,27,080910,"数据科学与大数据技术(大类招生,项目选拔进入,分流时专业任选)",,5,04,物理,A,化学,四年,5500,[含：数据科学与大数据技术、法学-数据科学与大数据技术双学士学位项目、保险学-数据科学与大数据技术双学士学位项目、智能科学与技术、人工智能(项目制培养)],1_3_0036_5_27
3,普通类本科批,0036,10036,对外经济贸易大学,北京,公办,31,020308,精算学(选拔进入双学士学位项目或实验班),,5,04,物理,K,无限制,四年,5500,(可参与精算学-劳动与社会保障双学士学位项目或精算与风险管理实验班选拔；国际交流：自愿参与曼彻斯特大学、肯特大学联合培养“2+2”项目选拔),1_3_0036_5_31
3,普通类本科批,0036,10036,对外经济贸易大学,北京,公办,33,1204,公共管理类(海关管理、行政管理、公共事业管理、文化产业管理),(高校专项计划),1,04,物理,K,无限制,四年,5000,"(特控线上录取)(教育部高校专项计划,只投档符合报考条件的考生)",1_3_0036_5_33
3,普通类本科批,0036,10036,对外经济贸易大学,北京,公办,37,020305,金融数学,,4,04,物理,K,无限制,四年,5000,,1_3_0036_5_37
3,普通类本科批,0036,10036,对外经济贸易大学,北京,公办,38,020102,经济统计学,,4,04,物理,K,无限制,四年,5000,,1_3_0036_5_38
3,普通类本科批,0036,10036,对外经济贸易大学,北京,公办,62,080910H,数据科学与大数据技术(中外合作办学),,5,04,物理,A,化学,四年,待定,"(合作院校：美国乔治梅森大学；学费：在对外经济贸易大学三年期间99000元/生/学年,在美学费按照对方国际学生标准收取)",1_3_0036_5_62
3,普通类本科批,0036,10036,对外经济贸易大学,北京,公办,63,020303H,保险学(中外合作办学),,2,04,物理,K,无限制,四年,100000,(合作院校：英国伦敦玛丽女王大学；学习方式：4+0),1_3_0036_5_63
3,普通类本科批,0036,10036,对外经济贸易大学,北京,公办,64,020308H,精算学(中外合作办学),,3,04,物理,K,无限制,四年,100000,(合作院校：英国伦敦玛丽女王大学；学习方式：4+0),1_3_0036_5_64
3,普通类本科批,0043,10043,北京体育大学,北京,公办,12,040205,运动人体科学,,2,04,物理,K,无限制,四年,6000,"(色盲、色弱者,不予录取)(具体要求详见我校《招生章程》)",1_3_0043_5_12
3,普通类本科批,0043,10043,北京体育大学,北京,公办,13,040206,运动康复,,1,04,物理,K,无限制,四年,6000,(具体要求详见我校《招生章程》),1_3_0043_5_13
3,普通类本科批,0043,10043,北京体育大学,北京,公办,14,040211,智能体育工程,,1,04,物理,K,无限制,四年,5000,(具体要求详见我校《招生章程》),1_3_0043_5_14
3,普通类本科批,0043,10043,北京体育大学,北京,公办,16,050201,英语,,1,04,物理,K,无限制,四年,6000,(具体要求详见我校《招生章程》),1_3_0043_5_16
3,普通类本科批,0043,10043,北京体育大学,北京,公办,31,080910,数据科学与大数据技术,,2,04,物理,A,化学,四年,6000,"(不能准确识别红、黄、绿、兰、紫各种颜色中任何一种颜色的导线、按键、信号灯、几何图形者,不予录取)(具体要求详见我校《招生章程》)",1_3_0043_5_31
3,普通类本科批,0043,10043,北京体育大学,北京,公办,33,120212,体育经济与管理,,1,04,物理,K,无限制,四年,5000,"(不能准确识别红、黄、绿、兰、紫各种颜色中任何一种颜色的导线、按键、信号灯、几何图形者,不予录取)(具体要求详见我校《招生章程》)",1_3_0043_5_33
3,普通类本科批,0043,10043,北京体育大学,北京,公办,49,101009,康复物理治疗,,2,04,物理,A,化学,四年,6000,"(色盲、色弱者,不予录取)(具体要求详见我校《招生章程》)",1_3_0043_5_49
3,普通类本科批,0043,10043,北京体育大学,海南,公办,H1,040207H,休闲体育(中外合作办学),,2,04,物理,K,无限制,四年,75000,"[此专业学费高,教学地点在海南陵水黎安国际教育创新试验区,不需要体育统考成绩,仅录取填报该专业志愿的考生,高考成绩须达到生源所在地省级招办划定的普通本科录取控制分数线(部分省市为一批线或一段线)](具体要求详见我校《招生章程》)",1_3_0043_5_H1
3,普通类本科批,0043,10043,北京体育大学,海南,公办,H2,120901H,旅游管理(中外合作办学),,1,04,物理,K,无限制,四年,75000,"[此专业学费高,教学地点在海南陵水黎安国际教育创新试验区,仅录取填报该专业志愿的考生,高考成绩须达到生源所在地省级招办划定的普通本科录取控制分数线(部分省市为一批线或一段线)](具体要求详见我校《招生章程》)",1_3_0043_5_H2
3,普通类本科批,0052,10052,中央民族大学,北京,公办,20,020109,数字经济,,2,04,物理,K,无限制,四年,5000,,1_3_0052_5_20
3,普通类本科批,0052,10052,中央民族大学,北京,公办,22,0201,经济学类(经济学、财政学、金融学、国际经济与贸易),,5,04,物理,K,无限制,四年,5000,,1_3_0052_5_22
3,普通类本科批,0052,10052,中央民族大学,北京,公办,23,0301,法学类[法学、法学(涉外法治)],,2,04,物理,K,无限制,四年,5000,,1_3_0052_5_23
3,普通类本科批,0052,10052,中央民族大学,北京,公办,25,0303,社会学类(社会学、社会工作),,2,04,物理,K,无限制,四年,5000,,1_3_0052_5_25
3,普通类本科批,0052,10052,中央民族大学,北京,公办,34,0503,新闻传播学类(新闻学、广告学、网络与新媒体),,2,04,物理,K,无限制,四年,5000,,1_3_0052_5_34
3,普通类本科批,0052,10052,中央民族大学,北京,公办,35,1202,工商管理类(工商管理、会计学、财务管理、人力资源管理),,2,04,物理,K,无限制,四年,5000,,1_3_0052_5_35
3,普通类本科批,0052,10052,中央民族大学,北京,公办,51,070102,信息与计算科学,,4,04,物理,A,化学,四年,5300,,1_3_0052_5_51
3,普通类本科批,0052,10052,中央民族大学,北京,公办,52,0712,统计学类(统计学、应用统计学),,4,04,物理,A,化学,四年,5300,,1_3_0052_5_52
3,普通类本科批,0052,10052,中央民族大学,北京,公办,53,080413,纳米材料与技术,,4,04,物理,A,化学,四年,5300,,1_3_0052_5_53
3,普通类本科批,0052,10052,中央民族大学,北京,公办,54,080705,光电信息科学与工程,,4,04,物理,A,化学,四年,5300,,1_3_0052_5_54
3,普通类本科批,0052,10052,中央民族大学,北京,公办,55,0807,电子信息类(电子信息工程、通信工程、人工智能),,6,04,物理,A,化学,四年,5300,,1_3_0052_5_55
3,普通类本科批,0052,10052,中央民族大学,北京,公办,56,0809,计算机类(计算机科学与技术、软件工程、数据科学与大数据技术),,8,04,物理,A,化学,四年,5300,,1_3_0052_5_56
3,普通类本科批,0052,10052,中央民族大学,北京,公办,60,082503H,环境科学(中外合作办学),,4,04,物理,A,化学,四年,80000,,1_3_0052_5_60
3,普通类本科批,0052,10052,中央民族大学,海南,公办,61,080910H,数据科学与大数据技术(中外合作办学),,4,04,物理,A,化学,四年,70000,,1_3_0052_5_61
3,普通类本科批,0053,10053,中国政法大学,北京,公办,02,030101,法学,,7,04,物理,K,无限制,四年,5000,,1_3_0053_5_02
3,普通类本科批,0053,10053,中国政法大学,北京,公办,03,030101,法学(法学人才培养模式改革实验班),,2,04,物理,K,无限制,四年,5000,(本专业人才培养模式改革有关安排详见章程),1_3_0053_5_03
3,普通类本科批,0053,10053,中国政法大学,北京,公办,04,030101,法学(涉外法治人才培养实验班),,2,04,物理,K,无限制,四年,5000,(本专业人才培养模式改革有关安排详见章程),1_3_0053_5_04
3,普通类本科批,0053,10053,中国政法大学,北京,公办,13,050261,翻译(法律翻译实验班),,2,04,物理,K,无限制,四年,6000,(本专业人才培养模式改革有关安排详见章程)(外语语种为英语),1_3_0053_5_13
3,普通类本科批,0053,10053,中国政法大学,北京,公办,17,071102,应用心理学,,2,04,物理,K,无限制,四年,5000,,1_3_0053_5_17
3,普通类本科批,0053,10053,中国政法大学,北京,公办,19,120205,国际商务(涉外法商人才培养实验班),,1,04,物理,K,无限制,四年,5000,(本专业人才培养模式改革有关安排详见章程),1_3_0053_5_19
3,普通类本科批,0053,10053,中国政法大学,北京,公办,26,020302,金融工程(成思危现代金融菁英班),,3,04,物理,K,无限制,四年,5000,(本专业人才培养模式改革有关安排详见章程),1_3_0053_5_26
3,普通类本科批,0053,10053,中国政法大学,北京,公办,27,120102,信息管理与信息系统(北理联合培养数据法学实验班),,2,04,物理,K,无限制,四年,5000,"(由我校和北京理工大学联合培养,第二学年到北理学习一年,授予两校联合学士学位,详见章程)",1_3_0053_5_27
3,普通类本科批,0053,10053,中国政法大学,北京,公办,42,030101,法学(北邮联合培养智慧法学实验班),,2,04,物理,K,无限制,四年,5000,"(由我校和北京邮电大学联合培养,第三学年到北邮学习一年,授予两校联合学士学位,详见章程)",1_3_0053_5_42
3,普通类本科批,0053,10053,中国政法大学,北京,公办,43,030101,法学(经济学双学士学位项目),,2,04,物理,K,无限制,四年,5000,"(在商学院培养,可获得法学和经济学专业两个学士学位,详见章程)",1_3_0053_5_43
3,普通类本科批,0053,10053,中国政法大学,北京,公办,86,120201,工商管理(创新与知产管理方向),,3,04,物理,K,无限制,四年,5000,,1_3_0053_5_86
3,普通类本科批,0053,10053,中国政法大学,海南,公办,89,120205H,国际商务(中外合作办学),,2,04,物理,K,无限制,四年,100000,(海南陵水),1_3_0053_5_89
3,普通类本科批,0054,10054,华北电力大学(北京),北京,公办,01,080601,电气工程及其自动化(领军人才班),,2,04,物理,A,化学,四年,5500,,1_3_0054_5_01
3,普通类本科批,0054,10054,华北电力大学(北京),北京,公办,02,080601,电气工程及其自动化,,12,04,物理,A,化学,四年,5500,,1_3_0054_5_02
3,普通类本科批,0054,10054,华北电力大学(北京),北京,公办,03,080602,智能电网信息工程,,3,04,物理,A,化学,四年,5500,,1_3_0054_5_03
3,普通类本科批,0054,10054,华北电力大学(北京),北京,公办,04,080701,电子信息工程,,3,04,物理,A,化学,四年,5500,,1_3_0054_5_04
3,普通类本科批,0054,10054,华北电力大学(北京),北京,公办,05,080703,通信工程,,2,04,物理,A,化学,四年,5500,,1_3_0054_5_05
3,普通类本科批,0054,10054,华北电力大学(北京),北京,公办,06,080702,电子科学与技术,,3,04,物理,A,化学,四年,5500,,1_3_0054_5_06
3,普通类本科批,0054,10054,华北电力大学(北京),北京,公办,07,080901,计算机科学与技术,,3,04,物理,A,化学,四年,5500,,1_3_0054_5_07
3,普通类本科批,0054,10054,华北电力大学(北京),北京,公办,08,080801,自动化,,5,04,物理,A,化学,四年,5500,,1_3_0054_5_08
3,普通类本科批,0054,10054,华北电力大学(北京),北京,公办,09,080717,人工智能,,1,04,物理,A,化学,四年,5500,,1_3_0054_5_09
3,普通类本科批,0054,10054,华北电力大学(北京),北京,公办,0A,080803,机器人工程,,3,04,物理,A,化学,四年,5500,,1_3_0054_5_0A
3,普通类本科批,0054,10054,华北电力大学(北京),北京,公办,0B,080911,网络空间安全,,1,04,物理,A,化学,四年,5500,,1_3_0054_5_0B
3,普通类本科批,0054,10054,华北电力大学(北京),北京,公办,0D,080301,测控技术与仪器,,2,04,物理,A,化学,四年,5500,,1_3_0054_5_0D
3,普通类本科批,0054,10054,华北电力大学(北京),北京,公办,0G,070202,应用物理学,,1,04,物理,A,化学,四年,5500,,1_3_0054_5_0G
3,普通类本科批,0054,10054,华北电力大学(北京),北京,公办,0H,080201,机械工程,,1,04,物理,A,化学,四年,5500,,1_3_0054_5_0H
3,普通类本科批,0054,10054,华北电力大学(北京),北京,公办,0J,080506,氢能科学与工程,,2,04,物理,A,化学,四年,5500,,1_3_0054_5_0J
3,普通类本科批,0054,10054,华北电力大学(北京),北京,公办,0K,080501,能源与动力工程,,7,04,物理,A,化学,四年,5500,,1_3_0054_5_0K
3,普通类本科批,0054,10054,华北电力大学(北京),北京,公办,0L,080504,储能科学与工程,,2,04,物理,A,化学,四年,5500,,1_3_0054_5_0L
3,普通类本科批,0054,10054,华北电力大学(北京),北京,公办,0M,080401,材料科学与工程,,2,04,物理,A,化学,四年,5500,,1_3_0054_5_0M
3,普通类本科批,0054,10054,华北电力大学(北京),北京,公办,0N,0805,能源动力类(新能源)(新能源科学与工程、新能源材料与器件),,6,04,物理,A,化学,四年,5500,,1_3_0054_5_0N
3,普通类本科批,0054,10054,华北电力大学(北京),北京,公办,0P,082201,核工程与核技术,,4,04,物理,A,化学,四年,5500,,1_3_0054_5_0P
3,普通类本科批,0054,10054,华北电力大学(北京),北京,公办,0Q,082202,辐射防护与核安全,,1,04,物理,A,化学,四年,5500,,1_3_0054_5_0Q
3,普通类本科批,0054,10054,华北电力大学(北京),北京,公办,0R,081508,碳储科学与工程,,1,04,物理,A,化学,四年,5500,,1_3_0054_5_0R
3,普通类本科批,0054,10054,华北电力大学(北京),北京,公办,0S,082502,环境工程(能源电力环境方向),,1,04,物理,A,化学,四年,5500,,1_3_0054_5_0S
3,普通类本科批,0054,10054,华北电力大学(北京),北京,公办,0T,070302,应用化学,,1,04,物理,A,化学,四年,5500,,1_3_0054_5_0T
3,普通类本科批,0054,10054,华北电力大学(北京),北京,公办,0V,081101,水利水电工程(工商双学士学位),,1,04,物理,A,化学,四年,5000,,1_3_0054_5_0V
3,普通类本科批,0054,10054,华北电力大学(北京),北京,公办,0X,140005,碳中和科学与工程,,3,04,物理,A,化学,四年,5500,,1_3_0054_5_0X
3,普通类本科批,0054,10054,华北电力大学(北京),北京,公办,0Y,120203,会计学,,3,04,物理,K,无限制,四年,5000,,1_3_0054_5_0Y
3,普通类本科批,0054,10054,华北电力大学(北京),北京,公办,0Z,120103,工程管理(电力建设方向),,2,04,物理,K,无限制,四年,5000,,1_3_0054_5_0Z
3,普通类本科批,0054,10054,华北电力大学(北京),北京,公办,AB,080701,电子信息工程,(高校专项计划),1,04,物理,A,化学,四年,5500,"(特控线上录取)(教育部高校专项计划,只投档符合报考条件的考生)",1_3_0054_5_AB
3,普通类本科批,0054,10054,华北电力大学(北京),北京,公办,AC,080801,自动化,(高校专项计划),1,04,物理,A,化学,四年,5500,"(特控线上录取)(教育部高校专项计划,只投档符合报考条件的考生)",1_3_0054_5_AC
3,普通类本科批,0054,10054,华北电力大学(北京),北京,公办,AD,080501,能源与动力工程,(高校专项计划),1,04,物理,A,化学,四年,5500,"(特控线上录取)(教育部高校专项计划,只投档符合报考条件的考生)",1_3_0054_5_AD
3,普通类本科批,0055,10055,南开大学,天津,公办,01,00600,工科试验班(卓越拔尖计划伯苓班)(计算机科学与技术、智能科学与技术、光电信息科学与工程),,4,04,物理,A,化学,四年,6200,(本专业大类内专业任选),1_3_0055_5_01
3,普通类本科批,0055,10055,南开大学,天津,公办,02,00700,理科试验班(卓越拔尖计划伯苓班)(物理学、量子信息科学、化学、生物科学),,3,04,物理,A,化学,四年,6200,(本专业大类内专业任选),1_3_0055_5_02
3,普通类本科批,0055,10055,南开大学,天津,公办,03,00600,工科试验班(未来产业精英)[智能科学与技术(具身与行为智能特色班)、智能医学工程(脑机接口特色班)、新能源科学与工程(数智能源特色班)、材料化学(新材料特色班)、生物技术(生物智造特色班)],,5,04,物理,A,化学,四年,6200,(本专业大类内专业任选),1_3_0055_5_03
3,普通类本科批,0055,10055,南开大学,天津,公办,05,00700,理科试验班(数学与大数据)(数学与应用数学、信息与计算科学、统计学、数据科学),,10,04,物理,A,化学,四年,6200,(本专业大类内专业任选),1_3_0055_5_05
3,普通类本科批,0055,10055,南开大学,天津,公办,06,00600,工科试验班(信息科学与技术)(计算机科学与技术、物联网工程、信息安全、自动化、智能科学与技术、软件工程),,28,04,物理,A,化学,四年,6200,(本专业大类内专业任选),1_3_0055_5_06
3,普通类本科批,0055,10055,南开大学,天津,公办,07,00700,理科试验班(物理与光电信息技术工程)(物理学、应用物理学、光电信息科学与工程、电子信息科学与技术、微电子科学与工程、电子科学与技术、通信工程),,18,04,物理,A,化学,四年,6200,(本专业大类内专业任选),1_3_0055_5_07
3,普通类本科批,0055,10055,南开大学,天津,公办,08,00700,理科试验班(物质科学)(化学、应用化学、生物科学、材料物理、材料化学),,9,04,物理,A,化学,四年,6200,(本专业大类内专业任选),1_3_0055_5_08
3,普通类本科批,0055,10055,南开大学,天津,公办,09,00700,理科试验班(数智经济金融)(数字经济、金融科技),,6,04,物理,A,化学,四年,5200,(本专业大类内专业任选),1_3_0055_5_09
3,普通类本科批,0055,10055,南开大学,天津,公办,11,00700,理科试验班(药学类)(药学、药物化学),(高校专项计划),2,04,物理,A,化学,四年,6200,"(本专业大类内专业任选)(特控线上录取)(教育部高校专项计划,只投档符合报考条件的考生)",1_3_0055_5_11
3,普通类本科批,0055,10055,南开大学,天津,公办,21,100201,临床医学(5+3一体化),,3,04,物理,A,化学,五年,6200,,1_3_0055_5_21
3,普通类本科批,0056,10056,天津大学,天津,公办,01,00600,工科试验班(国家未来技术学院),,26,04,物理,A,化学,四年,5800,"(首批国家级未来技术学院,与国家卓越工程师学院联动培养。任选新工科战略领军工程5大未来人才培养方向(具身智能、人工智能、柔性电子、脑机接口、集成电路),或任选全校各院级大师班,或任选全校所有专业。)",1_3_0056_5_01
3,普通类本科批,0056,10056,天津大学,天津,公办,02,00600,工科试验班(全国新工科教育创新中心),,17,04,物理,A,化学,四年,5800,(任选人工智能图灵班、精仪王守融班、网安拔尖创新班、软件未来领军班、微电子吴咏诗英才班、未来能源精英班、计算机许镇宇班、自动化卓越创新班、机械学院未来机器人领军班、合成生物学大师班、化工卓越领军班、茅以升未来建设工程智慧平台、医学院瑞恒班、新材料师昌绪班),1_3_0056_5_02
3,普通类本科批,0056,10056,天津大学,天津,公办,03,00600,工科试验班(电气信息类)(电气工程及其自动化、电子信息工程、通信工程、物联网工程、智能电网信息工程、自动化、机器人工程),,40,04,物理,A,化学,四年,5800,(大类分流专业任选；转专业无次数限制；设有自动化学院卓越创新班；拥有智能配用电装备与系统全国重点实验室、智能电网教育部重点实验室。),1_3_0056_5_03
3,普通类本科批,0056,10056,天津大学,天津,公办,04,00600,工科试验班(国家特色化示范性软件学院智能与计算类)(计算机科学与技术、人工智能、软件工程、网络空间安全),,21,04,物理,A,化学,四年,5800,"(大类分流专业任选；转专业无次数限制；含计算机科学与技术拔尖计划,入选教育部“101计划”；设有人工智能图灵班、计算机许镇宇班、软件未来领军班,网安拔尖创新班,是国家一流网络安全学院、国家示范性软件学院；大类中软件工程专业后两年收14000/年)",1_3_0056_5_04
3,普通类本科批,0056,10056,天津大学,天津,公办,05,00600,工科试验班(国家试点学院精仪与光电信息类)[测控技术与仪器、电子科学与技术(光电子技术)、光电信息科学与工程、智能感知工程],,26,04,物理,A,化学,四年,5800,(大类分流专业任选；转专业无次数限制；设有精仪王守融班；拥有精密测试技术及仪器全国重点实验室、智能传感功能材料全国重点实验室。),1_3_0056_5_05
3,普通类本科批,0056,10056,天津大学,天津,公办,06,00600,工科试验班(国家示范性微电子学院集成电路类)[电子科学与技术(微电子)、集成电路设计与集成系统],,22,04,物理,A,化学,四年,5800,"(大类分流专业任选；转专业无次数限制；是国家集成电路人才培养基地；设有微电子吴咏诗英才班；在不同阶段完成1个月企业在岗实训,选修三门跨学院课程,提供至少1次本科短期境外交流学习,1次硕士国际会议,1次博士联合培养。)",1_3_0056_5_06
3,普通类本科批,0056,10056,天津大学,天津,公办,07,080705,光电信息科学与工程(与南开大学合办),,7,04,物理,A,化学,四年,5800,(以两校光学工程国家重点学科、教育部“光学信息技术科学”和“光电信息技术科学”两个重点实验室为学科依托；学位证书上注明南开大学和天津大学。),1_3_0056_5_07
3,普通类本科批,0056,10056,天津大学,天津,公办,10,00600,工科试验班(国家学科培优计划智慧与低碳化工类)(化学工程与工艺、精细化工、过程装备与控制工程),(高校专项计划),3,04,物理,A,化学,四年,5800,"(大类分流专业任选；转专业无次数限制；设有化工卓越领军班,提供国际化培养平台,具有优先出国交流和产业实践机会；拥有化学工程与低碳技术全国重点实验室。不招色盲、色弱、单色识别能力异常考生)(特控线上录取)(教育部高校专项计划,只投档符合报考条件的考生)",1_3_0056_5_10
3,普通类本科批,0056,10056,天津大学,天津,公办,17,00600,工科试验班(智能水利)(港口航道与海岸工程、水利水电工程),(高校专项计划),5,04,物理,A,化学,四年,5800,"(大类分流专业任选；转专业无次数限制；设有新工科领军班,国际化培养,项目式教学；拥有水利工程智能建设与运维全国重点实验室)(特控线上录取)(教育部高校专项计划,只投档符合报考条件的考生)",1_3_0056_5_17
3,普通类本科批,0056,10056,天津大学,天津,公办,21,00600,工科试验班(智慧海洋类)(海洋科学、海洋技术),(高校专项计划),4,04,物理,A,化学,四年,5800,"(大类分流专业任选；转专业无次数限制；教育部自然资源部科教融合平台；设有智慧海洋拔尖班,全员校内教师+校外行业领军人才双导师制,本科生科研训练及科创竞赛支持。不招色盲、色弱、单色识别能力异常考生)(特控线上录取)(教育部高校专项计划,只投档符合报考条件的考生)",1_3_0056_5_21
3,普通类本科批,0056,10056,天津大学,天津,公办,22,081001,土木工程(民族班),(民族班),3,04,物理,A,化学,四年,5800,(设有茅以升未来建设工程智慧平台。)(只招少数民族考生),1_3_0056_5_22
3,普通类本科批,0056,10056,天津大学,广东,公办,75,140007H,智能医学工程(中外合作办学)(脑机接口方向),,3,04,物理,A,化学,四年,130000,"(办学地点位于深圳,与香港理工大学合作办学。毕业授予天津大学与香港理工大学两校学士学位,保研政策与天津大学本部一致。不招色盲、色弱、单色识别能力异常考生。)",1_3_0056_5_75
3,普通类本科批,0062,10062,天津医科大学,天津,公办,2B,100101,基础医学(朱宪彝班),,1,04,物理,E,地理,五年,5800,(色盲、色弱考生不予录取),1_3_0062_5_2B
3,普通类本科批,0062,10062,天津医科大学,天津,公办,2C,100201,临床医学(5+3一体化),,4,04,物理,E,地理,五年,5800,(色盲、色弱考生不予录取),1_3_0062_5_2C
3,普通类本科批,0062,10062,天津医科大学,天津,公办,2E,100301,口腔医学(5+3一体化),,2,04,物理,E,地理,五年,5800,(色盲、色弱考生不予录取),1_3_0062_5_2E
3,普通类本科批,0062,10062,天津医科大学,天津,公办,2K,100201,临床医学,,3,04,物理,E,地理,五年,5800,(色盲、色弱考生不予录取),1_3_0062_5_2K
3,普通类本科批,0062,10062,天津医科大学,天津,公办,2M,100204,眼视光医学,,2,04,物理,E,地理,五年,5800,(色盲、色弱考生不予录取),1_3_0062_5_2M
3,普通类本科批,0062,10062,天津医科大学,天津,公办,2P,100401,预防医学,,1,04,物理,A,化学,五年,5800,(色盲、色弱考生不予录取),1_3_0062_5_2P
3,普通类本科批,0062,10062,天津医科大学,天津,公办,2Q,1007,药学类(药学、药物制剂、临床药学),,3,04,物理,A,化学,四年,5800,(色盲、色弱考生不予录取),1_3_0062_5_2Q
3,普通类本科批,0062,10062,天津医科大学,天津,公办,2R,140007,智能医学工程,,2,04,物理,A,化学,四年,5400,(色盲、色弱考生不予录取),1_3_0062_5_2R
3,普通类本科批,0062,10062,天津医科大学,天津,公办,2S,082601,生物医学工程,,1,04,物理,A,化学,四年,5400,(色盲、色弱考生不予录取),1_3_0062_5_2S
3,普通类本科批,0062,10062,天津医科大学,天津,公办,2X,083002,生物制药,,1,04,物理,E,地理,四年,5400,(色盲、色弱考生不予录取),1_3_0062_5_2X
3,普通类本科批,0062,10062,天津医科大学,天津,公办,2Z,101101,护理学,,2,04,物理,A,化学,四年,5800,(色盲、色弱考生不予录取),1_3_0062_5_2Z
3,普通类本科批,0079,10079,华北电力大学(保定),河北,公办,03,080601,电气工程及其自动化,,13,04,物理,A,化学,四年,5500,,1_3_0079_5_03
3,普通类本科批,0079,10079,华北电力大学(保定),河北,公办,04,080703,通信工程,,3,04,物理,A,化学,四年,5500,,1_3_0079_5_04
3,普通类本科批,0079,10079,华北电力大学(保定),河北,公办,05,080714,电子信息科学与技术,,2,04,物理,A,化学,四年,5500,,1_3_0079_5_05
3,普通类本科批,0079,10079,华北电力大学(保定),河北,公办,06,080710,集成电路设计与集成系统,,3,04,物理,A,化学,四年,5500,,1_3_0079_5_06
3,普通类本科批,0079,10079,华北电力大学(保定),河北,公办,07,080901,计算机科学与技术,,3,04,物理,A,化学,四年,5500,,1_3_0079_5_07
3,普通类本科批,0079,10079,华北电力大学(保定),河北,公办,08,080902,软件工程,,3,04,物理,A,化学,四年,5500,,1_3_0079_5_08
3,普通类本科批,0079,10079,华北电力大学(保定),河北,公办,09,080907,智能科学与技术,,3,04,物理,A,化学,四年,5500,,1_3_0079_5_09
3,普通类本科批,0079,10079,华北电力大学(保定),河北,公办,0A,080911,网络空间安全,,3,04,物理,A,化学,四年,5500,,1_3_0079_5_0A
3,普通类本科批,0079,10079,华北电力大学(保定),河北,公办,0B,080801,自动化,,4,04,物理,A,化学,四年,5500,,1_3_0079_5_0B
3,普通类本科批,0079,10079,华北电力大学(保定),河北,公办,0C,080803,机器人工程,,2,04,物理,A,化学,四年,5500,,1_3_0079_5_0C
3,普通类本科批,0079,10079,华北电力大学(保定),河北,公办,0D,080303,智能感知工程,,2,04,物理,A,化学,四年,5500,,1_3_0079_5_0D
3,普通类本科批,0079,10079,华北电力大学(保定),河北,公办,0F,070102,信息与计算科学,,1,04,物理,A,化学,四年,5500,,1_3_0079_5_0F
3,普通类本科批,0079,10079,华北电力大学(保定),河北,公办,0G,080910,数据科学与大数据技术,,2,04,物理,A,化学,四年,5500,,1_3_0079_5_0G
3,普通类本科批,0079,10079,华北电力大学(保定),河北,公办,0H,070202,应用物理学,,2,04,物理,A,化学,四年,5500,,1_3_0079_5_0H
3,普通类本科批,0079,10079,华北电力大学(保定),河北,公办,0J,080501,能源与动力工程,,6,04,物理,A,化学,四年,5500,,1_3_0079_5_0J
3,普通类本科批,0079,10079,华北电力大学(保定),河北,公办,0K,080504,储能科学与工程,,2,04,物理,A,化学,四年,5500,,1_3_0079_5_0K
3,普通类本科批,0079,10079,华北电力大学(保定),河北,公办,0L,080506,氢能科学与工程,,2,04,物理,A,化学,四年,5500,,1_3_0079_5_0L
3,普通类本科批,0079,10079,华北电力大学(保定),河北,公办,0M,080201,机械工程(输电线路工程),,3,04,物理,A,化学,四年,5500,,1_3_0079_5_0M
3,普通类本科批,0079,10079,华北电力大学(保定),河北,公办,0N,080201,机械工程,,5,04,物理,A,化学,四年,5500,,1_3_0079_5_0N
3,普通类本科批,0079,10079,华北电力大学(保定),河北,公办,0P,080213,智能制造工程,,2,04,物理,A,化学,四年,5500,,1_3_0079_5_0P
3,普通类本科批,0079,10079,华北电力大学(保定),河北,公办,0Q,081002,建筑环境与能源应用工程,,3,04,物理,A,化学,四年,5500,,1_3_0079_5_0Q
3,普通类本科批,0079,10079,华北电力大学(保定),河北,公办,0S,070302,应用化学,,2,04,物理,A,化学,四年,5500,,1_3_0079_5_0S
3,普通类本科批,0079,10079,华北电力大学(保定),河北,公办,0T,082502,环境工程,,2,04,物理,A,化学,四年,5500,,1_3_0079_5_0T
3,普通类本科批,0079,10079,华北电力大学(保定),河北,公办,0U,120203,会计学,,2,04,物理,K,无限制,四年,5000,,1_3_0079_5_0U
3,普通类本科批,0079,10079,华北电力大学(保定),河北,公办,0V,120102,信息管理与信息系统(能源大数据方向),,2,04,物理,K,无限制,四年,5000,,1_3_0079_5_0V
3,普通类本科批,0079,10079,华北电力大学(保定),河北,公办,0W,120105,工程造价,,1,04,物理,K,无限制,四年,5000,,1_3_0079_5_0W
3,普通类本科批,0079,10079,华北电力大学(保定),河北,公办,0X,020101,经济学(能源电力经济方向),,2,04,物理,K,无限制,四年,5000,,1_3_0079_5_0X
3,普通类本科批,0079,10079,华北电力大学(保定),河北,公办,AB,080901,计算机科学与技术,(高校专项计划),1,04,物理,A,化学,四年,5500,"(特控线上录取)(教育部高校专项计划,只投档符合报考条件的考生)",1_3_0079_5_AB
3,普通类本科批,0079,10079,华北电力大学(保定),河北,公办,AC,080501,能源与动力工程,(高校专项计划),1,04,物理,A,化学,四年,5500,"(特控线上录取)(教育部高校专项计划,只投档符合报考条件的考生)",1_3_0079_5_AC
3,普通类本科批,0079,10079,华北电力大学(保定),河北,公办,AD,082502,环境工程,(高校专项计划),1,04,物理,A,化学,四年,5500,"(特控线上录取)(教育部高校专项计划,只投档符合报考条件的考生)",1_3_0079_5_AD
3,普通类本科批,0080,10080,河北工业大学,天津,公办,04,080202,机械设计制造及其自动化,,2,04,物理,A,化学,四年,5800,,1_3_0080_5_04
3,普通类本科批,0080,10080,河北工业大学,天津,公办,0D,081002,建筑环境与能源应用工程,,2,04,物理,A,化学,四年,5800,,1_3_0080_5_0D
3,普通类本科批,0080,10080,河北工业大学,天津,公办,0F,080601,电气工程及其自动化,,4,04,物理,A,化学,四年,5800,,1_3_0080_5_0F
3,普通类本科批,0080,10080,河北工业大学,天津,公办,0H,081301,化学工程与工艺,,2,04,物理,A,化学,四年,5800,"(色弱,色盲不予录取)",1_3_0080_5_0H
3,普通类本科批,0080,10080,河北工业大学,天津,公办,0M,080206,过程装备与控制工程,,2,04,物理,A,化学,四年,5800,"(色弱,色盲不予录取)",1_3_0080_5_0M
3,普通类本科批,0080,10080,河北工业大学,天津,公办,0Q,070702,海洋技术,,2,04,物理,A,化学,四年,5300,"(色弱,色盲不予录取)",1_3_0080_5_0Q
3,普通类本科批,0080,10080,河北工业大学,天津,公办,0W,120201,工商管理,,2,04,物理,A,化学,四年,5000,,1_3_0080_5_0W
3,普通类本科批,0080,10080,河北工业大学,天津,公办,0X,120103,工程管理,,2,04,物理,A,化学,四年,5000,,1_3_0080_5_0X
3,普通类本科批,0080,10080,河北工业大学,天津,公办,14,080701,电子信息工程,,2,04,物理,A,化学,四年,5800,,1_3_0080_5_14
3,普通类本科批,0080,10080,河北工业大学,天津,公办,15,080702,电子科学与技术,,3,04,物理,A,化学,四年,5800,,1_3_0080_5_15
3,普通类本科批,0080,10080,河北工业大学,天津,公办,1B,050207,日语,,1,04,物理,K,无限制,四年,5300,,1_3_0080_5_1B
3,普通类本科批,0080,10080,河北工业大学,天津,公办,1J,080501,能源与动力工程,,2,04,物理,A,化学,四年,待定,"[河北工业大学芬兰校区招生专业,专业教学培养使用的外语语种为英语,培养模式为“1+3(一年国内加三年芬兰)”。学费：国内阶段5800人民币/年；芬兰阶段为12000欧元/年]",1_3_0080_5_1J
3,普通类本科批,0080,10080,河北工业大学,天津,公办,1L,080901,计算机科学与技术,,2,04,物理,A,化学,四年,待定,"[单色识别不全不予录取,河北工业大学芬兰校区招生专业,专业教学培养使用的外语语种为英语,培养模式为“1+3(一年国内加三年芬兰)”。学费：国内阶段5800人民币/年；芬兰阶段为12000欧元/年]",1_3_0080_5_1L
3,普通类本科批,0080,10080,河北工业大学,天津,公办,1X,080405,金属材料工程,,2,04,物理,A,化学,四年,5800,,1_3_0080_5_1X
3,普通类本科批,0080,10080,河北工业大学,天津,公办,27,080803,机器人工程,,2,04,物理,A,化学,四年,5800,,1_3_0080_5_27
3,普通类本科批,0080,10080,河北工业大学,河北,公办,2D,080905H,物联网工程(中外合作办学),,2,04,物理,A,化学,四年,60000,"[物联网工程(中外合作办学)是本校与新西兰梅西大学的合作办学项目,学制4年,采用“4+0”培养模式,四年培养过程全部在河北工业大学廊坊校区进行。学费为6万元人民币/学年]",1_3_0080_5_2D
3,普通类本科批,0112,10112,太原理工大学,山西,公办,01,080202,机械设计制造及其自动化,,3,04,物理,A,化学,四年,5500,(虎峪校区),1_3_0112_5_01
3,普通类本科批,0112,10112,太原理工大学,山西,公办,02,080207,车辆工程,,3,04,物理,A,化学,四年,5500,(虎峪校区),1_3_0112_5_02
3,普通类本科批,0112,10112,太原理工大学,山西,公办,04,080203,材料成型及控制工程,,5,04,物理,A,化学,四年,5500,(虎峪校区),1_3_0112_5_04
3,普通类本科批,0112,10112,太原理工大学,山西,公办,06,080401,材料科学与工程,,3,04,物理,A,化学,四年,5500,(虎峪校区),1_3_0112_5_06
3,普通类本科批,0112,10112,太原理工大学,山西,公办,09,080405,金属材料工程,,2,04,物理,A,化学,四年,5500,(虎峪校区),1_3_0112_5_09
3,普通类本科批,0112,10112,太原理工大学,山西,公办,0B,080501,能源与动力工程,,3,04,物理,A,化学,四年,5500,(明向校区),1_3_0112_5_0B
3,普通类本科批,0112,10112,太原理工大学,山西,公办,0C,080801,自动化,,3,04,物理,A,化学,四年,5500,(明向校区),1_3_0112_5_0C
3,普通类本科批,0112,10112,太原理工大学,山西,公办,0E,080701,电子信息工程,,3,04,物理,A,化学,四年,5500,(明向校区),1_3_0112_5_0E
3,普通类本科批,0112,10112,太原理工大学,山西,公办,0G,080702,电子科学与技术,,3,04,物理,A,化学,四年,5500,(明向校区),1_3_0112_5_0G
3,普通类本科批,0112,10112,太原理工大学,山西,公办,0J,082902,应急技术与管理,,3,04,物理,A,化学,四年,5500,(明向校区),1_3_0112_5_0J
3,普通类本科批,0112,10112,太原理工大学,山西,公办,0K,080902,软件工程,,10,04,物理,A,化学,四年,16000,(明向校区),1_3_0112_5_0K
3,普通类本科批,0112,10112,太原理工大学,山西,公办,0Q,081102,水文与水资源工程,,3,04,物理,A,化学,四年,5500,(明向校区),1_3_0112_5_0Q
3,普通类本科批,0112,10112,太原理工大学,山西,公办,0R,081301,化学工程与工艺,,3,04,物理,A,化学,四年,5500,(明向校区),1_3_0112_5_0R
3,普通类本科批,0112,10112,太原理工大学,山西,公办,0S,081302,制药工程,,3,04,物理,A,化学,四年,5500,(明向校区),1_3_0112_5_0S
3,普通类本科批,0112,10112,太原理工大学,山西,公办,0W,082502,环境工程,,3,04,物理,A,化学,四年,5500,(明向校区),1_3_0112_5_0W
3,普通类本科批,0112,10112,太原理工大学,山西,公办,0Y,081002,建筑环境与能源应用工程,,3,04,物理,A,化学,四年,5500,(明向校区),1_3_0112_5_0Y
3,普通类本科批,0112,10112,太原理工大学,山西,公办,0Z,081501,采矿工程,,3,04,物理,A,化学,四年,5500,(虎峪校区),1_3_0112_5_0Z
3,普通类本科批,0112,10112,太原理工大学,山西,公办,10,082901,安全工程,,3,04,物理,A,化学,四年,5500,(明向校区),1_3_0112_5_10
3,普通类本科批,0112,10112,太原理工大学,山西,公办,19,070102,信息与计算科学,,3,04,物理,A,化学,四年,5100,(明向校区),1_3_0112_5_19
3,普通类本科批,0112,10112,太原理工大学,山西,公办,1A,071201,统计学,,3,04,物理,A,化学,四年,5100,(明向校区),1_3_0112_5_1A
3,普通类本科批,0112,10112,太原理工大学,山西,公办,1C,070202,应用物理学,,3,04,物理,A,化学,四年,5100,(明向校区),1_3_0112_5_1C
3,普通类本科批,0112,10112,太原理工大学,山西,公办,1E,080102,工程力学,,3,04,物理,A,化学,四年,5500,(明向校区),1_3_0112_5_1E
3,普通类本科批,0112,10112,太原理工大学,山西,公办,1F,082601,生物医学工程,,3,04,物理,A,化学,四年,5500,(明向校区),1_3_0112_5_1F
3,普通类本科批,0112,10112,太原理工大学,山西,公办,1N,120103,工程管理,,2,04,物理,K,无限制,四年,5100,(明向校区),1_3_0112_5_1N
3,普通类本科批,0112,10112,太原理工大学,山西,公办,1P,120203,会计学,,2,04,物理,K,无限制,四年,5100,(明向校区),1_3_0112_5_1P
3,普通类本科批,0112,10112,太原理工大学,山西,公办,1R,080901,计算机科学与技术,,3,04,物理,A,化学,四年,5500,(明向校区),1_3_0112_5_1R
3,普通类本科批,0112,10112,太原理工大学,山西,公办,24,080204,机械电子工程,,3,04,物理,A,化学,四年,5500,(虎峪校区),1_3_0112_5_24
3,普通类本科批,0112,10112,太原理工大学,山西,公办,2F,080601,电气工程及其自动化,,3,04,物理,A,化学,四年,5500,(明向校区),1_3_0112_5_2F
3,普通类本科批,0112,10112,太原理工大学,山西,公办,2G,120601,物流管理,,2,04,物理,K,无限制,四年,5100,(明向校区),1_3_0112_5_2G
3,普通类本科批,0112,10112,太原理工大学,山西,公办,2M,080910,数据科学与大数据技术,,3,04,物理,A,化学,四年,5500,(明向校区),1_3_0112_5_2M
3,普通类本科批,0112,10112,太原理工大学,山西,公办,2Q,080206,过程装备与控制工程,,2,04,物理,A,化学,四年,5500,(明向校区),1_3_0112_5_2Q
3,普通类本科批,0112,10112,太原理工大学,山西,公办,2W,080803,机器人工程,,3,04,物理,A,化学,四年,5500,(明向校区),1_3_0112_5_2W
3,普通类本科批,0112,10112,太原理工大学,山西,公办,3A,082002,飞行器设计与工程,,3,04,物理,A,化学,四年,5500,(明向校区),1_3_0112_5_3A
3,普通类本科批,0112,10112,太原理工大学,山西,公办,3B,080717,人工智能,,3,04,物理,A,化学,四年,5500,(明向校区),1_3_0112_5_3B
3,普通类本科批,0112,10112,太原理工大学,山西,公办,3F,081101,水利水电工程,,3,04,物理,A,化学,四年,5500,(明向校区),1_3_0112_5_3F
3,普通类本科批,0112,10112,太原理工大学,山西,公办,3G,081003,给排水科学与工程,,3,04,物理,A,化学,四年,5500,(明向校区),1_3_0112_5_3G
3,普通类本科批,0112,10112,太原理工大学,山西,公办,3P,080102,工程力学(试验班),,2,04,物理,A,化学,四年,5500,(明向校区),1_3_0112_5_3P
3,普通类本科批,0112,10112,太原理工大学,山西,公办,3T,080407,高分子材料与工程,,3,04,物理,A,化学,四年,5500,(虎峪校区),1_3_0112_5_3T
3,普通类本科批,0112,10112,太原理工大学,山西,公办,3U,080901,计算机科学与技术(试验班),,2,04,物理,A,化学,四年,5500,(明向校区),1_3_0112_5_3U
3,普通类本科批,0112,10112,太原理工大学,山西,公办,5B,070301,化学,,3,04,物理,A,化学,四年,5100,(明向校区),1_3_0112_5_5B
3,普通类本科批,0112,10112,太原理工大学,山西,公办,5D,080710,集成电路设计与集成系统,,3,04,物理,A,化学,四年,5500,(明向校区),1_3_0112_5_5D
3,普通类本科批,0112,10112,太原理工大学,山西,公办,5E,080905,物联网工程,,4,04,物理,A,化学,四年,5500,(明向校区),1_3_0112_5_5E
3,普通类本科批,0112,10112,太原理工大学,山西,公办,5F,080911,网络空间安全,,3,04,物理,A,化学,四年,5500,(明向校区),1_3_0112_5_5F
3,普通类本科批,0112,10112,太原理工大学,山西,公办,5G,080720,智能测控工程,,3,04,物理,A,化学,四年,5500,(明向校区),1_3_0112_5_5G
3,普通类本科批,0112,10112,太原理工大学,山西,公办,5N,080607,能源互联网工程,,3,04,物理,A,化学,四年,5500,(明向校区),1_3_0112_5_5N
3,普通类本科批,0112,10112,太原理工大学,山西,公办,5W,081507,智能采矿工程,,3,04,物理,A,化学,四年,5500,(虎峪校区),1_3_0112_5_5W
3,普通类本科批,0112,10112,太原理工大学,山西,公办,5Y,080710,集成电路设计与集成系统(试验班),,2,04,物理,A,化学,四年,5500,(明向校区),1_3_0112_5_5Y
3,普通类本科批,0112,10112,太原理工大学,山西,公办,6H,080204,机械电子工程(试验班),,2,04,物理,A,化学,四年,5500,(明向校区),1_3_0112_5_6H
3,普通类本科批,0112,10112,太原理工大学,山西,公办,6L,070102,信息与计算科学(试验班),,2,04,物理,A,化学,四年,5100,(明向校区),1_3_0112_5_6L
3,普通类本科批,0126,10126,内蒙古大学,内蒙古,公办,32,020101,经济学,,1,04,物理,K,无限制,四年,4840,(不能准确识别红、黄、绿、蓝、紫各种颜色中任何一种颜色的导线、按键、信号灯、几何图形者不予录取),1_3_0126_5_32
3,普通类本科批,0126,10126,内蒙古大学,内蒙古,公办,36,070101,数学与应用数学,,1,04,物理,A,化学,四年,5060,,1_3_0126_5_36
3,普通类本科批,0126,10126,内蒙古大学,内蒙古,公办,3G,070302,应用化学,,1,04,物理,A,化学,四年,5060,[轻度色觉异常(俗称色弱)不予录取],1_3_0126_5_3G
3,普通类本科批,0126,10126,内蒙古大学,内蒙古,公办,3M,071001,生物科学,,1,04,物理,A,化学,四年,5060,[轻度色觉异常(俗称色弱)不予录取],1_3_0126_5_3M
3,普通类本科批,0126,10126,内蒙古大学,内蒙古,公办,41,080201,机械工程,,1,04,物理,A,化学,四年,5060,,1_3_0126_5_41
3,普通类本科批,0126,10126,内蒙古大学,内蒙古,公办,42,080207,车辆工程,,1,04,物理,A,化学,四年,5060,,1_3_0126_5_42
3,普通类本科批,0126,10126,内蒙古大学,内蒙古,公办,45,080714,电子信息科学与技术,,1,04,物理,A,化学,四年,5060,,1_3_0126_5_45
3,普通类本科批,0126,10126,内蒙古大学,内蒙古,公办,46,080703,通信工程,,1,04,物理,A,化学,四年,5060,,1_3_0126_5_46
3,普通类本科批,0126,10126,内蒙古大学,内蒙古,公办,48,080801,自动化,,1,04,物理,A,化学,四年,5060,,1_3_0126_5_48
3,普通类本科批,0126,10126,内蒙古大学,内蒙古,公办,4C,080902,软件工程,,1,04,物理,A,化学,四年,9000,(不能准确在显示器上识别红、黄、绿、蓝、紫各颜色中任何一种颜色的数码、字母者不予录取),1_3_0126_5_4C
3,普通类本科批,0126,10126,内蒙古大学,内蒙古,公办,4H,081001,土木工程,,1,04,物理,A,化学,四年,5060,,1_3_0126_5_4H
3,普通类本科批,0126,10126,内蒙古大学,内蒙古,公办,4P,081801,交通运输,,1,04,物理,A,化学,四年,5060,[色觉异常Ⅱ度(俗称色盲)不予录取],1_3_0126_5_4P
3,普通类本科批,0126,10126,内蒙古大学,内蒙古,公办,4T,082601,生物医学工程,,1,04,物理,A,化学,四年,5060,[轻度色觉异常(俗称色弱)不予录取],1_3_0126_5_4T
3,普通类本科批,0126,10126,内蒙古大学,内蒙古,公办,4Y,120601,物流管理,,1,04,物理,K,无限制,四年,5060,,1_3_0126_5_4Y
3,普通类本科批,0140,10140,辽宁大学,辽宁,公办,01,050101,汉语言文学,,6,04,物理,K,无限制,四年,5520,,1_3_0140_5_01
3,普通类本科批,0140,10140,辽宁大学,辽宁,公办,03,060101,历史学,,4,04,物理,K,无限制,四年,4800,,1_3_0140_5_03
3,普通类本科批,0140,10140,辽宁大学,辽宁,公办,04,060103,考古学,,6,04,物理,K,无限制,四年,4800,"[考生身体健康状况须适应实验工作需要,色觉异常(俗称色盲、色弱)考生谨慎报考]",1_3_0140_5_04
3,普通类本科批,0140,10140,辽宁大学,辽宁,公办,05,120502,档案学,,23,04,物理,K,无限制,四年,5200,,1_3_0140_5_05
3,普通类本科批,0140,10140,辽宁大学,辽宁,公办,06,010101,哲学,,14,04,物理,K,无限制,四年,4800,,1_3_0140_5_06
3,普通类本科批,0140,10140,辽宁大学,辽宁,公办,07,120402,行政管理,,8,04,物理,K,无限制,四年,5200,,1_3_0140_5_07
3,普通类本科批,0140,10140,辽宁大学,辽宁,公办,08,120403,劳动与社会保障,,8,04,物理,K,无限制,四年,5200,,1_3_0140_5_08
3,普通类本科批,0140,10140,辽宁大学,辽宁,公办,09,050301,新闻学,,8,04,物理,K,无限制,四年,4800,,1_3_0140_5_09
3,普通类本科批,0140,10140,辽宁大学,辽宁,公办,10,050303,广告学,,10,04,物理,K,无限制,四年,4800,,1_3_0140_5_10
3,普通类本科批,0140,10140,辽宁大学,辽宁,公办,11,050305,编辑出版学,,10,04,物理,K,无限制,四年,4800,,1_3_0140_5_11
3,普通类本科批,0140,10140,辽宁大学,辽宁,公办,12,0201,经济学类(经济学、国民经济管理),,61,04,物理,K,无限制,四年,5980,,1_3_0140_5_12
3,普通类本科批,0140,10140,辽宁大学,辽宁,公办,15,020102,经济统计学,,66,04,物理,K,无限制,四年,5200,,1_3_0140_5_15
3,普通类本科批,0140,10140,辽宁大学,辽宁,公办,16,020201,财政学,,34,04,物理,K,无限制,四年,5200,,1_3_0140_5_16
3,普通类本科批,0140,10140,辽宁大学,辽宁,公办,17,0203,金融学类(金融学、保险学),,106,04,物理,K,无限制,四年,5980,,1_3_0140_5_17
3,普通类本科批,0140,10140,辽宁大学,辽宁,公办,20,020401,国际经济与贸易,,41,04,物理,K,无限制,四年,5980,,1_3_0140_5_20
3,普通类本科批,0140,10140,辽宁大学,辽宁,公办,21,030202,国际政治,,5,04,物理,C,C,四年,4800,,1_3_0140_5_21
3,普通类本科批,0140,10140,辽宁大学,辽宁,公办,22,050209,朝鲜语,,6,04,物理,K,无限制,四年,5200,,1_3_0140_5_22
3,普通类本科批,0140,10140,辽宁大学,辽宁,公办,23,020109,数字经济,,79,04,物理,K,无限制,四年,5200,,1_3_0140_5_23
3,普通类本科批,0140,10140,辽宁大学,辽宁,公办,24,120103,工程管理,,29,04,物理,K,无限制,四年,5200,,1_3_0140_5_24
3,普通类本科批,0140,10140,辽宁大学,辽宁,公办,25,1202,工商管理类(工商管理、人力资源管理、市场营销),,55,04,物理,K,无限制,四年,5980,,1_3_0140_5_25
3,普通类本科批,0140,10140,辽宁大学,辽宁,公办,29,120203,会计学,,36,04,物理,K,无限制,四年,5980,,1_3_0140_5_29
3,普通类本科批,0140,10140,辽宁大学,辽宁,公办,30,120207,审计学,,54,04,物理,K,无限制,四年,5200,,1_3_0140_5_30
3,普通类本科批,0140,10140,辽宁大学,辽宁,公办,31,030101,法学,,50,04,物理,K,无限制,四年,5520,,1_3_0140_5_31
3,普通类本科批,0140,10140,辽宁大学,辽宁,公办,32,030105,国际经贸规则,,6,04,物理,K,无限制,四年,4800,,1_3_0140_5_32
3,普通类本科批,0140,10140,辽宁大学,辽宁,公办,33,050201,英语,,10,04,物理,K,无限制,四年,5980,(只招外语语种为英语考生),1_3_0140_5_33
3,普通类本科批,0140,10140,辽宁大学,辽宁,公办,34,050202,俄语,,5,04,物理,K,无限制,四年,5200,,1_3_0140_5_34
3,普通类本科批,0140,10140,辽宁大学,辽宁,公办,35,050203,德语,,5,04,物理,K,无限制,四年,5200,,1_3_0140_5_35
3,普通类本科批,0140,10140,辽宁大学,辽宁,公办,36,050204,法语,,5,04,物理,K,无限制,四年,5200,,1_3_0140_5_36
3,普通类本科批,0140,10140,辽宁大学,辽宁,公办,37,050207,日语,,13,04,物理,K,无限制,四年,5200,,1_3_0140_5_37
3,普通类本科批,0140,10140,辽宁大学,辽宁,公办,38,130305,广播电视编导,,20,04,物理,K,无限制,四年,10000,"(艺术类专业,授予艺术学学士学位)",1_3_0140_5_38
3,普通类本科批,0140,10140,辽宁大学,辽宁,公办,48,130304,戏剧影视文学,,7,04,物理,K,无限制,四年,10000,"(艺术类专业,授予艺术学学士学位)",1_3_0140_5_48
3,普通类本科批,0140,10140,辽宁大学,辽宁,公办,49,050103,汉语国际教育,,6,04,物理,K,无限制,四年,4800,,1_3_0140_5_49
3,普通类本科批,0140,10140,辽宁大学,辽宁,公办,50,070101,数学与应用数学,,74,04,物理,A,化学,四年,5200,,1_3_0140_5_50
3,普通类本科批,0140,10140,辽宁大学,辽宁,公办,51,080717,人工智能,,46,04,物理,A,化学,四年,5200,,1_3_0140_5_51
3,普通类本科批,0140,10140,辽宁大学,辽宁,公办,52,070201,物理学,,20,04,物理,A,化学,四年,5200,,1_3_0140_5_52
3,普通类本科批,0140,10140,辽宁大学,辽宁,公办,53,080301,测控技术与仪器,,70,04,物理,A,化学,四年,5980,,1_3_0140_5_53
3,普通类本科批,0140,10140,辽宁大学,辽宁,公办,54,080704,微电子科学与工程,,88,04,物理,A,化学,四年,5200,,1_3_0140_5_54
3,普通类本科批,0140,10140,辽宁大学,辽宁,公办,55,080803,机器人工程,,18,04,物理,A,化学,四年,5200,,1_3_0140_5_55
3,普通类本科批,0140,10140,辽宁大学,辽宁,公办,56,0703,化学类(化学、应用化学),,107,04,物理,A,化学,四年,5200,"[考生身体健康状况须适应实验工作需要,色觉异常(俗称色盲、色弱)考生谨慎报考]",1_3_0140_5_56
3,普通类本科批,0140,10140,辽宁大学,辽宁,公办,59,081302,制药工程,,71,04,物理,A,化学,四年,5200,"[考生身体健康状况须适应实验工作需要,色觉异常(俗称色盲、色弱)考生谨慎报考]",1_3_0140_5_59
3,普通类本科批,0140,10140,辽宁大学,辽宁,公办,60,071002,生物技术,,83,04,物理,A,化学,四年,5980,"[考生身体健康状况须适应实验工作需要,色觉异常(俗称色盲、色弱)考生谨慎报考]",1_3_0140_5_60
3,普通类本科批,0140,10140,辽宁大学,辽宁,公办,61,071003,生物信息学,,25,04,物理,A,化学,四年,5200,"[考生身体健康状况须适应实验工作需要,色觉异常(俗称色盲、色弱)考生谨慎报考]",1_3_0140_5_61
3,普通类本科批,0140,10140,辽宁大学,辽宁,公办,62,080102,工程力学,,62,04,物理,A,化学,四年,5200,,1_3_0140_5_62
3,普通类本科批,0140,10140,辽宁大学,辽宁,公办,63,082502,环境工程,,41,04,物理,A,化学,四年,5200,"[考生身体健康状况须适应实验工作需要,色觉异常(俗称色盲、色弱)考生谨慎报考]",1_3_0140_5_63
3,普通类本科批,0140,10140,辽宁大学,辽宁,公办,64,082504,环境生态工程,,27,04,物理,A,化学,四年,5200,"[考生身体健康状况须适应实验工作需要,色觉异常(俗称色盲、色弱)考生谨慎报考]",1_3_0140_5_64
3,普通类本科批,0140,10140,辽宁大学,辽宁,公办,65,080703,通信工程,,49,04,物理,A,化学,四年,5200,,1_3_0140_5_65
3,普通类本科批,0140,10140,辽宁大学,辽宁,公办,66,080714,电子信息科学与技术,,62,04,物理,A,化学,四年,5200,,1_3_0140_5_66
3,普通类本科批,0140,10140,辽宁大学,辽宁,公办,67,080901,计算机科学与技术,,89,04,物理,A,化学,四年,5980,,1_3_0140_5_67
3,普通类本科批,0140,10140,辽宁大学,辽宁,公办,68,080910,数据科学与大数据技术,,46,04,物理,A,化学,四年,5980,,1_3_0140_5_68
3,普通类本科批,0140,10140,辽宁大学,辽宁,公办,69,080911,网络空间安全,,38,04,物理,A,化学,四年,5200,,1_3_0140_5_69
3,普通类本科批,0140,10140,辽宁大学,辽宁,公办,70,080406,无机非金属材料工程,,34,04,物理,A,化学,四年,5200,"[考生身体健康状况须适应实验工作需要,色觉异常(俗称色盲、色弱)考生谨慎报考]",1_3_0140_5_70
3,普通类本科批,0140,10140,辽宁大学,辽宁,公办,71,080601,电气工程及其自动化,,98,04,物理,A,化学,四年,5980,,1_3_0140_5_71
3,普通类本科批,0140,10140,辽宁大学,辽宁,公办,72,082701,食品科学与工程,,46,04,物理,A,化学,四年,5200,"[考生身体健康状况须适应实验工作需要,色觉异常(俗称色盲、色弱)考生谨慎报考]",1_3_0140_5_72
3,普通类本科批,0140,10140,辽宁大学,辽宁,公办,73,120203H,会计学(中外合作办学)(新华国际商学院),,121,04,物理,K,无限制,四年,50000,"(外方合作学校为英国德蒙福特大学,为英语教学,考生应具备良好的听说读写能力。非英语语种考生慎报)",1_3_0140_5_73
3,普通类本科批,0140,10140,辽宁大学,辽宁,公办,74,120202H,市场营销(中外合作办学)(新华国际商学院),,20,04,物理,K,无限制,四年,50000,"(外方合作学校为英国德蒙福特大学,为英语教学,考生应具备良好的听说读写能力。非英语语种考生慎报)",1_3_0140_5_74
3,普通类本科批,0140,10140,辽宁大学,辽宁,公办,75,120201H,工商管理(中外合作办学)(新华国际商学院),,40,04,物理,K,无限制,四年,50000,"(外方合作学校为英国德蒙福特大学,为英语教学,考生应具备良好的听说读写能力。非英语语种考生慎报)",1_3_0140_5_75
3,普通类本科批,0140,10140,辽宁大学,辽宁,公办,76,120203H,会计学(中外合作办学)(亚澳商学院),,175,04,物理,K,无限制,四年,50000,"(外方合作学校为澳大利亚维多利亚大学,为英语教学,考生应具备良好的听说读写能力。非英语语种考生慎报)",1_3_0140_5_76
3,普通类本科批,0140,10140,辽宁大学,辽宁,公办,77,020301H,金融学(中外合作办学)(亚澳商学院),,140,04,物理,K,无限制,四年,50000,"(外方合作学校为澳大利亚维多利亚大学,为英语教学,考生应具备良好的听说读写能力。非英语语种考生慎报)",1_3_0140_5_77
3,普通类本科批,0140,10140,辽宁大学,辽宁,公办,78,120205H,国际商务(中外合作办学)(亚澳商学院),,12,04,物理,K,无限制,四年,50000,"(外方合作学校为澳大利亚维多利亚大学,为英语教学,考生应具备良好的听说读写能力。非英语语种考生慎报)",1_3_0140_5_78
3,普通类本科批,0140,10140,辽宁大学,辽宁,公办,80,050201,英语(辽阳武圣校区),,17,04,物理,K,无限制,四年,5980,(只招外语语种为英语考生),1_3_0140_5_80
3,普通类本科批,0140,10140,辽宁大学,辽宁,公办,81,050202,俄语(辽阳武圣校区),,9,04,物理,K,无限制,四年,5200,,1_3_0140_5_81
3,普通类本科批,0140,10140,辽宁大学,辽宁,公办,82,050207,日语(辽阳武圣校区),,22,04,物理,K,无限制,四年,5200,,1_3_0140_5_82
3,普通类本科批,0140,10140,辽宁大学,辽宁,公办,83,050261,翻译(辽阳武圣校区),,45,04,物理,K,无限制,四年,5200,(只招外语语种为英语考生),1_3_0140_5_83
3,普通类本科批,0140,10140,辽宁大学,辽宁,公办,84,050262,商务英语(辽阳武圣校区),,50,04,物理,K,无限制,四年,5200,(只招外语语种为英语考生),1_3_0140_5_84
3,普通类本科批,0140,10140,辽宁大学,辽宁,公办,85,030108,纪检监察,,34,04,物理,K,无限制,四年,5520,,1_3_0140_5_85
3,普通类本科批,0140,10140,辽宁大学,辽宁,公办,AB,120103,工程管理,(地方专项计划),10,04,物理,K,无限制,四年,5200,"(辽宁省高校专项计划,只投档符合报考条件的考生)",1_3_0140_5_AB
3,普通类本科批,0140,10140,辽宁大学,辽宁,公办,AC,030101,法学,(地方专项计划),6,04,物理,K,无限制,四年,5520,"(辽宁省高校专项计划,只投档符合报考条件的考生)",1_3_0140_5_AC
3,普通类本科批,0140,10140,辽宁大学,辽宁,公办,AD,080301,测控技术与仪器,(地方专项计划),6,04,物理,A,化学,四年,5980,"(辽宁省高校专项计划,只投档符合报考条件的考生)",1_3_0140_5_AD
3,普通类本科批,0140,10140,辽宁大学,辽宁,公办,AE,0703,化学类(化学、应用化学),(地方专项计划),6,04,物理,A,化学,四年,5200,"[考生身体健康状况须适应实验工作需要,色觉异常(俗称色盲、色弱)考生谨慎报考](辽宁省高校专项计划,只投档符合报考条件的考生)",1_3_0140_5_AE
3,普通类本科批,0140,10140,辽宁大学,辽宁,公办,AF,081302,制药工程,(地方专项计划),6,04,物理,A,化学,四年,5200,"[考生身体健康状况须适应实验工作需要,色觉异常(俗称色盲、色弱)考生谨慎报考](辽宁省高校专项计划,只投档符合报考条件的考生)",1_3_0140_5_AF
3,普通类本科批,0140,10140,辽宁大学,辽宁,公办,AG,080901,计算机科学与技术,(地方专项计划),4,04,物理,A,化学,四年,5980,"(辽宁省高校专项计划,只投档符合报考条件的考生)",1_3_0140_5_AG
3,普通类本科批,0140,10140,辽宁大学,辽宁,公办,AH,080910,数据科学与大数据技术,(地方专项计划),4,04,物理,A,化学,四年,5980,"(辽宁省高校专项计划,只投档符合报考条件的考生)",1_3_0140_5_AH
3,普通类本科批,0140,10140,辽宁大学,辽宁,公办,AJ,080406,无机非金属材料工程,(地方专项计划),6,04,物理,A,化学,四年,5200,"[考生身体健康状况须适应实验工作需要,色觉异常(俗称色盲、色弱)考生谨慎报考](辽宁省高校专项计划,只投档符合报考条件的考生)",1_3_0140_5_AJ
3,普通类本科批,0140,10140,辽宁大学,辽宁,公办,AK,080601,电气工程及其自动化,(地方专项计划),5,04,物理,A,化学,四年,5980,"(辽宁省高校专项计划,只投档符合报考条件的考生)",1_3_0140_5_AK
3,普通类本科批,0141,10141,大连理工大学,辽宁,公办,01,080717,人工智能(新工科大师班),,2,04,物理,A,化学,四年,6240,"(一生一策导师制培养,全校理工类专业任选,按所选专业收学费)",1_3_0141_5_01
3,普通类本科批,0141,10141,大连理工大学,辽宁,公办,03,0807,电子信息类(创新班)(电子信息工程、计算机科学与技术、未来机器人、人工智能、自动化、电气工程及其自动化、光电信息科学与工程、生物医学工程),,2,04,物理,A,化学,四年,6240,(本专业类内分流任选。计算机科学与技术入选教育部“101计划”),1_3_0141_5_03
3,普通类本科批,0141,10141,大连理工大学,辽宁,公办,04,080213,智能制造工程(创新班),,2,04,物理,A,化学,四年,6240,"(含智能制造工程、机械设计制造及其自动化、智能车辆工程、测控技术与仪器,上述四个专业分流任选)",1_3_0141_5_04
3,普通类本科批,0141,10141,大连理工大学,辽宁,公办,05,080717,人工智能(未来卓越班),,25,04,物理,A,化学,四年,6240,"(全校理工类专业任选,按所选专业收学费)",1_3_0141_5_05
3,普通类本科批,0141,10141,大连理工大学,辽宁,公办,06,080102,工程力学(力学工科基础拔尖计划班),,5,04,物理,A,化学,四年,6240,,1_3_0141_5_06
3,普通类本科批,0141,10141,大连理工大学,辽宁,公办,07,0701,数学类(华罗庚数学国家基础学科拔尖计划班)(信息与计算科学、数学与应用数学),,13,04,物理,A,化学,四年,6240,(本专业类内分流任选),1_3_0141_5_07
3,普通类本科批,0141,10141,大连理工大学,辽宁,公办,08,082002,飞行器设计与工程(创新班),,9,04,物理,A,化学,四年,6240,"[含飞行器设计与工程(创新班)、低空技术与工程(创新班),上述两个专业分流任选]",1_3_0141_5_08
3,普通类本科批,0141,10141,大连理工大学,辽宁,公办,09,080102,工程力学(创新班),,16,04,物理,A,化学,四年,6240,"[含工程力学(钱令希力学创新班)、工程力学(智算力学创新班),上述两个专业分流任选]",1_3_0141_5_09
3,普通类本科批,0141,10141,大连理工大学,辽宁,公办,10,080902,软件工程(创新班),,11,04,物理,A,化学,四年,16000,(就读大连开发区校区。软件工程专业前两年学费5200元/年),1_3_0141_5_10
3,普通类本科批,0141,10141,大连理工大学,辽宁,公办,11,080501,能源与动力工程(创新班),,25,04,物理,A,化学,四年,6240,,1_3_0141_5_11
3,普通类本科批,0141,10141,大连理工大学,辽宁,公办,12,0804,材料类(新工科拔尖班)(电子信息材料、金属材料工程、功能材料、材料成型及控制工程),,17,04,物理,A,化学,四年,6240,(本专业类内分流任选。入校后可选拔进入材料中日精英班),1_3_0141_5_12
3,普通类本科批,0141,10141,大连理工大学,辽宁,公办,13,120108,大数据管理与应用(新工科拔尖班),,20,04,物理,K,无限制,四年,6240,"(含大数据管理与应用、信息管理与信息系统、金融科技,上述三个专业分流任选)",1_3_0141_5_13
3,普通类本科批,0141,10141,大连理工大学,辽宁,公办,14,0807,电子信息类(电子信息工程、计算机科学与技术、未来机器人、自动化、电气工程及其自动化、光电信息科学与工程、生物医学工程),,140,04,物理,A,化学,四年,6240,(本专业类内分流任选),1_3_0141_5_14
3,普通类本科批,0141,10141,大连理工大学,辽宁,公办,15,070302,应用化学(张大煜化学国家基础科学拔尖计划班),,15,04,物理,A,化学,四年,6240,(含应用化学+人工智能双学位班。不招色盲、色弱考生),1_3_0141_5_15
3,普通类本科批,0141,10141,大连理工大学,辽宁,公办,16,070202,应用物理学(王大珩物理国家基础科学拔尖计划班),,15,04,物理,A,化学,四年,6240,(含应用物理学+人工智能双学位班。不招色盲考生),1_3_0141_5_16
3,普通类本科批,0141,10141,大连理工大学,辽宁,公办,17,081901,船舶与海洋工程(新工科拔尖班),,18,04,物理,A,化学,四年,6240,,1_3_0141_5_17
3,普通类本科批,0141,10141,大连理工大学,辽宁,公办,18,081309,智能分子工程(新工科拔尖班),,12,04,物理,A,化学,四年,6240,"(含智能分子工程、制药工程、高分子材料与工程、精细化工,上述四个专业分流任选。不招色盲、色弱考生)",1_3_0141_5_18
3,普通类本科批,0141,10141,大连理工大学,辽宁,公办,19,080504,储能科学与工程(新工科拔尖班),,32,04,物理,A,化学,四年,6240,"(含储能科学与工程、过程装备与控制工程、化学工程与工艺、安全工程,上述专业分流任选。不招色盲、色弱考生)",1_3_0141_5_19
3,普通类本科批,0141,10141,大连理工大学,辽宁,公办,21,083001,生物工程(新工科拔尖班),,10,04,物理,A,化学,四年,6240,(不招色盲、色弱考生),1_3_0141_5_21
3,普通类本科批,0141,10141,大连理工大学,辽宁,公办,22,100201,临床医学(创新班),,15,04,物理,A,化学,五年,6600,(不招色盲、色弱考生),1_3_0141_5_22
3,普通类本科批,0141,10141,大连理工大学,辽宁,公办,24,080902,软件工程,,80,04,物理,A,化学,四年,16000,"(本专业与智能无人系统技术、电子科学与技术、集成电路设计与集成系统、电子信息材料同学域培养,专业分流在上述专业内任选。就读大连开发区校区。软件工程专业前两年学费5200元/年)",1_3_0141_5_24
3,普通类本科批,0141,10141,大连理工大学,辽宁,公办,25,0701,数学类(数学与应用数学、信息与计算科学),,36,04,物理,A,化学,四年,6240,"(含信息与计算科学+人工智能双学位班、数学与应用数学+人工智能双学位班,上述专业分流任选,可选拔进华罗庚数学拔尖计划班)",1_3_0141_5_25
3,普通类本科批,0141,10141,大连理工大学,辽宁,公办,26,080702,电子科学与技术,,102,04,物理,A,化学,四年,6240,"(含电子科学与技术、集成电路设计与集成系统、电子信息材料。本专业与软件工程、智能无人系统技术同学域培养,专业分流在上述专业内任选。就读大连开发区校区)",1_3_0141_5_26
3,普通类本科批,0141,10141,大连理工大学,辽宁,公办,27,082108,智能无人系统技术,,110,04,物理,A,化学,四年,6240,"(该专业与软件工程、电子科学与技术、集成电路设计与集成系统、电子信息材料同学域培养,位于大连开发区校区。大一通识培养后,学域内专业任选)",1_3_0141_5_27
3,普通类本科批,0141,10141,大连理工大学,辽宁,公办,28,080213,智能制造工程,,107,04,物理,A,化学,四年,6240,"(含智能制造工程、机械设计制造及其自动化、智能车辆工程、能源与动力工程、电子信息材料、金属材料工程、功能材料、材料成型及控制工程、测控技术与仪器、生物医学工程,学生分流时专业任选。入校后可选拔进入机械日强班、材料中日精英班、机械卓越国合班)",1_3_0141_5_28
3,普通类本科批,0141,10141,大连理工大学,辽宁,公办,29,080102,工程力学,,49,04,物理,A,化学,四年,6240,"(含工程力学、飞行器设计与工程、低空技术与工程,上述三个专业分流任选)",1_3_0141_5_29
3,普通类本科批,0141,10141,大连理工大学,辽宁,公办,32,082601,生物医学工程,(高校专项计划),2,04,物理,A,化学,四年,6240,"(不招色盲、色弱考生)(特控线上录取)(教育部高校专项计划,只投档符合报考条件的考生)",1_3_0141_5_32
3,普通类本科批,0141,10141,大连理工大学,辽宁,公办,34,083001,生物工程,(高校专项计划),2,04,物理,A,化学,四年,6240,"(不招色盲、色弱考生)(特控线上录取)(教育部高校专项计划,只投档符合报考条件的考生)",1_3_0141_5_34
3,普通类本科批,0141,10141,大连理工大学,辽宁,公办,35,082502,环境工程,(高校专项计划),2,04,物理,A,化学,四年,6240,"(特控线上录取)(教育部高校专项计划,只投档符合报考条件的考生)",1_3_0141_5_35
3,普通类本科批,0141,10141,大连理工大学,辽宁,公办,37,081008,智能建造,(高校专项计划),3,04,物理,A,化学,四年,6240,"(含智能建造、水利水电工程、港口航道与海岸工程、建筑环境与能源应用工程、土木工程,上述五个专业分流任选)(特控线上录取)(教育部高校专项计划,只投档符合报考条件的考生)",1_3_0141_5_37
3,普通类本科批,0141,10141,大连理工大学,辽宁,公办,38,081901,船舶与海洋工程,(高校专项计划),2,04,物理,A,化学,四年,6240,"(特控线上录取)(教育部高校专项计划,只投档符合报考条件的考生)",1_3_0141_5_38
3,普通类本科批,0141,10141,大连理工大学,辽宁,公办,39,080205,工业设计,(高校专项计划),2,04,物理,A,化学,四年,6240,"(特控线上录取)(教育部高校专项计划,只投档符合报考条件的考生)",1_3_0141_5_39
3,普通类本科批,0141,10141,大连理工大学,辽宁,公办,40,0804,材料类(电子信息材料、金属材料工程、功能材料、材料成型及控制工程),(高校专项计划),2,04,物理,A,化学,四年,6240,"(本专业类内分流任选。入校后可选拔进入材料中日精英班)(特控线上录取)(教育部高校专项计划,只投档符合报考条件的考生)",1_3_0141_5_40
3,普通类本科批,0141,10141,大连理工大学,辽宁,公办,51,120108,大数据管理与应用,(高校专项计划),3,04,物理,K,无限制,四年,6240,"(含大数据管理与应用、信息管理与信息系统、金融科技,上述三个专业分流任选)(特控线上录取)(教育部高校专项计划,只投档符合报考条件的考生)",1_3_0141_5_51
3,普通类本科批,0141,10141,大连理工大学,辽宁,公办,61,070202H,应用物理学(中外合作办学),,8,04,物理,A,化学,四年,60000,"(不招色盲考生。与白俄罗斯国立大学合作,零起点学习俄语,部分课程采用英语授课,非英语语种考生慎重报考)",1_3_0141_5_61
3,普通类本科批,0141,10141,大连理工大学,辽宁,公办,62,080102H,工程力学(中外合作办学),,8,04,物理,A,化学,四年,60000,"(与白俄罗斯国立大学合作,零起点学习俄语,部分课程采用英语授课,非英语语种考生慎重报考)",1_3_0141_5_62
3,普通类本科批,0141,10141,大连理工大学,辽宁,公办,63,070101H,数学与应用数学(中外合作办学),,8,04,物理,A,化学,四年,60000,"(与白俄罗斯国立大学合作,零起点学习俄语,部分课程采用英语授课,非英语语种考生慎重报考)",1_3_0141_5_63
3,普通类本科批,0141,10141,大连理工大学,辽宁,公办,64,0809H,计算机类(中外合作办学)[软件工程(中外合作办学)、数字媒体技术(中外合作办学)、物联网工程(中外合作办学)],,58,04,物理,A,化学,四年,98000,"(就读大连开发区校区。与日本立命馆大学合作,零起点学习日语,部分课程采用英语、日语授课,非英语语种考生慎重报考)",1_3_0141_5_64
3,普通类本科批,0141,10141,大连理工大学,辽宁,公办,AA,0807,电子信息类(电子信息工程、计算机科学与技术、未来机器人、自动化、电气工程及其自动化、光电信息科学与工程、生物医学工程),(高校专项计划),2,04,物理,A,化学,四年,6240,"(本专业类内分流任选)(特控线上录取)(教育部高校专项计划,只投档符合报考条件的考生)",1_3_0141_5_AA
3,普通类本科批,0141,10141,大连理工大学,辽宁,公办,AC,0807,电子信息类(民族班)(电子信息工程、计算机科学与技术、未来机器人、自动化、电气工程及其自动化、光电信息科学与工程、生物医学工程),(民族班),3,04,物理,A,化学,四年,6240,(只招少数民族考生)(本专业类内分流任选),1_3_0141_5_AC
3,普通类本科批,0141,10141,大连理工大学,辽宁,公办,AD,080902,软件工程,(高校专项计划),2,04,物理,A,化学,四年,16000,"(就读大连开发区校区。软件工程专业前两年学费5200元/年)(特控线上录取)(教育部高校专项计划,只投档符合报考条件的考生)",1_3_0141_5_AD
3,普通类本科批,0145,10145,东北大学,辽宁,公办,AE,0701,数学类(数学与应用数学、信息与计算科学),,30,04,物理,A,化学,四年,6240,"(入学后部分课程采用英文教材和英语授课,外语语种为非英语的考生请慎重报考)",1_3_0145_5_AE
3,普通类本科批,0145,10145,东北大学,辽宁,公办,AF,080501,能源与动力工程,,5,04,物理,A,化学,四年,6240,,1_3_0145_5_AF
3,普通类本科批,0145,10145,东北大学,辽宁,公办,AG,0804,材料类(材料科学与工程、材料成型及控制工程、材料物理、功能材料),,10,04,物理,A,化学,四年,6240,,1_3_0145_5_AG
3,普通类本科批,0145,10145,东北大学,辽宁,公办,AJ,0802,机械类(机械工程、真空工程与技术、智能车辆工程、工业设计),,50,04,物理,A,化学,四年,6240,,1_3_0145_5_AJ
3,普通类本科批,0145,10145,东北大学,辽宁,公办,AK,080213,智能制造工程,,40,04,物理,A,化学,四年,6240,,1_3_0145_5_AK
3,普通类本科批,0145,10145,东北大学,辽宁,公办,AL,0808,自动化类(自动化、工业智能、电气工程及其自动化、测控技术与仪器、电子科学与技术),,160,04,物理,A,化学,四年,6240,"(入学后部分课程采用英文教材和英语授课,外语语种为非英语的考生请慎重报考)",1_3_0145_5_AL
3,普通类本科批,0145,10145,东北大学,辽宁,公办,AM,080901,计算机科学与技术,,60,04,物理,A,化学,四年,6240,"(入学后部分课程采用英文教材和英语授课,外语语种为非英语的考生请慎重报考)",1_3_0145_5_AM
3,普通类本科批,0145,10145,东北大学,辽宁,公办,AN,080905,物联网工程,,27,04,物理,A,化学,四年,6240,"(入学后部分课程采用英文教材和英语授课,外语语种为非英语的考生请慎重报考)",1_3_0145_5_AN
3,普通类本科批,0145,10145,东北大学,辽宁,公办,AP,0807,电子信息类(电子信息工程、通信工程),,60,04,物理,A,化学,四年,6240,"(入学后部分课程采用英文教材和英语授课,外语语种为非英语的考生请慎重报考)",1_3_0145_5_AP
3,普通类本科批,0145,10145,东北大学,辽宁,公办,AQ,080717,人工智能(知行英才班),,28,04,物理,A,化学,四年,6240,"(入学后部分课程采用英文教材和英语授课,外语语种为非英语的考生请慎重报考)",1_3_0145_5_AQ
3,普通类本科批,0145,10145,东北大学,辽宁,公办,AR,0809,计算机类(软件工程、信息安全、虚拟现实技术),,180,04,物理,A,化学,四年,16000,"(入学后部分课程采用英文教材和英语授课,外语语种为非英语的考生请慎重报考。大一、大二学费为5200元/年,大三、大四学费为16000元/年)",1_3_0145_5_AR
3,普通类本科批,0145,10145,东北大学,辽宁,公办,AS,080902,软件工程(特色班),,20,04,物理,A,化学,四年,16000,"(入学后部分课程采用英文教材和英语授课,外语语种为非英语的考生请慎重报考。大一、大二学费为5200元/年,大三、大四学费为16000元/年)",1_3_0145_5_AS
3,普通类本科批,0145,10145,东北大学,辽宁,公办,AT,082601,生物医学工程,,4,04,物理,A,化学,四年,6240,"(入学后部分课程采用英文教材和英语授课,外语语种为非英语的考生请慎重报考)",1_3_0145_5_AT
3,普通类本科批,0145,10145,东北大学,辽宁,公办,AX,080803,机器人工程,,15,04,物理,A,化学,四年,6240,"(入学后部分课程采用英文教材和英语授课,外语语种为非英语的考生请慎重报考)",1_3_0145_5_AX
3,普通类本科批,0145,10145,东北大学,辽宁,公办,AY,140012,具身智能,,15,04,物理,A,化学,四年,6240,"(入学后部分课程采用英文教材和英语授课,外语语种为非英语的考生请慎重报考)",1_3_0145_5_AY
3,普通类本科批,0145,10145,东北大学,辽宁,公办,AZ,080717,人工智能(未来技术学院),,25,04,物理,A,化学,四年,6240,"(入学后部分课程采用英文教材和英语授课,外语语种为非英语的考生请慎重报考)",1_3_0145_5_AZ
3,普通类本科批,0145,10145,东北大学,辽宁,公办,D5,00201,经济管理试验班(工业工程、信息管理与信息系统、工商管理、会计学、市场营销、金融学、经济学),(高校专项计划),6,04,物理,K,无限制,四年,6240,"(入学后部分课程采用英文教材和英语授课,外语语种为非英语的考生请慎重报考)(特控线上录取)(教育部高校专项计划,只投档符合报考条件的考生)",1_3_0145_5_D5
3,普通类本科批,0145,10145,东北大学,辽宁,公办,DB,00600,工科试验班(2)(矿物加工工程、遥感科学与技术、资源勘查工程、环境工程、安全工程、土木工程),(高校专项计划),7,04,物理,A,化学,四年,6240,"(入学后部分课程采用英文教材和英语授课,外语语种为非英语的考生请慎重报考)(特控线上录取)(教育部高校专项计划,只投档符合报考条件的考生)",1_3_0145_5_DB
3,普通类本科批,0145,10145,东北大学,辽宁,公办,DC,081507,智能采矿工程,(高校专项计划),2,04,物理,A,化学,四年,6240,"(入学后部分课程采用英文教材和英语授课,外语语种为非英语的考生请慎重报考)(特控线上录取)(教育部高校专项计划,只投档符合报考条件的考生)",1_3_0145_5_DC
3,普通类本科批,0145,10145,东北大学,辽宁,公办,DD,00600,工科试验班(1)(冶金工程、环境科学、资源循环科学与工程),(高校专项计划),1,04,物理,A,化学,四年,6240,"(特控线上录取)(教育部高校专项计划,只投档符合报考条件的考生)",1_3_0145_5_DD
3,普通类本科批,0145,10145,东北大学,辽宁,公办,DE,080414,新能源材料与器件,(高校专项计划),1,04,物理,A,化学,四年,6240,"(特控线上录取)(教育部高校专项计划,只投档符合报考条件的考生)",1_3_0145_5_DE
3,普通类本科批,0145,10145,东北大学,辽宁,公办,DF,080501,能源与动力工程,(高校专项计划),1,04,物理,A,化学,四年,6240,"(特控线上录取)(教育部高校专项计划,只投档符合报考条件的考生)",1_3_0145_5_DF
3,普通类本科批,0145,10145,东北大学,辽宁,公办,DG,080503,新能源科学与工程,(高校专项计划),1,04,物理,A,化学,四年,6240,"(特控线上录取)(教育部高校专项计划,只投档符合报考条件的考生)",1_3_0145_5_DG
3,普通类本科批,0145,10145,东北大学,辽宁,公办,DH,0804,材料类(材料科学与工程、材料成型及控制工程、材料物理、功能材料),(高校专项计划),5,04,物理,A,化学,四年,6240,"(特控线上录取)(教育部高校专项计划,只投档符合报考条件的考生)",1_3_0145_5_DH
3,普通类本科批,0145,10145,东北大学,辽宁,公办,DJ,0802,机械类(机械工程、真空工程与技术、智能车辆工程、工业设计),(高校专项计划),1,04,物理,A,化学,四年,6240,"(特控线上录取)(教育部高校专项计划,只投档符合报考条件的考生)",1_3_0145_5_DJ
3,普通类本科批,0145,10145,东北大学,辽宁,公办,DM,080901,计算机科学与技术,(高校专项计划),1,04,物理,A,化学,四年,6240,"(入学后部分课程采用英文教材和英语授课,外语语种为非英语的考生请慎重报考)(特控线上录取)(教育部高校专项计划,只投档符合报考条件的考生)",1_3_0145_5_DM
3,普通类本科批,0145,10145,东北大学,辽宁,公办,DW,0828,建筑类(建筑学、城乡规划),(高校专项计划),3,04,物理,K,无限制,四年,6240,"(特控线上录取)(教育部高校专项计划,只投档符合报考条件的考生)",1_3_0145_5_DW
3,普通类本科批,0145,10145,东北大学,辽宁,公办,MB,00600,工科试验班(2)(民族班)(矿物加工工程、遥感科学与技术、资源勘查工程、环境工程、安全工程、土木工程),(民族班),1,04,物理,A,化学,四年,6240,"(入学后部分课程采用英文教材和英语授课,外语语种为非英语的考生请慎重报考)(只招少数民族考生)",1_3_0145_5_MB
3,普通类本科批,0145,10145,东北大学,辽宁,公办,MD,00600,工科试验班(1)(民族班)(冶金工程、环境科学、资源循环科学与工程),(民族班),1,04,物理,A,化学,四年,6240,(只招少数民族考生),1_3_0145_5_MD
3,普通类本科批,0145,10145,东北大学,辽宁,公办,MM,080901,计算机科学与技术(民族班),(民族班),1,04,物理,A,化学,四年,6240,"(入学后部分课程采用英文教材和英语授课,外语语种为非英语的考生请慎重报考)(只招少数民族考生)",1_3_0145_5_MM
3,普通类本科批,0145,10145,东北大学,辽宁,公办,MN,080905,物联网工程(民族班),(民族班),1,04,物理,A,化学,四年,6240,"(入学后部分课程采用英文教材和英语授课,外语语种为非英语的考生请慎重报考)(只招少数民族考生)",1_3_0145_5_MN
3,普通类本科批,0151,10151,大连海事大学,辽宁,公办,01,0808,自动化类(自动化、电气工程及其自动化、测控技术与仪器),,44,04,物理,A,化学,四年,5200,,1_3_0151_5_01
3,普通类本科批,0151,10151,大连海事大学,辽宁,公办,02,0807,电子信息类(电子信息工程、电子信息科学与技术、通信工程、光电信息科学与工程),,35,04,物理,A,化学,四年,5980,,1_3_0151_5_02
3,普通类本科批,0151,10151,大连海事大学,辽宁,公办,03,0809,计算机类(计算机科学与技术、软件工程、数据科学与大数据技术、网络工程、智能科学与技术),,39,04,物理,A,化学,四年,5200,,1_3_0151_5_03
3,普通类本科批,0151,10151,大连海事大学,辽宁,公办,04,0818,交通运输类(交通运输、物流工程、材料科学与工程、交通工程),,50,04,物理,A,化学,四年,5980,,1_3_0151_5_04
3,普通类本科批,0151,10151,大连海事大学,辽宁,公办,05,1201,管理科学与工程类(信息管理与信息系统、大数据管理与应用、电子商务),,11,04,物理,K,无限制,四年,5200,,1_3_0151_5_05
3,普通类本科批,0151,10151,大连海事大学,辽宁,公办,06,1202,工商管理类(工商管理、财务管理),(高校专项计划),1,04,物理,K,无限制,四年,5200,"(特控线上录取)(教育部高校专项计划,只投档符合报考条件的考生)",1_3_0151_5_06
3,普通类本科批,0151,10151,大连海事大学,辽宁,公办,07,0201,经济学类(经济学、国际经济与贸易),,3,04,物理,K,无限制,四年,5200,,1_3_0151_5_07
3,普通类本科批,0151,10151,大连海事大学,辽宁,公办,08,0802,机械类[机械设计制造及其自动化、船舶与海洋工程、能源与动力工程、救助与打捞工程(海洋智能装备)],,37,04,物理,A,化学,四年,5200,,1_3_0151_5_08
3,普通类本科批,0151,10151,大连海事大学,辽宁,公办,10,0825,环境科学与工程类(环境工程、海洋科学、海洋资源与环境),(高校专项计划),1,04,物理,A,化学,四年,5200,"(特控线上录取)(教育部高校专项计划,只投档符合报考条件的考生)",1_3_0151_5_10
3,普通类本科批,0151,10151,大连海事大学,辽宁,公办,12,120408,海事管理,,5,04,物理,K,无限制,四年,5200,(教学外语课程主要开设英语课),1_3_0151_5_12
3,普通类本科批,0151,10151,大连海事大学,辽宁,公办,16,120604,供应链管理,,4,04,物理,K,无限制,四年,5200,,1_3_0151_5_16
3,普通类本科批,0151,10151,大连海事大学,辽宁,公办,17,081804,轮机工程(陆上专业),,10,04,物理,A,化学,四年,5200,(要求无色盲),1_3_0151_5_17
3,普通类本科批,0151,10151,大连海事大学,辽宁,公办,19,030101,法学,,10,04,物理,K,无限制,四年,5520,,1_3_0151_5_19
3,普通类本科批,0151,10151,大连海事大学,辽宁,公办,24,080905,物联网工程,,8,04,物理,A,化学,四年,5200,,1_3_0151_5_24
3,普通类本科批,0151,10151,大连海事大学,辽宁,公办,25,080717,人工智能,,7,04,物理,A,化学,四年,5200,,1_3_0151_5_25
3,普通类本科批,0151,10151,大连海事大学,辽宁,公办,26,120407,交通管理,,12,04,物理,K,无限制,四年,5980,,1_3_0151_5_26
3,普通类本科批,0151,10151,大连海事大学,辽宁,公办,27,030101,法学(东北财经大学会计学联培项目),,2,04,物理,K,无限制,四年,5520,,1_3_0151_5_27
3,普通类本科批,0151,10151,大连海事大学,辽宁,公办,AB,0808,自动化类(自动化、电气工程及其自动化、测控技术与仪器),(高校专项计划),1,04,物理,A,化学,四年,5200,"(特控线上录取)(教育部高校专项计划,只投档符合报考条件的考生)",1_3_0151_5_AB
3,普通类本科批,0151,10151,大连海事大学,辽宁,公办,AC,0807,电子信息类(电子信息工程、电子信息科学与技术、通信工程、光电信息科学与工程),(高校专项计划),1,04,物理,A,化学,四年,5980,"(特控线上录取)(教育部高校专项计划,只投档符合报考条件的考生)",1_3_0151_5_AC
3,普通类本科批,0151,10151,大连海事大学,辽宁,公办,AD,0809,计算机类(计算机科学与技术、软件工程、数据科学与大数据技术、网络工程、智能科学与技术),(高校专项计划),1,04,物理,A,化学,四年,5200,"(特控线上录取)(教育部高校专项计划,只投档符合报考条件的考生)",1_3_0151_5_AD
3,普通类本科批,0151,10151,大连海事大学,辽宁,公办,AE,0818,交通运输类(交通运输、物流工程、材料科学与工程、交通工程),(高校专项计划),1,04,物理,A,化学,四年,5980,"(特控线上录取)(教育部高校专项计划,只投档符合报考条件的考生)",1_3_0151_5_AE
3,普通类本科批,0151,10151,大连海事大学,辽宁,公办,AF,0802,机械类[机械设计制造及其自动化、船舶与海洋工程、能源与动力工程、救助与打捞工程(海洋智能装备)],(高校专项计划),1,04,物理,A,化学,四年,5200,"(特控线上录取)(教育部高校专项计划,只投档符合报考条件的考生)",1_3_0151_5_AF
3,普通类本科批,0151,10151,大连海事大学,辽宁,公办,AG,120407,交通管理,(高校专项计划),1,04,物理,K,无限制,四年,5980,"(特控线上录取)(教育部高校专项计划,只投档符合报考条件的考生)",1_3_0151_5_AG
3,普通类本科批,0151,10151,大连海事大学,辽宁,公办,W1,080701H,电子信息工程(中外合作办学),,12,04,物理,A,化学,四年,80000,"(外方合作学校为英国思克莱德大学,非英语语种考生慎报)",1_3_0151_5_W1
3,普通类本科批,0151,10151,大连海事大学,辽宁,公办,W2,080202H,机械设计制造及其自动化(中外合作办学),,12,04,物理,A,化学,四年,80000,"(外方合作学校为英国思克莱德大学,非英语语种考生慎报)",1_3_0151_5_W2
3,普通类本科批,0151,10151,大连海事大学,辽宁,公办,W3,081901H,船舶与海洋工程(中外合作办学),,12,04,物理,A,化学,四年,80000,"(外方合作学校为英国思克莱德大学,非英语语种考生慎报)",1_3_0151_5_W3
3,普通类本科批,0151,10151,大连海事大学,辽宁,公办,W4,030101H,法学(中外合作办学),,4,04,物理,K,无限制,四年,90000,"(外方合作学校为英国斯旺西大学,非英语语种考生慎报)",1_3_0151_5_W4
3,普通类本科批,0183,10183,吉林大学,吉林,公办,01,00700,理科试验班(唐敖庆班)(物理学类、化学类、生物科学类),,2,04,物理,A,化学,四年,6320,,1_3_0183_5_01
3,普通类本科批,0183,10183,吉林大学,吉林,公办,02,00700,理科试验班(唐敖庆班)(数学类、计算机科学与技术),,2,04,物理,A,化学,四年,6320,,1_3_0183_5_02
3,普通类本科批,0183,10183,吉林大学,吉林,公办,15,050201,英语,,2,04,物理,K,无限制,四年,5810,(招收英语考生),1_3_0183_5_15
3,普通类本科批,0183,10183,吉林大学,吉林,公办,52,020101,"经济学(匡亚明班,拔尖学生培养基地)",,1,04,物理,K,无限制,四年,6070,,1_3_0183_5_52
3,普通类本科批,0183,10183,吉林大学,吉林,公办,53,0201,经济学类(经济学、财政学、国际经济与贸易、金融学),,3,04,物理,K,无限制,四年,6070,,1_3_0183_5_53
3,普通类本科批,0183,10183,吉林大学,吉林,公办,55,030101,法学(涉外法治人才试验班),,1,04,物理,K,无限制,四年,6070,,1_3_0183_5_55
3,普通类本科批,0183,10183,吉林大学,吉林,公办,56,030101,法学,,4,04,物理,K,无限制,四年,6070,,1_3_0183_5_56
3,普通类本科批,0183,10183,吉林大学,吉林,公办,57,030201,政治学与行政学,,2,04,物理,C,C,四年,6070,"(按大类招生,含政治学与行政学、国际政治、行政管理专业)",1_3_0183_5_57
3,普通类本科批,0183,10183,吉林大学,吉林,公办,58,120203,会计学,,12,04,物理,K,无限制,四年,5520,"[按大类招生,含会计学、财务管理专业(含数智化决策培养方向)]",1_3_0183_5_58
3,普通类本科批,0183,10183,吉林大学,吉林,公办,59,020310,金融科技,,3,04,物理,K,无限制,四年,5520,,1_3_0183_5_59
3,普通类本科批,0183,10183,吉林大学,吉林,公办,60,020101,经济学(数量经济),,3,04,物理,K,无限制,四年,6070,,1_3_0183_5_60
3,普通类本科批,0183,10183,吉林大学,吉林,公办,61,120201,工商管理,,3,04,物理,K,无限制,四年,8500,(工商管理-国际经济与贸易双学士学位复合型人才培养项目：商学与管理学院和经济学院联合建设),1_3_0183_5_61
3,普通类本科批,0183,10183,吉林大学,吉林,公办,62,120201,工商管理(吕振羽班),,2,04,物理,K,无限制,四年,6070,,1_3_0183_5_62
3,普通类本科批,0183,10183,吉林大学,吉林,公办,63,120201,工商管理,,2,04,物理,K,无限制,四年,8500,(工商管理-法学双学士学位复合型人才培养项目：商学与管理学院和法学院联合建设),1_3_0183_5_63
3,普通类本科批,0183,10183,吉林大学,吉林,公办,64,120202,市场营销,,3,04,物理,K,无限制,四年,8800,(市场营销-数据科学与大数据技术双学士学位复合型人才培养项目：商学与管理学院和软件学院联合建设),1_3_0183_5_64
3,普通类本科批,0183,10183,吉林大学,吉林,公办,65,120206,人力资源管理,,7,04,物理,K,无限制,四年,6070,,1_3_0183_5_65
3,普通类本科批,0183,10183,吉林大学,吉林,公办,66,120601,物流管理,,2,04,物理,K,无限制,四年,8800,(物流管理-计算机科学与技术双学士学位复合型人才培养项目：商学与管理学院和计算机科学与技术学院联合建设),1_3_0183_5_66
3,普通类本科批,0183,10183,吉林大学,吉林,公办,67,120108,大数据管理与应用,,2,04,物理,K,无限制,四年,8500,(大数据管理与应用-法学双学士学位复合型人才培养项目：商学与管理学院和法学院联合建设),1_3_0183_5_67
3,普通类本科批,0183,10183,吉林大学,吉林,公办,68,120103,工程管理,,3,04,物理,K,无限制,四年,8800,(工程管理-智能制造工程双学士学位复合型人才培养项目：商学与管理学院和机械与航空航天工程学院联合建设),1_3_0183_5_68
3,普通类本科批,0183,10183,吉林大学,吉林,公办,69,1201,管理科学与工程类(信息管理与信息系统、大数据管理与应用),,10,04,物理,K,无限制,四年,6070,(大数据管理与应用专业培养特色方向为：数据资源与数据智能。信息管理与信息系统专业培养特色方向为：信息系统与数智化管理),1_3_0183_5_69
3,普通类本科批,0183,10183,吉林大学,吉林,公办,70,120502,档案学(档案数据工程),,2,04,物理,K,无限制,四年,6070,,1_3_0183_5_70
3,普通类本科批,0183,10183,吉林大学,吉林,公办,75,020101,经济学(国别与区域经济),,4,04,物理,K,无限制,四年,6070,,1_3_0183_5_75
3,普通类本科批,0183,10183,吉林大学,吉林,公办,78,0701,数学类(数学与应用数学、信息与计算科学、统计学),,8,04,物理,A,化学,四年,6320,,1_3_0183_5_78
3,普通类本科批,0183,10183,吉林大学,吉林,公办,80,0702,物理学类(物理学、应用物理学),,8,04,物理,A,化学,四年,6320,,1_3_0183_5_80
3,普通类本科批,0183,10183,吉林大学,吉林,公办,83,070201,物理学(量子科技英才特色班),,1,04,物理,A,化学,四年,6320,,1_3_0183_5_83
3,普通类本科批,0183,10183,吉林大学,吉林,公办,84,070201H,物理学(中外合作办学),,5,04,物理,A,化学,四年,39000,"(第4年在俄罗斯托姆斯克理工大学学习,学费外方收取)",1_3_0183_5_84
3,普通类本科批,0183,10183,吉林大学,吉林,公办,85,0703,化学类(化学、应用化学、材料化学、高分子材料与工程、化学工程与工艺),,16,04,物理,A,化学,四年,6320,(宜英语语种考生就读),1_3_0183_5_85
3,普通类本科批,0183,10183,吉林大学,吉林,公办,87,0710,生物科学类(生物科学、生物技术、生物制药),,12,04,物理,A,化学,四年,6320,,1_3_0183_5_87
3,普通类本科批,0183,10183,吉林大学,吉林,公办,88,080201,机械工程(饶斌班),,2,04,物理,A,化学,四年,6830,,1_3_0183_5_88
3,普通类本科批,0183,10183,吉林大学,吉林,公办,89,080201,机械工程,,6,04,物理,A,化学,四年,6830,,1_3_0183_5_89
3,普通类本科批,0183,10183,吉林大学,吉林,公办,90,120701,工业工程,,6,04,物理,A,化学,四年,6070,,1_3_0183_5_90
3,普通类本科批,0183,10183,吉林大学,吉林,公办,91,080102,工程力学,,2,04,物理,A,化学,四年,6830,,1_3_0183_5_91
3,普通类本科批,0183,10183,吉林大学,吉林,公办,92,080213,智能制造工程,,2,04,物理,A,化学,四年,6830,,1_3_0183_5_92
3,普通类本科批,0183,10183,吉林大学,吉林,公办,93,080207,车辆工程(饶斌班),,1,04,物理,A,化学,四年,6830,(智能电动车辆工程方向),1_3_0183_5_93
3,普通类本科批,0183,10183,吉林大学,吉林,公办,94,080207,车辆工程(具身数智车辆),,2,04,物理,A,化学,四年,6830,,1_3_0183_5_94
3,普通类本科批,0183,10183,吉林大学,吉林,公办,95,080207,车辆工程,,7,04,物理,A,化学,四年,6830,(含新能源汽车和智能汽车方向),1_3_0183_5_95
3,普通类本科批,0183,10183,吉林大学,吉林,公办,96,080205,工业设计(低空运载工具),,1,04,物理,A,化学,四年,6830,,1_3_0183_5_96
3,普通类本科批,0183,10183,吉林大学,吉林,公办,97,080205,工业设计,,10,04,物理,A,化学,四年,6830,(含汽车造型与结构方向),1_3_0183_5_97
3,普通类本科批,0183,10183,吉林大学,吉林,公办,98,080501,能源与动力工程,,11,04,物理,A,化学,四年,6830,,1_3_0183_5_98
3,普通类本科批,0183,10183,吉林大学,吉林,公办,99,0804,材料类(材料科学与工程、无机非金属材料工程、材料成型及控制工程),,9,04,物理,A,化学,四年,6830,,1_3_0183_5_99
3,普通类本科批,0183,10183,吉林大学,吉林,公办,9A,080402,材料物理,,12,04,物理,A,化学,四年,6830,,1_3_0183_5_9A
3,普通类本科批,0183,10183,吉林大学,吉林,公办,9B,0818,交通运输类(交通运输、交通工程),,11,04,物理,A,化学,四年,6830,,1_3_0183_5_9B
3,普通类本科批,0183,10183,吉林大学,吉林,公办,9J,080215,仿生科学与工程,,3,04,物理,A,化学,四年,6830,,1_3_0183_5_9J
3,普通类本科批,0183,10183,吉林大学,吉林,公办,9K,0807,电子信息类(电子科学与技术、微电子科学与工程、电子信息科学与技术),,38,04,物理,A,化学,四年,6830,,1_3_0183_5_9K
3,普通类本科批,0183,10183,吉林大学,吉林,公办,9L,080710,集成电路设计与集成系统(集成电路科技英才特色班),,1,04,物理,A,化学,四年,6210,,1_3_0183_5_9L
3,普通类本科批,0183,10183,吉林大学,吉林,公办,9M,080710,集成电路设计与集成系统,,5,04,物理,A,化学,四年,6210,,1_3_0183_5_9M
3,普通类本科批,0183,10183,吉林大学,吉林,公办,9N,080703,通信工程,,7,04,物理,A,化学,四年,6830,,1_3_0183_5_9N
3,普通类本科批,0183,10183,吉林大学,吉林,公办,9P,080706,信息工程,,4,04,物理,A,化学,四年,6830,,1_3_0183_5_9P
3,普通类本科批,0183,10183,吉林大学,吉林,公办,9Q,080908,空间信息与数字技术,,3,04,物理,A,化学,四年,6830,,1_3_0183_5_9Q
3,普通类本科批,0183,10183,吉林大学,吉林,公办,9R,080801,自动化,,3,04,物理,A,化学,四年,6830,,1_3_0183_5_9R
3,普通类本科批,0183,10183,吉林大学,吉林,公办,9S,080803,机器人工程,,1,04,物理,A,化学,四年,6210,,1_3_0183_5_9S
3,普通类本科批,0183,10183,吉林大学,吉林,公办,9T,080901,计算机科学与技术,,23,04,物理,A,化学,四年,6830,(宜英语语种考生就读),1_3_0183_5_9T
3,普通类本科批,0183,10183,吉林大学,吉林,公办,9U,080905,物联网工程,,4,04,物理,A,化学,四年,6830,(宜英语语种考生就读),1_3_0183_5_9U
3,普通类本科批,0183,10183,吉林大学,吉林,公办,9V,080911,网络空间安全,,2,04,物理,A,化学,四年,6830,(宜英语语种考生就读),1_3_0183_5_9V
3,普通类本科批,0183,10183,吉林大学,吉林,公办,9W,080911,网络空间安全(王湘浩班),,2,04,物理,A,化学,四年,6830,(宜英语语种考生就读),1_3_0183_5_9W
3,普通类本科批,0183,10183,吉林大学,吉林,公办,9X,080902,软件工程,,33,04,物理,A,化学,四年,6830,(宜英语语种考生就读。第3、4年学费共28000元),1_3_0183_5_9X
3,普通类本科批,0183,10183,吉林大学,吉林,公办,9Y,080910,数据科学与大数据技术,,8,04,物理,A,化学,四年,6830,(宜英语语种考生就读。第3、4年学费共28000元),1_3_0183_5_9Y
3,普通类本科批,0183,10183,吉林大学,吉林,公办,AA,0814,地质类(地质学、资源勘查工程、土地资源管理),,8,04,物理,A,化学,四年,6070,"(实行“类内专业分流任选”,100%按照学生意愿分流)",1_3_0183_5_AA
3,普通类本科批,0183,10183,吉林大学,吉林,公办,AC,91AA,材料类(少数民族预科班),,2,04,物理,A,化学,一年,5000,(含材料科学与工程、无机非金属材料工程、材料成型及控制工程)(一年后分流),1_3_0183_5_AC
3,普通类本科批,0183,10183,吉林大学,吉林,公办,AD,081402,勘查技术与工程,,9,04,物理,A,化学,四年,6320,"(按大类招生,包含勘查技术与工程、地球物理学、地理信息科学、测绘工程专业。实行“类内专业分流任选”,100%按照学生意愿分流)",1_3_0183_5_AD
3,普通类本科批,0183,10183,吉林大学,吉林,公办,AE,0814,地质类(地质学、资源勘查工程、土地资源管理),(高校专项计划),2,04,物理,A,化学,四年,6070,"(实行“类内专业分流任选”,100%按照学生意愿分流)(特控线上录取)(教育部高校专项计划,只投档符合报考条件的考生)",1_3_0183_5_AE
3,普通类本科批,0183,10183,吉林大学,吉林,公办,AF,0825,环境科学与工程类(环境科学、环境工程),(高校专项计划),2,04,物理,A,化学,四年,6830,"(实行“类内专业分流任选”,100%按照学生意愿分流)(特控线上录取)(教育部高校专项计划,只投档符合报考条件的考生)",1_3_0183_5_AF
3,普通类本科批,0183,10183,吉林大学,吉林,公办,AG,090301,动物科学,(农林类)(高校专项计划),2,04,物理,A,化学,四年,6320,"(特控线上录取)(教育部高校专项计划,只投档符合报考条件的考生)",1_3_0183_5_AG
3,普通类本科批,0183,10183,吉林大学,吉林,公办,AH,0810,土木类(土木工程、地质工程),,11,04,物理,A,化学,四年,6830,"(实行“类内专业分流任选”,100%按照学生意愿分流)",1_3_0183_5_AH
3,普通类本科批,0183,10183,吉林大学,吉林,公办,AJ,081404,地下水科学与工程(黄大年班),,1,04,物理,A,化学,四年,6830,,1_3_0183_5_AJ
3,普通类本科批,0183,10183,吉林大学,吉林,公办,AL,0825,环境科学与工程类(环境科学、环境工程),,4,04,物理,A,化学,四年,6830,"(实行“类内专业分流任选”,100%按照学生意愿分流)",1_3_0183_5_AL
3,普通类本科批,0183,10183,吉林大学,吉林,公办,AM,080503,新能源科学与工程,,1,04,物理,A,化学,四年,6210,,1_3_0183_5_AM
3,普通类本科批,0183,10183,吉林大学,吉林,公办,AP,0803,仪器类(测控技术与仪器、智能感知工程),,8,04,物理,A,化学,四年,6210,,1_3_0183_5_AP
3,普通类本科批,0183,10183,吉林大学,吉林,公办,AQ,080601,电气工程及其自动化,,3,04,物理,A,化学,四年,6830,,1_3_0183_5_AQ
3,普通类本科批,0183,10183,吉林大学,吉林,公办,AR,100103,生物医学科学(白求恩班),,1,04,物理,A,化学,四年,6440,,1_3_0183_5_AR
3,普通类本科批,0183,10183,吉林大学,吉林,公办,AS,100103,生物医学科学,,2,04,物理,A,化学,四年,6440,,1_3_0183_5_AS
3,普通类本科批,0183,10183,吉林大学,吉林,公办,AT,100206,放射医学,,2,04,物理,A,化学,五年,7080,,1_3_0183_5_AT
3,普通类本科批,0183,10183,吉林大学,吉林,公办,AU,100401,预防医学,,2,04,物理,A,化学,五年,7080,,1_3_0183_5_AU
3,普通类本科批,0183,10183,吉林大学,吉林,公办,AV,100701,药学(生物医药菁英特色班),,2,04,物理,A,化学,四年,7080,,1_3_0183_5_AV
3,普通类本科批,0183,10183,吉林大学,吉林,公办,AW,100701,药学,,2,04,物理,A,化学,四年,7080,,1_3_0183_5_AW
3,普通类本科批,0183,10183,吉林大学,吉林,公办,AX,100703,临床药学,,4,04,物理,A,化学,五年,7080,,1_3_0183_5_AX
3,普通类本科批,0183,10183,吉林大学,吉林,公办,AZ,101101,护理学,,3,04,物理,A,化学,四年,7080,,1_3_0183_5_AZ
3,普通类本科批,0183,10183,吉林大学,吉林,公办,BA,100201,临床医学(5+3一体化),,3,04,物理,A,化学,五年,7080,(宜英语语种考生就读),1_3_0183_5_BA
3,普通类本科批,0183,10183,吉林大学,吉林,公办,BB,100201,临床医学(白求恩班),,3,04,物理,A,化学,五年,7080,(宜英语语种考生就读),1_3_0183_5_BB
3,普通类本科批,0183,10183,吉林大学,吉林,公办,BC,100201,"临床医学(5+3一体化,儿科学)",,2,04,物理,A,化学,五年,7080,(宜英语语种考生就读),1_3_0183_5_BC
3,普通类本科批,0183,10183,吉林大学,吉林,公办,BD,100201,临床医学,,9,04,物理,A,化学,五年,7080,(宜英语语种考生就读),1_3_0183_5_BD
3,普通类本科批,0183,10183,吉林大学,吉林,公办,BE,100301,口腔医学(5+3一体化),,2,04,物理,A,化学,五年,7080,,1_3_0183_5_BE
3,普通类本科批,0183,10183,吉林大学,吉林,公办,BF,100301,口腔医学,,2,04,物理,A,化学,五年,7080,,1_3_0183_5_BF
3,普通类本科批,0183,10183,吉林大学,吉林,公办,BH,090401,动物医学,(农林类),14,04,物理,A,化学,五年,6320,,1_3_0183_5_BH
3,普通类本科批,0183,10183,吉林大学,吉林,公办,BJ,090116,生物育种科学,(农林类),5,04,物理,E,地理,四年,5750,,1_3_0183_5_BJ
3,普通类本科批,0183,10183,吉林大学,吉林,公办,BK,0901,植物生产类(农学、植物保护、农业资源与环境),(农林类),10,04,物理,E,地理,四年,6320,,1_3_0183_5_BK
3,普通类本科批,0183,10183,吉林大学,吉林,公办,BL,090301,动物科学,(农林类),11,04,物理,A,化学,四年,6320,,1_3_0183_5_BL
3,普通类本科批,0183,10183,吉林大学,吉林,公办,BM,0827,食品科学与工程类(食品科学与工程、食品质量与安全),,8,04,物理,A,化学,四年,6830,,1_3_0183_5_BM
3,普通类本科批,0183,10183,吉林大学,吉林,公办,BN,080717,人工智能(王湘浩班),,1,04,物理,A,化学,四年,6830,(宜英语语种考生就读),1_3_0183_5_BN
3,普通类本科批,0183,10183,吉林大学,吉林,公办,BP,080717,人工智能,,5,04,物理,A,化学,四年,6830,(宜英语语种考生就读),1_3_0183_5_BP
3,普通类本科批,0183,10183,吉林大学,吉林,公办,BQ,070101H,数学与应用数学(中外合作办学),,5,04,物理,A,化学,四年,80000,"(第4年在加拿大阿尔伯塔大学学习,学费外方收取)",1_3_0183_5_BQ
3,普通类本科批,0184,10184,延边大学,吉林,公办,29,080701,电子信息工程,,2,04,物理,A,化学,四年,5940,,1_3_0184_5_29
3,普通类本科批,0184,10184,延边大学,吉林,公办,30,080703,通信工程,,2,04,物理,A,化学,四年,5400,,1_3_0184_5_30
3,普通类本科批,0184,10184,延边大学,吉林,公办,31,080901,计算机科学与技术,,2,04,物理,A,化学,四年,5940,,1_3_0184_5_31
3,普通类本科批,0184,10184,延边大学,吉林,公办,32,080717,人工智能,,2,04,物理,A,化学,四年,5400,,1_3_0184_5_32
3,普通类本科批,0184,10184,延边大学,吉林,公办,33,080202,机械设计制造及其自动化,,2,04,物理,A,化学,四年,5400,,1_3_0184_5_33
3,普通类本科批,0184,10184,延边大学,吉林,公办,35,081001,土木工程,,2,04,物理,A,化学,四年,5940,,1_3_0184_5_35
3,普通类本科批,0184,10184,延边大学,吉林,公办,36,101101,护理学,,2,04,物理,B,生物,四年,6160,,1_3_0184_5_36
3,普通类本科批,0184,10184,延边大学,吉林,公办,37,120201,工商管理,,2,04,物理,K,无限制,四年,5280,(在珲春校区办学),1_3_0184_5_37
3,普通类本科批,0184,10184,延边大学,吉林,公办,38,120203,会计学,,2,04,物理,K,无限制,四年,4800,(在珲春校区办学),1_3_0184_5_38
3,普通类本科批,0184,10184,延边大学,吉林,公办,39,0201,经济学类(经济学、国际经济与贸易),,2,04,物理,K,无限制,四年,4800,(第一学年末分流。在珲春校区办学),1_3_0184_5_39
3,普通类本科批,0184,10184,延边大学,吉林,公办,41,120901,旅游管理,,2,04,物理,K,无限制,四年,5280,(在珲春校区办学),1_3_0184_5_41
3,普通类本科批,0184,10184,延边大学,吉林,公办,42,0705,地理科学类(地理科学、地理信息科学),,2,04,物理,D,D,四年,5000,(第一学年末分流。地理科学专业为师范。在珲春校区办学),1_3_0184_5_42
3,普通类本科批,0184,10184,延边大学,吉林,公办,43,082503,环境科学,,2,04,物理,A,化学,四年,5400,(在珲春校区办学),1_3_0184_5_43
3,普通类本科批,0184,10184,延边大学,吉林,公办,44,0703,化学类(化学、应用化学),,2,04,物理,A,化学,四年,5000,(第一学年末分流。化学专业为师范),1_3_0184_5_44
3,普通类本科批,0184,10184,延边大学,吉林,公办,45,0701,数学类(数学与应用数学、统计学),,2,04,物理,A,化学,四年,5000,"(数学与应用数学含师范、非师范,第一学年末分流)",1_3_0184_5_45
3,普通类本科批,0184,10184,延边大学,吉林,公办,46,070201,物理学,,2,04,物理,A,化学,四年,5500,(含师范、非师范。第一学年末分流),1_3_0184_5_46
3,普通类本科批,0184,10184,延边大学,吉林,公办,47,090301,动物科学,,10,04,物理,A,化学,四年,5500,,1_3_0184_5_47
3,普通类本科批,0184,10184,延边大学,吉林,公办,48,090401,动物医学,,4,04,物理,A,化学,五年,5000,,1_3_0184_5_48
3,普通类本科批,0184,10184,延边大学,吉林,公办,49,071002,生物技术,,4,04,物理,A,化学,四年,5000,,1_3_0184_5_49
3,普通类本科批,0184,10184,延边大学,吉林,公办,50,082701,食品科学与工程,,4,04,物理,A,化学,四年,5940,,1_3_0184_5_50
3,普通类本科批,0184,10184,延边大学,吉林,公办,51,0901,植物生产类(农学、园艺),,10,04,物理,A,化学,四年,5000,(第一学年末分流),1_3_0184_5_51
3,普通类本科批,0184,10184,延边大学,吉林,公办,57,040104,教育技术学(师范),(师范类),4,04,物理,K,无限制,四年,4800,,1_3_0184_5_57
3,普通类本科批,0184,10184,延边大学,吉林,公办,70,090502,园林,,10,04,物理,B,生物,四年,5000,,1_3_0184_5_70
3,普通类本科批,0184,10184,延边大学,吉林,公办,91,91AA,少数民族预科班,,5,04,物理,K,无限制,一年,5000,"(预科阶段在珲春校区培养,一年后分流)",1_3_0184_5_91
3,普通类本科批,0184,10184,延边大学,吉林,公办,E6,0401,教育学类(小学教育、学前教育)(师范),(师范类),3,04,物理,K,无限制,四年,4800,(第一学期末分流),1_3_0184_5_E6
3,普通类本科批,0184,10184,延边大学,吉林,公办,F2,1007,药学类(药学、药物制剂),,3,04,物理,A,化学,四年,5600,(第三学期末分流),1_3_0184_5_F2
3,普通类本科批,0184,10184,延边大学,吉林,公办,F4,100201,临床医学,,2,04,物理,A,化学,五年,6160,,1_3_0184_5_F4
3,普通类本科批,0184,10184,延边大学,吉林,公办,F7,100501,中医学,,2,04,物理,B,生物,五年,5600,,1_3_0184_5_F7
3,普通类本科批,0184,10184,延边大学,吉林,公办,LD,080703H,通信工程(中外合作办学),,2,04,物理,A,化学,四年,24000,(与韩国湖西大学合作办学),1_3_0184_5_LD
3,普通类本科批,0184,10184,延边大学,吉林,公办,LE,020101H,经济学(中外合作办学),,2,04,物理,K,无限制,四年,23000,"(与韩国崇实大学合作办学,培养金融学方向专业人才。宜英语考生报考。在珲春校区办学)",1_3_0184_5_LE
3,普通类本科批,0200,10200,东北师范大学,吉林,公办,91,91AA,物理学类(少数民族预科班),,1,04,物理,A,化学,一年,5000,[包含物理学(师范)、电子信息科学与技术、材料物理专业](培养地点:东北师范大学),1_3_0200_5_91
3,普通类本科批,0200,10200,东北师范大学,吉林,公办,BD,070301,化学(师范),(师范类),4,04,物理,A,化学,四年,6320,,1_3_0200_5_BD
3,普通类本科批,0200,10200,东北师范大学,吉林,公办,C4,0809,"计算机类[计算机科学与技术、数据科学与大数据技术、人工智能、教育技术学(智能教育,师范)、人工智能教育(师范)]",,4,04,物理,A,化学,四年,5520,,1_3_0200_5_C4
3,普通类本科批,0200,10200,东北师范大学,吉林,公办,C5,0702,物理学类[物理学(师范)、电子信息科学与技术、材料物理],,3,04,物理,A,化学,四年,6320,,1_3_0200_5_C5
3,普通类本科批,0200,10200,东北师范大学,吉林,公办,C8,0825,环境科学与工程类(环境科学、环境工程、生态学),(高校专项计划),2,04,物理,A,化学,四年,6320,"(特控线上录取)(教育部高校专项计划,只投档符合报考条件的考生)",1_3_0200_5_C8
3,普通类本科批,0200,10200,东北师范大学,吉林,公办,E1,070101,数学与应用数学(陆家羲试验班)(师范),(师范类),3,04,物理,A,化学,四年,6320,,1_3_0200_5_E1
3,普通类本科批,0200,10200,东北师范大学,吉林,公办,E2,071201,统计学(数智试验班),,3,04,物理,A,化学,四年,6320,,1_3_0200_5_E2
3,普通类本科批,0200,10200,东北师范大学,吉林,公办,E3,070201,物理学(陆家羲试验班)(师范),(师范类),4,04,物理,A,化学,四年,6320,,1_3_0200_5_E3
3,普通类本科批,0200,10200,东北师范大学,吉林,公办,E4,070301,化学(郑汝骊试验班)(师范),(师范类),3,04,物理,A,化学,四年,6320,,1_3_0200_5_E4
3,普通类本科批,0200,10200,东北师范大学,吉林,公办,E5,071001,生物科学(郝水试验班)(师范),(师范类),3,04,物理,A,化学,四年,6320,,1_3_0200_5_E5
3,普通类本科批,0200,10200,东北师范大学,吉林,公办,F2,020101,经济学,,4,04,物理,K,无限制,四年,6070,(经济学-统计学双学士学位复合型人才培养项目),1_3_0200_5_F2
3,普通类本科批,0200,10200,东北师范大学,吉林,公办,G3,080901H,计算机科学与技术(中外合作办学),,3,04,物理,A,化学,四年,26000,,1_3_0200_5_G3
3,普通类本科批,0200,10200,东北师范大学,吉林,公办,G4,020301H,金融学(中外合作办学),,5,04,物理,K,无限制,四年,60000,,1_3_0200_5_G4
3,普通类本科批,0200,10200,东北师范大学,吉林,公办,G5,120601H,物流管理(中外合作办学),,7,04,物理,K,无限制,四年,60000,,1_3_0200_5_G5
3,普通类本科批,0200,10200,东北师范大学,吉林,公办,G6,120202H,市场营销(中外合作办学),,2,04,物理,K,无限制,四年,60000,,1_3_0200_5_G6
3,普通类本科批,0213,10213,哈尔滨工业大学,黑龙江,公办,02,00600,工科试验班(尖班、港大优学班)(自动化、人工智能、复合材料与工程、工程力学、材料科学与工程、机械设计制造及其自动化、机器人工程、飞行器制造工程、环境工程、精密仪器、测控技术与仪器、智能材料与结构、智能装备与系统),,2,04,物理,A,化学,四年,5500,"(本专业类内任选专业,两班型任选其一,培养方式详见学校招生官网)",1_3_0213_5_02
3,普通类本科批,0213,10213,哈尔滨工业大学,黑龙江,公办,08,00600,工科试验班(院士特色班)(通信工程、电子信息工程、信息对抗技术、智能科学与技术、自动化、智能装备与系统、飞行器设计与工程、复合材料与工程、工程力学、智能材料与结构、材料科学与工程、焊接技术与工程、飞行器制造工程、机器人工程、机械设计制造及其自动化、智能制造工程、仿生科学与工程),,13,04,物理,A,化学,四年,5500,"(含永坦班、善义班、小卫星班、智能机器人班、尖端仪器班,院士担任班主任,相关领域内专业任选,一生一策,培养方式详见学校招生官网)",1_3_0213_5_08
3,普通类本科批,0213,10213,哈尔滨工业大学,黑龙江,公办,09,00600,工科试验班(未来技术拔尖班)(自动化、人工智能、具身智能、计算机科学与技术、电子信息工程、机器人工程、焊接技术与工程、电气工程及其自动化、脑机科学与技术、集成电路设计与集成系统、智能科学与技术、智能制造工程、仿生科学与工程、智能感知工程),,6,04,物理,A,化学,四年,5500,"(校本部理工专业任选,未来技术学院培养、书院制管理,一生一策,培养方式详见学校招生官网)",1_3_0213_5_09
3,普通类本科批,0213,10213,哈尔滨工业大学,黑龙江,公办,14,120108H,大数据管理与应用(中外合作办学),,8,04,物理,K,无限制,四年,78000,"(该专业是与法国里昂商学院合作。学生入学后不得转专业,“4+0”培养,中英文授课)",1_3_0213_5_14
3,普通类本科批,0213,10213,哈尔滨工业大学,黑龙江,公办,15,082807H,智慧建筑与建造(中外合作办学),,7,04,物理,K,无限制,四年,70000,"(该专业与意大利都灵理工大学合作。学生入学后不得转专业,“4+0”培养,中英文授课)",1_3_0213_5_15
3,普通类本科批,0213,10213,哈尔滨工业大学,黑龙江,公办,16,070101H,数学与应用数学(中外合作办学),,10,04,物理,A,化学,四年,68000,"(该专业是与俄罗斯圣彼得堡国立大学合作。学生入学后不得转专业,“4+0”培养,中英文授课)",1_3_0213_5_16
3,普通类本科批,0213,10213,哈尔滨工业大学,黑龙江,公办,17,070202H,应用物理学(中外合作办学),,10,04,物理,A,化学,四年,68000,"(该专业是与俄罗斯圣彼得堡国立大学合作。学生入学后不得转专业,“4+0”培养,中英文授课)",1_3_0213_5_17
3,普通类本科批,0213,10213,哈尔滨工业大学,黑龙江,公办,18,070301H,化学(中外合作办学),,10,04,物理,A,化学,四年,68000,"(该专业是与俄罗斯圣彼得堡国立大学合作。学生入学后不得转专业,“4+0”培养,中英文授课)",1_3_0213_5_18
3,普通类本科批,0213,10213,哈尔滨工业大学,黑龙江,公办,19,071002H,生物技术(中外合作办学),,2,04,物理,A,化学,四年,68000,"(该专业是与俄罗斯圣彼得堡国立大学合作。学生入学后不得转专业,“4+0”培养,中英文授课)",1_3_0213_5_19
3,普通类本科批,0213,10213,哈尔滨工业大学,黑龙江,公办,26,00600,工科试验班(未来能源)[储能科学与工程、能源与动力工程、核工程与核技术、飞行器动力工程、电气工程及其自动化、能源互联网工程、建筑环境与能源应用工程、化学工程与工艺、应用化学、材料科学与工程、计算金融、城市水系统工程(大数据双学位培养)、生物工程、环境工程],(高校专项计划),3,04,物理,A,化学,四年,5500,"(本专业类内任选专业。考生投档成绩若在我校本科普通类统招录取投档分数线以上的,按照学校规定享有申请转专业机会)(特控线上录取)(教育部高校专项计划,只投档符合报考条件的考生)",1_3_0213_5_26
3,普通类本科批,0213,10213,哈尔滨工业大学,黑龙江,公办,27,00600,工科试验班(未来城市)[城市更新、智能建造、城市水系统工程(大数据双学位培养)、给排水科学与工程、智慧交通、交通工程、能源互联网工程、建筑环境与能源应用工程、道路桥梁与渡河工程、城市地下空间工程、土木工程、环境工程、环境科学、统计学],(高校专项计划),3,04,物理,A,化学,四年,5500,"(本专业类内任选专业。考生投档成绩若在我校本科普通类统招录取投档分数线以上的,按照学校规定享有申请转专业机会)(特控线上录取)(教育部高校专项计划,只投档符合报考条件的考生)",1_3_0213_5_27
3,普通类本科批,0217,10217,哈尔滨工程大学,黑龙江,公办,11,0819,海洋工程类(船舶与海洋工程、海洋机器人、港口航道与海岸工程、轮机工程、能源与动力工程、机械设计制造及其自动化、智能制造工程),,26,04,物理,A,化学,四年,5500,"(内含船舶与海洋工程、海洋机器人、港口航道与海岸工程、轮机工程、能源与动力工程、机械设计制造及其自动化、智能制造工程7个专业,本专业类内任选专业)",1_3_0217_5_11
3,普通类本科批,0217,10217,哈尔滨工程大学,黑龙江,公办,12,0820,航空航天类(低空技术与工程、飞行器设计与工程、飞行器动力工程、工程力学、能源与动力工程),,25,04,物理,A,化学,四年,5500,"(内含低空技术与工程、飞行器设计与工程、飞行器动力工程、工程力学、能源与动力工程5个专业,本专业类内任选专业)",1_3_0217_5_12
3,普通类本科批,0217,10217,哈尔滨工程大学,黑龙江,公办,13,082201,核工程与核技术(含核工程、核化工、材料、化工、新能源专业),,20,04,物理,A,化学,四年,5500,"(内含核工程与核技术、核化工与核燃料工程、材料科学与工程、新能源材料与器件、化学工程与工艺5个专业,本专业类内任选专业)",1_3_0217_5_13
3,普通类本科批,0217,10217,哈尔滨工程大学,黑龙江,公办,14,0808,自动化类(自动化、机器人工程、计算机科学与技术、测控技术与仪器、探测制导与控制技术、人工智能、电气工程及其自动化、信息安全),,35,04,物理,A,化学,四年,5500,"(内含自动化、机器人工程、计算机科学与技术、测控技术与仪器、探测制导与控制技术、人工智能、电气工程及其自动化、信息安全8个专业,本专业类内任选专业)",1_3_0217_5_14
3,普通类本科批,0217,10217,哈尔滨工程大学,黑龙江,公办,15,0807,电子信息类[水声工程、电子信息工程(水声)、海洋信息工程、电子信息工程、通信工程、光电信息科学与工程],,30,04,物理,A,化学,四年,5500,"[内含水声工程、电子信息工程(水声)、海洋信息工程、电子信息工程、通信工程、光电信息科学与工程6个专业,本专业类内任选专业]",1_3_0217_5_15
3,普通类本科批,0217,10217,哈尔滨工程大学,黑龙江,公办,2K,080902,软件工程,,20,04,物理,A,化学,四年,5500,"(后两年学费16000元/年,不招单色异常考生)",1_3_0217_5_2K
3,普通类本科批,0217,10217,哈尔滨工程大学,黑龙江,公办,31,081901,船舶与海洋工程(兴海领军班),,1,04,物理,A,化学,四年,5500,,1_3_0217_5_31
3,普通类本科批,0217,10217,哈尔滨工程大学,黑龙江,公办,32,140003,低空技术与工程(兴海领军班),,2,04,物理,A,化学,四年,5500,,1_3_0217_5_32
3,普通类本科批,0217,10217,哈尔滨工程大学,黑龙江,公办,33,080501,能源与动力工程(兴海领军班),,2,04,物理,A,化学,四年,5500,,1_3_0217_5_33
3,普通类本科批,0217,10217,哈尔滨工程大学,黑龙江,公办,34,080717,人工智能(兴海领军班),,2,04,物理,A,化学,四年,5500,,1_3_0217_5_34
3,普通类本科批,0217,10217,哈尔滨工程大学,黑龙江,公办,38,080401,材料科学与工程(兴海领军班),,3,04,物理,A,化学,四年,5500,,1_3_0217_5_38
3,普通类本科批,0217,10217,哈尔滨工程大学,黑龙江,公办,3A,080708,水声工程(兴海领军班),,2,04,物理,A,化学,四年,5000,,1_3_0217_5_3A
3,普通类本科批,0217,10217,哈尔滨工程大学,黑龙江,公办,3C,080202,机械设计制造及其自动化(兴海领军班),,2,04,物理,A,化学,四年,5500,,1_3_0217_5_3C
3,普通类本科批,0217,10217,哈尔滨工程大学,黑龙江,公办,3D,081301,化学工程与工艺(兴海领军班),,3,04,物理,A,化学,四年,5500,(不招色弱、色盲、单色异常考生),1_3_0217_5_3D
3,普通类本科批,0217,10217,哈尔滨工程大学,黑龙江,公办,3E,080705,光电信息科学与工程(兴海领军班),,2,04,物理,A,化学,四年,4000,,1_3_0217_5_3E
3,普通类本科批,0217,10217,哈尔滨工程大学,黑龙江,公办,3F,081901,船舶与海洋工程(钱学森班),,2,04,物理,A,化学,四年,5500,,1_3_0217_5_3F
3,普通类本科批,0217,10217,哈尔滨工程大学,黑龙江,公办,3J,080801,自动化(钱学森班),,3,04,物理,A,化学,四年,5500,,1_3_0217_5_3J
3,普通类本科批,0217,10217,哈尔滨工程大学,黑龙江,公办,3K,080708,水声工程(钱学森班),,2,04,物理,A,化学,四年,5000,,1_3_0217_5_3K
3,普通类本科批,0217,10217,哈尔滨工程大学,黑龙江,公办,3L,082201,核工程与核技术(钱学森班),,2,04,物理,A,化学,四年,4500,,1_3_0217_5_3L
3,普通类本科批,0217,10217,哈尔滨工程大学,黑龙江,公办,3M,082204,核化工与核燃料工程(兴海领军班),,2,04,物理,A,化学,四年,5500,,1_3_0217_5_3M
3,普通类本科批,0217,10217,哈尔滨工程大学,黑龙江,公办,51,070101,数学与应用数学(双学位试验班),,4,04,物理,A,化学,四年,4000,,1_3_0217_5_51
3,普通类本科批,0217,10217,哈尔滨工程大学,黑龙江,公办,61,081001H,土木工程(中外合作办学),,3,04,物理,A,化学,四年,45000,"(与英国阿伯丁大学合作,“3+1”模式,中英文授课,入学不得转专业)",1_3_0217_5_61
3,普通类本科批,0217,10217,哈尔滨工程大学,黑龙江,公办,62,080202H,机械设计制造及其自动化(中外合作办学),,8,04,物理,A,化学,四年,44300,"(与英国斯旺西大学合作,“3+1”模式,中英文授课,入学不得转专业)",1_3_0217_5_62
3,普通类本科批,0217,10217,哈尔滨工程大学,黑龙江,公办,63,080402H,材料物理(中外合作办学),,8,04,物理,A,化学,四年,44300,"(与英国斯旺西大学合作,“3+1”模式,中英文授课,入学不得转专业。不招色盲和单色异常考生)",1_3_0217_5_63
3,普通类本科批,0217,10217,哈尔滨工程大学,黑龙江,公办,64,080701H,电子信息工程(中外合作办学),,3,04,物理,A,化学,四年,45000,"(与英国阿伯丁大学合作,“3+1”模式,中英文授课,入学不得转专业)",1_3_0217_5_64
3,普通类本科批,0217,10217,哈尔滨工程大学,黑龙江,公办,65,080205H,工业设计(中外合作办学),,4,04,物理,A,化学,四年,60000,"(与英国伦敦城市大学合作,“4+0”模式,中英文授课,入学不得转专业。学费标准以实际批复为准。色觉异常考生慎报)",1_3_0217_5_65
3,普通类本科批,0217,10217,哈尔滨工程大学,黑龙江,公办,A1,081301,化学工程与工艺(民族班),(民族班),1,04,物理,A,化学,四年,5500,(只招少数民族考生)(不招色弱、色盲、单色异常考生),1_3_0217_5_A1
3,普通类本科批,0217,10217,哈尔滨工程大学,黑龙江,公办,A2,080705,光电信息科学与工程(民族班),(民族班),1,04,物理,A,化学,四年,4000,(只招少数民族考生),1_3_0217_5_A2
3,普通类本科批,0217,10217,哈尔滨工程大学,黑龙江,公办,A3,070101,数学与应用数学(民族班),(民族班),1,04,物理,A,化学,四年,4000,(只招少数民族考生),1_3_0217_5_A3
3,普通类本科批,0217,10217,哈尔滨工程大学,黑龙江,公办,A4,080904,信息安全(民族班),(民族班),1,04,物理,A,化学,四年,5500,(只招少数民族考生),1_3_0217_5_A4
3,普通类本科批,0217,10217,哈尔滨工程大学,黑龙江,公办,B1,081103,港口航道与海岸工程,(高校专项计划),1,04,物理,A,化学,四年,5500,"(特控线上录取)(教育部高校专项计划,只投档符合报考条件的考生)",1_3_0217_5_B1
3,普通类本科批,0217,10217,哈尔滨工程大学,黑龙江,公办,B2,080102,工程力学,(高校专项计划),1,04,物理,A,化学,四年,4000,"(特控线上录取)(教育部高校专项计划,只投档符合报考条件的考生)",1_3_0217_5_B2
3,普通类本科批,0217,10217,哈尔滨工程大学,黑龙江,公办,B3,080414,新能源材料与器件,(高校专项计划),2,04,物理,A,化学,四年,5500,"(特控线上录取)(教育部高校专项计划,只投档符合报考条件的考生)",1_3_0217_5_B3
3,普通类本科批,0217,10217,哈尔滨工程大学,黑龙江,公办,B4,080705,光电信息科学与工程,(高校专项计划),2,04,物理,A,化学,四年,4000,"(特控线上录取)(教育部高校专项计划,只投档符合报考条件的考生)",1_3_0217_5_B4
3,普通类本科批,0217,10217,哈尔滨工程大学,黑龙江,公办,B5,081301,化学工程与工艺,(高校专项计划),1,04,物理,A,化学,四年,5500,"(不招色弱、色盲、单色异常考生)(特控线上录取)(教育部高校专项计划,只投档符合报考条件的考生)",1_3_0217_5_B5
3,普通类本科批,0224,10224,东北农业大学,黑龙江,公办,01,0901,植物生产类(农学、种子科学与工程),(农林类),9,04,物理,A,化学,四年,5000,(不招色弱、色盲、单色识别不全考生),1_3_0224_5_01
3,普通类本科批,0224,10224,东北农业大学,黑龙江,公办,02,090101,农学(拔尖人才培养班),(农林类),2,04,物理,A,化学,四年,3000,(实行动态考核与分流培养的管理机制。不招色弱、色盲、单色识别不全考生),1_3_0224_5_02
3,普通类本科批,0224,10224,东北农业大学,黑龙江,公办,03,090112,智慧农业,,3,04,物理,A,化学,四年,5000,(不招色弱、色盲、单色识别不全考生),1_3_0224_5_03
3,普通类本科批,0224,10224,东北农业大学,黑龙江,公办,04,090117,生物育种技术,(农林类),2,04,物理,A,化学,四年,5000,(不招色弱、色盲、单色识别不全考生),1_3_0224_5_04
3,普通类本科批,0224,10224,东北农业大学,黑龙江,公办,05,090102,园艺,(农林类),5,04,物理,A,化学,四年,3000,(不招色弱、色盲、单色识别不全考生),1_3_0224_5_05
3,普通类本科批,0224,10224,东北农业大学,黑龙江,公办,06,090102,园艺(拔尖人才培养班),(农林类),2,04,物理,A,化学,四年,3000,(实行动态考核与分流培养的管理机制。不招色弱、色盲、单色识别不全考生),1_3_0224_5_06
3,普通类本科批,0224,10224,东北农业大学,黑龙江,公办,09,090502,园林,(农林类),8,04,物理,B,生物,四年,3300,(不招色弱、色盲、单色识别不全考生),1_3_0224_5_09
3,普通类本科批,0224,10224,东北农业大学,黑龙江,公办,10,090201,农业资源与环境,(农林类),3,04,物理,A,化学,四年,3000,(不招色弱、色盲、单色识别不全考生),1_3_0224_5_10
3,普通类本科批,0224,10224,东北农业大学,黑龙江,公办,12,0825,环境科学与工程类(环境科学、环境工程),,4,04,物理,A,化学,四年,5000,(不招色弱、色盲、单色识别不全考生),1_3_0224_5_12
3,普通类本科批,0224,10224,东北农业大学,黑龙江,公办,15,070602,应用气象学,,3,04,物理,A,化学,四年,5000,(不招色盲、单色识别不全考生),1_3_0224_5_15
3,普通类本科批,0224,10224,东北农业大学,黑龙江,公办,16,0903,动物生产类(动物科学、草业科学、水产养殖学),,7,04,物理,A,化学,四年,4000,(不招色弱、色盲、单色识别不全考生),1_3_0224_5_16
3,普通类本科批,0224,10224,东北农业大学,黑龙江,公办,18,090301,动物科学(拔尖人才培养班),,2,04,物理,A,化学,四年,3000,(实行动态考核与分流培养的管理机制。不招色弱、色盲、单色识别不全考生),1_3_0224_5_18
3,普通类本科批,0224,10224,东北农业大学,黑龙江,公办,19,090401,动物医学,,3,04,物理,A,化学,五年,3000,(不招色弱、色盲、单色识别不全考生),1_3_0224_5_19
3,普通类本科批,0224,10224,东北农业大学,黑龙江,公办,23,082302,农业机械化及其自动化(拔尖人才培养班),,2,04,物理,A,化学,四年,3800,(实行动态考核与分流培养的管理机制),1_3_0224_5_23
3,普通类本科批,0224,10224,东北农业大学,黑龙江,公办,24,080202,机械设计制造及其自动化,,3,04,物理,A,化学,四年,3500,,1_3_0224_5_24
3,普通类本科批,0224,10224,东北农业大学,黑龙江,公办,30,0203,金融学类(金融学、国际经济与贸易),,3,04,物理,K,无限制,四年,3500,(不招单色识别不全考生),1_3_0224_5_30
3,普通类本科批,0224,10224,东北农业大学,黑龙江,公办,31,1202,工商管理类(工商管理、会计学、市场营销、人力资源管理),,3,04,物理,K,无限制,四年,4000,(不招单色识别不全考生),1_3_0224_5_31
3,普通类本科批,0224,10224,东北农业大学,黑龙江,公办,32,0710,生物科学类(生物科学、生物技术、生物工程),,6,04,物理,A,化学,四年,4500,(不招色弱、色盲、单色识别不全考生),1_3_0224_5_32
3,普通类本科批,0224,10224,东北农业大学,黑龙江,公办,34,081302,制药工程,,3,04,物理,A,化学,四年,5000,(不招色弱、色盲、单色识别不全考生),1_3_0224_5_34
3,普通类本科批,0224,10224,东北农业大学,黑龙江,公办,35,0827,食品科学与工程类(食品科学与工程、食品质量与安全、粮食工程、乳品工程、食品营养与健康),,10,04,物理,A,化学,四年,5500,(不招色弱、色盲、单色识别不全考生),1_3_0224_5_35
3,普通类本科批,0224,10224,东北农业大学,黑龙江,公办,36,082701,食品科学与工程(双学士学位),,3,04,物理,A,化学,四年,4200,(“食品科学与工程+农林经济管理”双学士学位复合型人才培养项目。不招色弱、色盲、单色识别不全考生),1_3_0224_5_36
3,普通类本科批,0224,10224,东北农业大学,黑龙江,公办,42,070503,人文地理与城乡规划,,3,04,物理,A,化学,四年,4000,,1_3_0224_5_42
3,普通类本科批,0224,10224,东北农业大学,黑龙江,公办,43,0811,水利类(水利水电工程、水文与水资源工程、农业水利工程),,10,04,物理,A,化学,四年,5000,,1_3_0224_5_43
3,普通类本科批,0224,10224,东北农业大学,黑龙江,公办,44,080601,电气工程及其自动化,,2,04,物理,A,化学,四年,5500,,1_3_0224_5_44
3,普通类本科批,0224,10224,东北农业大学,黑龙江,公办,45,080901,计算机科学与技术,,3,04,物理,A,化学,四年,4800,(不招单色识别不全考生),1_3_0224_5_45
3,普通类本科批,0224,10224,东北农业大学,黑龙江,公办,47,080717,人工智能,,2,04,物理,A,化学,四年,5500,(不招单色识别不全考生),1_3_0224_5_47
3,普通类本科批,0224,10224,东北农业大学,黑龙江,公办,48,071201,统计学,,3,04,物理,A,化学,四年,4000,,1_3_0224_5_48
3,普通类本科批,0224,10224,东北农业大学,黑龙江,公办,49,080910,数据科学与大数据技术,,2,04,物理,A,化学,四年,5000,,1_3_0224_5_49
3,普通类本科批,0224,10224,东北农业大学,黑龙江,公办,52,090103,植物保护,(农林类),5,04,物理,A,化学,四年,3000,(不招色弱、色盲、单色识别不全考生),1_3_0224_5_52
3,普通类本科批,0224,10224,东北农业大学,黑龙江,公办,71,020301H,金融学(中外合作办学),,3,04,物理,K,无限制,五年,待定,"[与俄罗斯远东国立技术水产大学合作办学,只有获得普通高级中学毕业证书的学生方可报考,国内学费暂定35000元/年(以最终批复为准),国外学费19500元人民币/年、宿费5000元人民币/年(俄方学校根据物价、汇率变化可能适当上浮收取)。入学后第2-4学期须出国学习]",1_3_0224_5_71
3,普通类本科批,0224,10224,东北农业大学,黑龙江,公办,72,120201H,工商管理(中外合作办学),,3,04,物理,K,无限制,五年,待定,"[与俄罗斯远东国立技术水产大学合作办学,只有获得普通高级中学毕业证书的学生方可报考,国内学费暂定35000元/年(以最终批复为准),国外学费19500元人民币/年、宿费5000元人民币/年(俄方学校根据物价、汇率变化可能适当上浮收取)。入学后第2-4学期须出国学习]",1_3_0224_5_72
3,普通类本科批,0224,10224,东北农业大学,黑龙江,公办,73,020401H,国际经济与贸易(中外合作办学),,5,04,物理,K,无限制,五年,待定,"[与俄罗斯太平洋国立大学合作办学,只有获得普通高级中学毕业证书的学生方可报考,国内学费暂定36000元/年(以最终批复为准),国外学费29.8万卢布/年、宿费3万卢布/年(俄方学校根据物价、汇率变化可能适当上浮收取)。入学后第2-4学期须出国学习]",1_3_0224_5_73
3,普通类本科批,0224,10224,东北农业大学,黑龙江,公办,75,090301,动物科学(中美121双学位项目),,3,04,物理,A,化学,四年,待定,"(与美国莫瑞州立大学合作,获普通高中毕业证书方可报考,仅建议有出国留学意愿的英语语种考生报考,国内学费5000元/年,国外学费、食宿费和医疗保险等预计28744美元/年,第3-6学期出国学习。出国手续等费用见学校招生章程。不招色弱、色盲、单色识别不全考生)",1_3_0224_5_75
3,普通类本科批,0224,10224,东北农业大学,黑龙江,公办,76,082701,食品科学与工程(中美121双学位项目),,2,04,物理,A,化学,四年,待定,"(与美国威斯康星大学斯托特分校合作,获普通高中毕业证书方可报考,仅建议有出国留学意愿的英语语种考生报考,国内学费5500元/年,国外学费、食宿费和医疗保险等预计27927美元/年,第3-6学期出国学习。出国手续等费用见学校招生章程。不招色弱、色盲、单色识别不全考生)",1_3_0224_5_76
3,普通类本科批,0224,10224,东北农业大学,黑龙江,公办,77,080901,计算机科学与技术(中美121双学位项目),,3,04,物理,A,化学,四年,待定,"(与美国鲍尔州立大学合作,获普通高中毕业证书方可报考,仅建议有出国留学意愿的英语语种考生报考,国内学费5500元/年,国外学费、食宿费和医疗保险等预计28296美元/年,第3-6学期出国学习。出国手续等费用见学校招生章程。不招单色识别不全考生)",1_3_0224_5_77
3,普通类本科批,0225,10225,东北林业大学,黑龙江,公办,01,0905,林学类(林学、森林保护),,10,04,物理,A,化学,四年,3000,,1_3_0225_5_01
3,普通类本科批,0225,10225,东北林业大学,黑龙江,公办,03,070504,地理信息科学,,8,04,物理,A,化学,四年,4000,,1_3_0225_5_03
3,普通类本科批,0225,10225,东北林业大学,黑龙江,公办,05,090116,生物育种科学(拔尖人才成栋班),,2,04,物理,A,化学,四年,待定,,1_3_0225_5_05
3,普通类本科批,0225,10225,东北林业大学,黑龙江,公办,06,0824,林业工程类(木材科学与工程、林产化工),,9,04,物理,A,化学,四年,3500,,1_3_0225_5_06
3,普通类本科批,0225,10225,东北林业大学,黑龙江,公办,08,0804,材料类(材料化学、高分子材料与工程),,10,04,物理,A,化学,四年,3500,,1_3_0225_5_08
3,普通类本科批,0225,10225,东北林业大学,黑龙江,公办,09,090202,野生动物与自然保护区管理,,3,04,物理,A,化学,四年,3000,,1_3_0225_5_09
3,普通类本科批,0225,10225,东北林业大学,黑龙江,公办,11,090401,动物医学,,4,04,物理,A,化学,四年,3000,,1_3_0225_5_11
3,普通类本科批,0225,10225,东北林业大学,黑龙江,公办,13,080202,机械设计制造及其自动化,,9,04,物理,A,化学,四年,3500,,1_3_0225_5_13
3,普通类本科批,0225,10225,东北林业大学,黑龙江,公办,14,080204,机械电子工程,,9,04,物理,A,化学,四年,3500,,1_3_0225_5_14
3,普通类本科批,0225,10225,东北林业大学,黑龙江,公办,15,080207,车辆工程,,8,04,物理,A,化学,四年,5500,,1_3_0225_5_15
3,普通类本科批,0225,10225,东北林业大学,黑龙江,公办,16,080220,农林智能装备工程,,8,04,物理,A,化学,四年,5500,,1_3_0225_5_16
3,普通类本科批,0225,10225,东北林业大学,黑龙江,公办,17,080213,智能制造工程,,3,04,物理,A,化学,四年,待定,,1_3_0225_5_17
3,普通类本科批,0225,10225,东北林业大学,黑龙江,公办,18,0809,计算机类(计算机科学与技术、软件工程),,17,04,物理,A,化学,四年,4000,,1_3_0225_5_18
3,普通类本科批,0225,10225,东北林业大学,黑龙江,公办,19,080910,数据科学与大数据技术,,5,04,物理,A,化学,四年,5500,,1_3_0225_5_19
3,普通类本科批,0225,10225,东北林业大学,黑龙江,公办,20,080717,人工智能,,6,04,物理,A,化学,四年,5500,,1_3_0225_5_20
3,普通类本科批,0225,10225,东北林业大学,黑龙江,公办,21,0710,生物科学类[生物科学(国家理科基础科学研究和教学人才培养基地)、生物技术(国家生命科学与技术人才培养基地)、生物技术],,14,04,物理,A,化学,四年,5400,,1_3_0225_5_21
3,普通类本科批,0225,10225,东北林业大学,黑龙江,公办,22,083003,合成生物学,,3,04,物理,A,化学,四年,待定,,1_3_0225_5_22
3,普通类本科批,0225,10225,东北林业大学,黑龙江,公办,23,090502,园林,(高校专项计划),1,04,物理,B,生物,四年,3600,"(特控线上录取)(教育部高校专项计划,只投档符合报考条件的考生)",1_3_0225_5_23
3,普通类本科批,0225,10225,东北林业大学,黑龙江,公办,24,082803,风景园林,,4,04,物理,K,无限制,四年,4000,,1_3_0225_5_24
3,普通类本科批,0225,10225,东北林业大学,黑龙江,公办,25,082802,城乡规划,(高校专项计划),1,04,物理,K,无限制,四年,4000,"(特控线上录取)(教育部高校专项计划,只投档符合报考条件的考生)",1_3_0225_5_25
3,普通类本科批,0225,10225,东北林业大学,黑龙江,公办,26,082808,智慧景观营造,,3,04,物理,A,化学,四年,待定,,1_3_0225_5_26
3,普通类本科批,0225,10225,东北林业大学,黑龙江,公办,27,081001,土木工程,(高校专项计划),1,04,物理,A,化学,四年,4800,"(特控线上录取)(教育部高校专项计划,只投档符合报考条件的考生)",1_3_0225_5_27
3,普通类本科批,0225,10225,东北林业大学,黑龙江,公办,28,081002,建筑环境与能源应用工程,,4,04,物理,A,化学,四年,4000,,1_3_0225_5_28
3,普通类本科批,0225,10225,东北林业大学,黑龙江,公办,30,0818,交通运输类(交通运输、交通工程),,11,04,物理,A,化学,四年,4000,,1_3_0225_5_30
3,普通类本科批,0225,10225,东北林业大学,黑龙江,公办,31,081012,智能建造与智慧交通,,4,04,物理,A,化学,四年,5500,,1_3_0225_5_31
3,普通类本科批,0225,10225,东北林业大学,黑龙江,公办,32,070101,数学与应用数学,,10,04,物理,A,化学,四年,2500,,1_3_0225_5_32
3,普通类本科批,0225,10225,东北林业大学,黑龙江,公办,33,070102,信息与计算科学,,10,04,物理,A,化学,四年,3800,,1_3_0225_5_33
3,普通类本科批,0225,10225,东北林业大学,黑龙江,公办,34,070201,物理学,,8,04,物理,A,化学,四年,2500,,1_3_0225_5_34
3,普通类本科批,0225,10225,东北林业大学,黑龙江,公办,35,0703,化学类(化学、应用化学),,9,04,物理,A,化学,四年,2500,,1_3_0225_5_35
3,普通类本科批,0225,10225,东北林业大学,黑龙江,公办,36,081301,化学工程与工艺,,9,04,物理,A,化学,四年,3500,,1_3_0225_5_36
3,普通类本科批,0225,10225,东北林业大学,黑龙江,公办,37,070301,化学(拔尖人才成栋班),,1,04,物理,A,化学,四年,2500,,1_3_0225_5_37
3,普通类本科批,0225,10225,东北林业大学,黑龙江,公办,38,1202,工商管理类(工商管理、市场营销、会计学、农林经济管理),,10,04,物理,K,无限制,四年,3500,,1_3_0225_5_38
3,普通类本科批,0225,10225,东北林业大学,黑龙江,公办,39,0201,经济学类(经济统计学、国际经济与贸易、数字经济),,12,04,物理,K,无限制,四年,3300,,1_3_0225_5_39
3,普通类本科批,0225,10225,东北林业大学,黑龙江,公办,40,030101,法学,,2,04,物理,K,无限制,四年,4000,,1_3_0225_5_40
3,普通类本科批,0225,10225,东北林业大学,黑龙江,公办,44,050201,英语,,3,04,物理,K,无限制,四年,4000,(外语语种为英语),1_3_0225_5_44
3,普通类本科批,0225,10225,东北林业大学,黑龙江,公办,49,080205,工业设计,,8,04,物理,A,化学,四年,3500,,1_3_0225_5_49
3,普通类本科批,0225,10225,东北林业大学,黑龙江,公办,50,0905,林学类(未来尖班)(林学、森林保护),,2,04,物理,A,化学,四年,3000,,1_3_0225_5_50
3,普通类本科批,0225,10225,东北林业大学,黑龙江,公办,51,0824,林业工程类(未来尖班)(木材科学与工程、林产化工),,2,04,物理,A,化学,四年,3500,,1_3_0225_5_51
3,普通类本科批,0225,10225,东北林业大学,黑龙江,公办,52,071001,生物科学(未来尖班),,2,04,物理,A,化学,四年,5400,,1_3_0225_5_52
3,普通类本科批,0225,10225,东北林业大学,黑龙江,公办,53,090505,智慧林业(未来尖班),,1,04,物理,A,化学,四年,5000,,1_3_0225_5_53
3,普通类本科批,0225,10225,东北林业大学,黑龙江,公办,54,071004,生态学,,1,04,物理,A,化学,四年,5000,,1_3_0225_5_54
3,普通类本科批,0225,10225,东北林业大学,黑龙江,公办,55,071004,生态学(拔尖人才成栋班),,2,04,物理,A,化学,四年,5000,,1_3_0225_5_55
3,普通类本科批,0225,10225,东北林业大学,黑龙江,公办,56,0807,电子信息类(电子信息工程、通信工程),,18,04,物理,A,化学,四年,4800,,1_3_0225_5_56
3,普通类本科批,0225,10225,东北林业大学,黑龙江,公办,57,080601,电气工程及其自动化,,10,04,物理,A,化学,四年,4000,,1_3_0225_5_57
3,普通类本科批,0225,10225,东北林业大学,黑龙江,公办,58,080801,自动化,,10,04,物理,A,化学,四年,4000,,1_3_0225_5_58
3,普通类本科批,0225,10225,东北林业大学,黑龙江,公办,59,080803,机器人工程,,10,04,物理,A,化学,四年,5500,,1_3_0225_5_59
3,普通类本科批,0225,10225,东北林业大学,黑龙江,公办,60,082701,食品科学与工程,,6,04,物理,A,化学,四年,3500,,1_3_0225_5_60
3,普通类本科批,0225,10225,东北林业大学,黑龙江,公办,AB,080220,农林智能装备工程,(高校专项计划),1,04,物理,A,化学,四年,5500,"(特控线上录取)(教育部高校专项计划,只投档符合报考条件的考生)",1_3_0225_5_AB
3,普通类本科批,0225,10225,东北林业大学,黑龙江,公办,AC,0710,生物科学类[生物科学(国家理科基础科学研究和教学人才培养基地)、生物技术(国家生命科学与技术人才培养基地)、生物技术],(高校专项计划),1,04,物理,A,化学,四年,5400,"(特控线上录取)(教育部高校专项计划,只投档符合报考条件的考生)",1_3_0225_5_AC
3,普通类本科批,0225,10225,东北林业大学,黑龙江,公办,H1,080901H,计算机科学与技术(中外合作办学),,10,04,物理,A,化学,四年,60000,"[该专业与新西兰奥克兰大学合作办学,学生入校后可选择“4+0”或“3+2(校际交流)”培养模式,部分课程以英语授课,建议英语语种考生报考,具体要求详见学校网站介绍]",1_3_0225_5_H1
3,普通类本科批,0225,10225,东北林业大学,黑龙江,公办,H2,071002H,生物技术(中外合作办学),,9,04,物理,A,化学,四年,60000,"[该专业与新西兰奥克兰大学合作办学,学生入校后可选择“4+0”或“3+2(校际交流)”培养模式,部分课程以英语授课,建议英语语种考生报考,具体要求详见学校网站介绍]",1_3_0225_5_H2
3,普通类本科批,0225,10225,东北林业大学,黑龙江,公办,H3,070301H,化学(中外合作办学),,6,04,物理,A,化学,四年,60000,"[该专业与新西兰奥克兰大学合作办学,学生入校后可选择“4+0”或“3+2(校际交流)”培养模式,部分课程以英语授课,建议英语语种考生报考,具体要求详见学校网站介绍]",1_3_0225_5_H3
3,普通类本科批,0225,10225,东北林业大学,黑龙江,公办,H4,120103H,工程管理(中外合作办学),,10,04,物理,A,化学,四年,35000,"(该专业与英国阿斯顿大学合作办学,采取“3+1”培养模式,部分课程以英语授课,建议英语语种考生报考。具体要求详见学校网站介绍)",1_3_0225_5_H4
3,普通类本科批,0225,10225,东北林业大学,海南,公办,H5,080901H,计算机科学与技术(中外合作办学),,6,04,物理,A,化学,四年,100000,"[该专业与澳大利亚悉尼科技大学合作办学,采取“3+1”培养模式。部分课程以英语授课,建议英语语种考生报考,办学地点：海南国际学院(海南陵水)。具体要求详见学校网站介绍]",1_3_0225_5_H5
3,普通类本科批,0246,10246,复旦大学,上海,公办,31,00700,理科试验班(相辉学堂相辉计划)(数学与应用数学、物理学、化学、生物科学),,2,04,物理,A,化学,四年,7700,(含数学、物理、化学、生物科学英才班),1_3_0246_5_31
3,普通类本科批,0246,10246,复旦大学,上海,公办,33,0701,数学类(数学智能英才班)(信息与计算科学),,2,04,物理,A,化学,四年,7700,,1_3_0246_5_33
3,普通类本科批,0246,10246,复旦大学,上海,公办,45,082201,核工程与核技术,(高校专项计划),2,04,物理,A,化学,四年,7000,"[含聚变方向,含核物理拔尖班。含核工程与核技术-国际政治(全球领导力)双学士学位](特殊类型录取控制线上70分录取)(教育部高校专项计划,只投档符合报考条件的考生)",1_3_0246_5_45
3,普通类本科批,0246,10246,复旦大学,上海,公办,51,080910,数据科学与大数据技术(数字孪生),,4,04,物理,A,化学,四年,7700,,1_3_0246_5_51
3,普通类本科批,0246,10246,复旦大学,上海,公办,53,00600,工科试验班(相辉学堂香农计划)(集成电路科学与工程、人工智能、智能科学与技术、生物医学工程、电子信息科学与技术、材料科学与工程),,1,04,物理,A,化学,四年,7700,(含集成电路、计算与智能、智能机器人与先进制造、生物医学工程、未来信息、智能材料与未来能源领军人才班),1_3_0246_5_53
3,普通类本科批,0246,10246,复旦大学,上海,公办,54,00600,工科试验班(集成电路领军人才班)(集成电路科学与工程),,3,04,物理,A,化学,四年,7700,[含集成电路“星陈”计划(含集成芯片与高算力系统方向)],1_3_0246_5_54
3,普通类本科批,0246,10246,复旦大学,上海,公办,56,00600,工科试验班(计算与智能领军人才班)(人工智能),,3,04,物理,A,化学,四年,7000,(含下一代多模态大模型与智能体体系方向、数字安全方向),1_3_0246_5_56
3,普通类本科批,0246,10246,复旦大学,上海,公办,64,00600,工科试验班(智能机器人与先进制造创新学院)(智能科学与技术、理论与应用力学、飞行器设计与工程),,7,04,物理,A,化学,四年,7000,(含智能机器人与先进制造产教融合班。含飞行器设计与工程-信息与计算科学双学士学位),1_3_0246_5_64
3,普通类本科批,0246,10246,复旦大学,上海,公办,69,00600,工科试验班(未来信息创新学院)(电子信息科学与技术、通信工程、光电信息科学与工程),,8,04,物理,A,化学,四年,7000,[含未来信息产教融合班。含光电信息科学与工程-信息与计算科学(人工智能方向)、电子信息科学与技术-信息与计算科学(人工智能方向)双学士学位],1_3_0246_5_69
3,普通类本科批,0246,10246,复旦大学,上海,公办,71,00600,工科试验班(智能材料与未来能源领军人才班)(电子科学与技术、材料科学与工程、新能源科学与工程),,3,04,物理,A,化学,四年,7700,,1_3_0246_5_71
3,普通类本科批,0246,10246,复旦大学,上海,公办,91,00600,工科试验班(未来生物智造)(生物技术),(高校专项计划),1,04,物理,A,化学,四年,7700,"(特殊类型录取控制线上70分录取)(教育部高校专项计划,只投档符合报考条件的考生)",1_3_0246_5_91
3,普通类本科批,0247,10247,同济大学,上海,公办,01,00600,工科试验班(国豪精英班),,10,04,物理,A,化学,四年,7000,"(工科拔尖人才培养计划,含未来技术班、20的四次方无限跃升计划。所有工科专业任选。专业确认后按专业标准收费)",1_3_0247_5_01
3,普通类本科批,0247,10247,同济大学,上海,公办,02,00600,工科试验班(卓越计划班),,17,04,物理,A,化学,四年,7000,"[含机器人、工程互联网、智能网联交通(智能网联车辆、低空技术与工程)、智慧空间四个领域,领域内专业任选]",1_3_0247_5_02
3,普通类本科批,0247,10247,同济大学,上海,公办,06,00600,工科试验班(机器人与智能化制造类)(新能源材料与器件、机械设计制造及其自动化、智能制造工程、飞行器制造工程、工业设计、未来机器人),,10,04,物理,A,化学,四年,7000,"[该类内分流时若进入机械工程与机器人学院,院内专业任选(未来机器人、机械设计制造及其自动化、智能制造工程)。分流专业中工业设计每年收费标准为7700元]",1_3_0247_5_06
3,普通类本科批,0247,10247,同济大学,上海,公办,07,00600,工科试验班(计算机与电子类)(计算机科学与技术、信息安全、数据科学与大数据技术、电气工程及其自动化、自动化、通信工程、人工智能、微电子科学与工程、软件工程),,22,04,物理,A,化学,四年,7000,(该类内分流时学院内专业任选。分流专业中软件工程专业三、四年级每年收费标准16000元。单色不能识别者不录取),1_3_0247_5_07
3,普通类本科批,0247,10247,同济大学,上海,公办,13,100201,临床医学(5+3一体化),,4,04,物理,A,化学,五年,7400,"(本硕衔接培养,合格毕业生获执业医师资格证、住院医师规范化培训合格证书、硕士研究生毕业证和学位证。该专业不招色盲、色弱考生)",1_3_0247_5_13
3,普通类本科批,0247,10247,同济大学,上海,公办,32,080717,人工智能(拔尖班),,4,04,物理,A,化学,四年,7000,(对接人工智能专项。单色不能识别者不录取),1_3_0247_5_32
3,普通类本科批,0247,10247,同济大学,上海,公办,36,0802H,机械类(中外合作办学)[机械电子工程(中外合作办学)、建筑电气与智能化(中外合作办学)、车辆工程(中外合作办学)],,8,04,物理,A,化学,四年,21000,"[该专业是中华人民共和国教育部与德意志联邦共和国教科部共同倡议和直接经费支持设立的中外合作办学项目。采用3(同济)+1(德国/瑞士)进阶式国际化人才培养模式,成绩合格者获得同济大学毕业证、工学学士学位证以及外方合作院校学士学位证书]",1_3_0247_5_36
3,普通类本科批,0247,10247,同济大学,上海,公办,43,00700,理科试验班(数理化拔尖基地)[数学与应用数学(基础学科拔尖基地)、应用物理学(基础学科拔尖基地)、应用化学(基础学科拔尖基地)],,5,04,物理,A,化学,四年,7000,(该类录取学生可在数学拔尖学生培养基地、物理学拔尖学生培养基地、化学拔尖学生培养基地中任选),1_3_0247_5_43
3,普通类本科批,0247,10247,同济大学,上海,公办,50,00600,工科试验班(土木学院)(土木工程、智能建造),(高校专项计划),2,04,物理,A,化学,四年,7700,"[考生投档成绩应达到特殊类型招生控制分数线线上90分(含)](教育部高校专项计划,只投档符合报考条件的考生)",1_3_0247_5_50
3,普通类本科批,0247,10247,同济大学,上海,公办,57,00600,工科试验班(交通学院)(交通工程、交通运输、车辆工程),(高校专项计划),2,04,物理,A,化学,四年,7000,"[考生投档成绩应达到特殊类型招生控制分数线线上90分(含)](教育部高校专项计划,只投档符合报考条件的考生)",1_3_0247_5_57
3,普通类本科批,0247,10247,同济大学,上海,公办,67,00800,医学试验班(临床)[临床医学(领军人才培养)、临床医学],,3,04,物理,A,化学,五年,7400,(该专业不招色盲、色弱考生),1_3_0247_5_67
3,普通类本科批,0247,10247,同济大学,上海,公办,68,100301,口腔医学,,3,04,物理,A,化学,五年,7400,(该专业不招色盲、色弱考生),1_3_0247_5_68
3,普通类本科批,0247,10247,同济大学,上海,公办,70,00600,工科试验班(建筑城规学院)(建筑学、历史建筑保护工程、城乡规划、风景园林、城市设计),(高校专项计划),2,04,物理,A,化学,四年,7700,"[考生投档成绩应达到特殊类型招生控制分数线线上90分(含)。该专业不招色盲、色弱考生](教育部高校专项计划,只投档符合报考条件的考生)",1_3_0247_5_70
3,普通类本科批,0247,10247,同济大学,上海,公办,89,080202,机械设计制造及其自动化,(高校专项计划),2,04,物理,A,化学,四年,7000,"[考生投档成绩应达到特殊类型招生控制分数线线上90分(含)](教育部高校专项计划,只投档符合报考条件的考生)",1_3_0247_5_89
3,普通类本科批,0248,10248,上海交通大学,上海,公办,01,080717,人工智能(拔尖英才试点班),,2,04,物理,A,化学,四年,7700,,1_3_0248_5_01
3,普通类本科批,0248,10248,上海交通大学,上海,公办,02,140012,具身智能(拔尖英才试点班),,1,04,物理,A,化学,四年,7700,,1_3_0248_5_02
3,普通类本科批,0248,10248,上海交通大学,上海,公办,04,0807,"电子信息类(IEEE试点班,含双学士学位项目)(计算机科学与技术、信息工程、信息安全、自动化)",,2,04,物理,A,化学,四年,7000,[含电子信息类(IEEE试点班)-数学与应用数学双学士学位项目],1_3_0248_5_04
3,普通类本科批,0248,10248,上海交通大学,上海,公办,07,0807,电子信息类(计算机永强试验班)(计算机科学与技术、软件工程、信息安全),,1,04,物理,A,化学,四年,7000,,1_3_0248_5_07
3,普通类本科批,0248,10248,上海交通大学,上海,公办,09,080803,机器人工程(自主智能领军班),,2,04,物理,A,化学,四年,7700,,1_3_0248_5_09
3,普通类本科批,0248,10248,上海交通大学,上海,公办,11,082201,核工程与核技术(高校专项计划),(高校专项计划),2,04,物理,A,化学,四年,7000,"[高考投档成绩须达到特殊类型招生控制线上70分(含)](教育部高校专项计划,只投档符合报考条件的考生)",1_3_0248_5_11
3,普通类本科批,0248,10248,上海交通大学,上海,公办,12,0802,"机械类(钱学森工程科学试点班,含双学士学位项目)(机械工程、能源与动力工程)",,2,04,物理,A,化学,四年,7000,(含机械动力类-数学与应用数学双学士学位项目、能源与动力工程-化学双学士学位项目),1_3_0248_5_12
3,普通类本科批,0248,10248,上海交通大学,上海,公办,40,0807H,"电子信息类(中外合作办学)(浦江国际学院,依托张江国际理工学院)[机械工程(中外合作办学)、电子与计算机工程(中外合作办学)、计算机科学与技术(中外合作办学)、数据科学与大数据技术(中外合作办学)]",,5,04,物理,A,化学,四年,98000,(含电子与计算机工程-工商管理双学士学位项目),1_3_0248_5_40
3,普通类本科批,0248,10248,上海交通大学,上海,公办,GA,0060,工科试验班类(信息类)[计算机科学与技术(计算机学院)、信息安全(计算机学院)、软件工程(计算机学院)、微电子科学与工程(集成电路学院)、信息工程(集成电路学院)、电子科学与技术(集成电路学院)、自动化(自动化与感知学院)、智能感知工程(自动化与感知学院)、电气工程及其自动化(电气工程学院)],,24,04,物理,A,化学,四年,7000,(8月可自愿申请参加浦江国际学院、巴黎卓越工程师学院、健康科学与技术等专业提前分流选拔),1_3_0248_5_GA
3,普通类本科批,0248,10248,上海交通大学,上海,公办,GE,0060,"工科试验班类(海洋工程类)(船建学院,高校专项计划)",(高校专项计划),2,04,物理,A,化学,四年,7700,"[高考投档成绩须达到特殊类型招生控制线上70分(含)。含船舶与海洋工程-数学与应用数学双学士学位项目](教育部高校专项计划,只投档符合报考条件的考生)",1_3_0248_5_GE
3,普通类本科批,0251,10251,华东理工大学,上海,公办,01,00600,工科试验班(智能与机器人)(人工智能、机器人工程),,4,04,物理,A,化学,四年,7000,(不招色盲者),1_3_0251_5_01
3,普通类本科批,0251,10251,华东理工大学,上海,公办,02,0807,电子信息类(自动化、电气工程及其自动化、信息工程),,7,04,物理,A,化学,四年,7000,(不招色盲者),1_3_0251_5_02
3,普通类本科批,0251,10251,华东理工大学,上海,公办,03,0809,计算机类(计算机科学与技术、软件工程),,4,04,物理,A,化学,四年,7000,(不招不能准确在显示器上识别红、黄、绿、蓝、紫各颜色中任何一种颜色的数码、字母者),1_3_0251_5_03
3,普通类本科批,0251,10251,华东理工大学,上海,公办,05,0802,机械类(机械智能化实验班)(智能制造工程、过程装备与控制工程、机械设计制造及其自动化),,10,04,物理,A,化学,四年,7000,(不招色盲者),1_3_0251_5_05
3,普通类本科批,0251,10251,华东理工大学,上海,公办,06,0701,数学类(数学与应用数学、信息与计算科学),,5,04,物理,A,化学,四年,7000,,1_3_0251_5_06
3,普通类本科批,0251,10251,华东理工大学,上海,公办,07,0702,物理学类(应用物理学、光电信息科学与工程),,6,04,物理,A,化学,四年,7000,(不招色盲者),1_3_0251_5_07
3,普通类本科批,0251,10251,华东理工大学,上海,公办,11,00600,工科试验班(智慧化工)(化学工程与工艺、油气储运工程、资源循环科学与工程、轻化工程),,9,04,物理,A,化学,四年,7000,"(大类分流前学费标准为7000元/学年,分流后按具体专业学费标准收费。不招色弱、色盲、嗅觉迟钝者)",1_3_0251_5_11
3,普通类本科批,0251,10251,华东理工大学,上海,公办,12,00600,工科试验班(能源与环境)(能源与动力工程、储能科学与工程、环境工程),,7,04,物理,A,化学,四年,7000,(不招色弱、色盲、嗅觉迟钝者),1_3_0251_5_12
3,普通类本科批,0251,10251,华东理工大学,上海,公办,13,070301,化学(教育部拔尖基地班),,2,04,物理,A,化学,四年,7700,(不招色弱、色盲、嗅觉迟钝者),1_3_0251_5_13
3,普通类本科批,0251,10251,华东理工大学,上海,公办,14,0703,化学类(新工科化学实验班)[应用化学、精细化工(光电信息材料方向)],,4,04,物理,A,化学,四年,7700,(不招色弱、色盲、嗅觉迟钝者),1_3_0251_5_14
3,普通类本科批,0251,10251,华东理工大学,上海,公办,16,0830,生物工程类(生物工程、生物科学、生物技术、食品科学与工程、食品质量与安全),,5,04,物理,A,化学,四年,7000,(不招色弱、色盲、嗅觉迟钝者),1_3_0251_5_16
3,普通类本科批,0251,10251,华东理工大学,上海,公办,19,0804,材料类(新材料实验班)(电子信息材料、高分子材料与工程、无机非金属材料工程、复合材料与工程、新能源材料与器件),,4,04,物理,A,化学,四年,7700,(不招色弱、色盲、嗅觉迟钝者),1_3_0251_5_19
3,普通类本科批,0251,10251,华东理工大学,上海,公办,23,080501,能源与动力工程,,3,04,物理,A,化学,四年,7000,(能源与动力工程和经济学双学士学位项目。不招色弱、色盲、嗅觉迟钝者),1_3_0251_5_23
3,普通类本科批,0251,10251,华东理工大学,上海,公办,42,080206,过程装备与控制工程,(高校专项计划),2,04,物理,A,化学,四年,7000,"(不招色盲者)(特控线上录取)(教育部高校专项计划,只投档符合报考条件的考生)",1_3_0251_5_42
3,普通类本科批,0251,10251,华东理工大学,上海,公办,50,081301,化学工程与工艺,(高校专项计划),1,04,物理,A,化学,四年,7700,"(第一学年学费7000元。不招色弱、色盲、嗅觉迟钝者)(特控线上录取)(教育部高校专项计划,只投档符合报考条件的考生)",1_3_0251_5_50
3,普通类本科批,0251,10251,华东理工大学,上海,公办,67,080407,高分子材料与工程(民族班),(民族班),1,04,物理,A,化学,四年,7700,(只招少数民族考生)(不招色弱、色盲、嗅觉迟钝者),1_3_0251_5_67
3,普通类本科批,0255,10255,东华大学,上海,公办,12,1201,管理科学与工程类(信息管理与信息系统、电子商务、供应链管理),,1,04,物理,A,化学,四年,6500,其中信息管理与信息系统、电子商务专业授予工学学士学位,1_3_0255_5_12
3,普通类本科批,0255,10255,东华大学,上海,公办,22,0809,计算机类(软件工程、计算机科学与技术),,8,04,物理,A,化学,四年,7000,,1_3_0255_5_22
3,普通类本科批,0255,10255,东华大学,上海,公办,23,080717,人工智能,,6,04,物理,A,化学,四年,7000,,1_3_0255_5_23
3,普通类本科批,0255,10255,东华大学,上海,公办,24,0807,电子信息类(电气工程及其自动化、自动化、通信工程),,14,04,物理,A,化学,四年,7000,,1_3_0255_5_24
3,普通类本科批,0255,10255,东华大学,上海,公办,25,0702,物理学类(集成电路与新能源)[应用物理学(集成电路与新能源)、光电信息科学与工程],,5,04,物理,A,化学,四年,7000,,1_3_0255_5_25
3,普通类本科批,0255,10255,东华大学,上海,公办,26,080710,集成电路设计与集成系统,,2,04,物理,A,化学,四年,7000,,1_3_0255_5_26
3,普通类本科批,0255,10255,东华大学,上海,公办,27,0701,数学类(智能科学方向)[数学与应用数学、统计学(金融统计与风险管理)],,5,04,物理,A,化学,四年,7000,,1_3_0255_5_27
3,普通类本科批,0255,10255,东华大学,上海,公办,28,080213,智能制造工程,,4,04,物理,A,化学,四年,7000,,1_3_0255_5_28
3,普通类本科批,0255,10255,东华大学,上海,公办,29,080205,工业设计,,2,04,物理,A,化学,四年,7000,,1_3_0255_5_29
3,普通类本科批,0255,10255,东华大学,上海,公办,30,080201,机械工程,,10,04,物理,A,化学,四年,7000,含机械设计及理论、机械制造及其自动化、机械电子工程方向,1_3_0255_5_30
3,普通类本科批,0255,10255,东华大学,上海,公办,31,082502,环境工程(环管融合双学位),,2,04,物理,A,化学,四年,7000,"不招色盲色弱考生,环境工程与工商管理双学位",1_3_0255_5_31
3,普通类本科批,0255,10255,东华大学,上海,公办,33,0825,环境科学与工程类(新能源与储能技术方向)(建筑环境与能源应用工程、能源与环境系统工程),(高校专项计划),2,04,物理,A,化学,四年,7000,"[高考成绩(含政策加分)须达到所在省份特殊类型招生控制线上30分(含)](教育部高校专项计划,只投档符合报考条件的考生)",1_3_0255_5_33
3,普通类本科批,0255,10255,东华大学,上海,公办,36,083001,生物工程(生物医药方向),,2,04,物理,A,化学,四年,7000,(不招色弱、色盲考生)含合成生物学、衰老与重大疾病诊疗方向,1_3_0255_5_36
3,普通类本科批,0255,10255,东华大学,上海,公办,37,082601,生物医学工程,,3,04,物理,A,化学,四年,7000,"(不招色弱、色盲考生,设置生物材料医疗器械与微纳诊疗、柔性电子与智能可穿戴医疗2个主要学科方向)",1_3_0255_5_37
3,普通类本科批,0255,10255,东华大学,上海,公办,38,0703,化学类[轻化工程(卓越班)、应用化学],,3,04,物理,A,化学,四年,7000,"(不招色弱、色盲考生,轻化工程含颜色科学与功能实现、绿色染整与生态检测方向；应用化学含精细有机化学品、功能高分子材料、绿色化学工艺及过程方向)",1_3_0255_5_38
3,普通类本科批,0255,10255,东华大学,上海,公办,39,080412,功能材料,,4,04,物理,A,化学,四年,7700,(含医疗与健康材料、复合材料与人工智能、新能源与光电材料、半导体与智能材料方向。“双一流”学科),1_3_0255_5_39
3,普通类本科批,0255,10255,东华大学,上海,公办,40,081601,纺织工程(双学位),,4,04,物理,A,化学,四年,7700,"(纺织工程与产品设计艺工融合双学位项目,“双一流”学科)",1_3_0255_5_40
3,普通类本科批,0255,10255,东华大学,上海,公办,41,0816,纺织类(智能纺织与设计)[纺织工程(含智能纺织与设计、纺织材料方向)、非织造材料与工程],(高校专项计划),2,04,物理,A,化学,四年,7700,"[高考成绩(含政策加分)须达到所在省份特殊类型招生控制线上30分(含),“双一流”学科](教育部高校专项计划,只投档符合报考条件的考生)",1_3_0255_5_41
3,普通类本科批,0255,10255,东华大学,上海,公办,42,0804,材料类[高分子材料与工程、无机非金属材料工程、复合材料与工程(卓越班)],,5,04,物理,A,化学,四年,7700,(“双一流”学科),1_3_0255_5_42
3,普通类本科批,0255,10255,东华大学,上海,公办,43,00700,理科试验班(钱宝钧精英班)[人工智能、软件工程、计算机科学与技术、电气工程及其自动化、自动化、通信工程、能源与环境系统工程、机械工程、信息管理与信息系统、集成电路设计与集成系统、数学与应用数学、统计学(金融统计与风险管理)、应用物理学(集成电路与新能源)、光电信息科学与工程等专业],,7,04,物理,A,化学,四年,7000,"(大一结束后面向全校理工科专业优先进行分流,具体分流方式根据《学生手册》执行。含“钱宝钧英才计划”)",1_3_0255_5_43
3,普通类本科批,0255,10255,东华大学,上海,公办,AB,0804,材料类[高分子材料与工程、无机非金属材料工程、复合材料与工程(卓越班)],(高校专项计划),2,04,物理,A,化学,四年,7700,"[高考成绩(含政策加分)须达到所在省份特殊类型招生控制线上30分(含),“双一流”学科](教育部高校专项计划,只投档符合报考条件的考生)",1_3_0255_5_AB
3,普通类本科批,0269,10269,华东师范大学,上海,公办,54,071101,心理学(双学位),,2,04,物理,A,化学,四年,7000,(与计算机科学与技术进行双学士学位培养),1_3_0269_5_54
3,普通类本科批,0269,10269,华东师范大学,上海,公办,55,070101,数学与应用数学,,4,04,物理,A,化学,四年,7000,,1_3_0269_5_55
3,普通类本科批,0269,10269,华东师范大学,上海,公办,56,0712,统计学类(统计学、数据科学),,4,04,物理,A,化学,四年,7700,,1_3_0269_5_56
3,普通类本科批,0269,10269,华东师范大学,上海,公办,57,071201,统计学(双学位),,2,04,物理,A,化学,四年,7700,(与计算机科学与技术进行双学士学位培养),1_3_0269_5_57
3,普通类本科批,0269,10269,华东师范大学,上海,公办,58,070201,物理学,,3,04,物理,A,化学,四年,7000,,1_3_0269_5_58
3,普通类本科批,0269,10269,华东师范大学,上海,公办,59,080714,电子信息科学与技术,,2,04,物理,A,化学,四年,7000,,1_3_0269_5_59
3,普通类本科批,0269,10269,华东师范大学,上海,公办,60,080703,通信工程,,4,04,物理,A,化学,四年,7000,,1_3_0269_5_60
3,普通类本科批,0269,10269,华东师范大学,上海,公办,62,080704,微电子科学与工程,,4,04,物理,A,化学,四年,7000,,1_3_0269_5_62
3,普通类本科批,0269,10269,华东师范大学,上海,公办,63,080901,计算机科学与技术,,8,04,物理,A,化学,四年,7000,,1_3_0269_5_63
3,普通类本科批,0269,10269,华东师范大学,上海,公办,64,080902,软件工程,,8,04,物理,A,化学,四年,7000,(第三、四年学费16000元/年。大三下学期至大四学年到临港我校滴水湖国际软件学院就读),1_3_0269_5_64
3,普通类本科批,0269,10269,华东师范大学,上海,公办,65,080910,数据科学与大数据技术,,5,04,物理,A,化学,四年,7000,,1_3_0269_5_65
3,普通类本科批,0269,10269,华东师范大学,上海,公办,69,070301,化学,(高校专项计划),2,04,物理,A,化学,四年,7000,"(特控线上录取)(教育部高校专项计划,只投档符合报考条件的考生)",1_3_0269_5_69
3,普通类本科批,0269,10269,华东师范大学,上海,公办,70,0710,生物科学类(生物科学、生物技术),(高校专项计划),2,04,物理,A,化学,四年,7000,"(特控线上录取)(教育部高校专项计划,只投档符合报考条件的考生)",1_3_0269_5_70
3,普通类本科批,0269,10269,华东师范大学,上海,公办,81,100701,药学,(高校专项计划),1,04,物理,A,化学,四年,7400,"(特控线上录取)(教育部高校专项计划,只投档符合报考条件的考生)",1_3_0269_5_81
3,普通类本科批,0271,10271,上海外国语大学,上海,公办,06,050204,法语,,1,04,物理,K,无限制,四年,7150,(限招英语考生)(须外语口试合格),1_3_0271_5_06
3,普通类本科批,0271,10271,上海外国语大学,上海,公办,07,050205,西班牙语,,1,04,物理,K,无限制,四年,7150,(限招英语考生)(须外语口试合格),1_3_0271_5_07
3,普通类本科批,0271,10271,上海外国语大学,上海,公办,28,050204,法语,,1,04,物理,K,无限制,四年,7960,(国际政治双学位)(限招英语考生)(须外语口试合格),1_3_0271_5_28
3,普通类本科批,0271,10271,上海外国语大学,上海,公办,AA,080910,数据科学与大数据技术(自然语言处理与金融大数据),,3,04,物理,A,化学,四年,7000,,1_3_0271_5_AA
3,普通类本科批,0271,10271,上海外国语大学,上海,公办,BB,1201,管理科学与工程类(卓越管理人才计划)[信息管理与信息系统(数据智能与商务分析)、大数据管理与应用(数智金融与量化投资)],,2,04,物理,K,无限制,四年,6500,,1_3_0271_5_BB
3,普通类本科批,0272,10272,上海财经大学,上海,公办,01,120203,会计学,,1,04,物理,K,无限制,四年,6500,,1_3_0272_5_01
3,普通类本科批,0272,10272,上海财经大学,上海,公办,04,120207,审计学,,1,04,物理,K,无限制,四年,6500,,1_3_0272_5_04
3,普通类本科批,0272,10272,上海财经大学,上海,公办,05,020301,金融学(金融学、数字与智能金融),,4,04,物理,K,无限制,四年,7150,(专业自由分流),1_3_0272_5_05
3,普通类本科批,0272,10272,上海财经大学,上海,公办,06,020301,金融学,,1,04,物理,K,无限制,四年,7150,(金融学+统计学双学士学位),1_3_0272_5_06
3,普通类本科批,0272,10272,上海财经大学,上海,公办,08,1202,工商管理类[工商管理(战略与创新创业)、工商管理(双学士学位)、工商管理(商务分析实验班)、市场营销、人力资源管理],,3,04,物理,K,无限制,四年,6500,"(入校后选拔进入工商管理+统计学双学位项目和商务分析实验班,其他专业任选)",1_3_0272_5_08
3,普通类本科批,0272,10272,上海财经大学,上海,公办,0A,020101,经济学(经济学、数量经济、双学士学位),,6,04,物理,K,无限制,四年,6500,"[含经济学、经济学(数量经济)、经济学+信息与计算科学双学士学位,专业自由分流]",1_3_0272_5_0A
3,普通类本科批,0272,10272,上海财经大学,上海,公办,0G,0712,统计学类[统计学(基地班)、经济统计学(金融统计与风险管理)、数据科学],,1,04,物理,A,化学,四年,7000,"[统计学(基地班)全校选拔,其他专业任选]",1_3_0272_5_0G
3,普通类本科批,0272,10272,上海财经大学,上海,公办,0J,080717,人工智能,,1,04,物理,A,化学,四年,7000,,1_3_0272_5_0J
3,普通类本科批,0272,10272,上海财经大学,上海,公办,0L,080910,数据科学与大数据技术,,4,04,物理,A,化学,四年,7000,,1_3_0272_5_0L
3,普通类本科批,0272,10272,上海财经大学,上海,公办,0M,0701,数学类[信息与计算科学、数学与应用数学、数学与应用数学(双学士学位)],,2,04,物理,A,化学,四年,7000,"(数学与应用数学+经济学双学士学位入校后即考核选拔,其他专业任选)",1_3_0272_5_0M
3,普通类本科批,0272,10272,上海财经大学,上海,公办,AB,080910,数据科学与大数据技术,(高校专项计划),1,04,物理,A,化学,四年,7000,"(特控线上录取)(教育部高校专项计划,只投档符合报考条件的考生)",1_3_0272_5_AB
3,普通类本科批,0280,10280,上海大学,上海,公办,50,0070,理科试验班类(数学与应用数学、信息与计算科学、应用物理学、理论与应用力学),,3,04,物理,A,化学,四年,7000,"(该类聚焦数理基础及力学领域。按类招生,原则上第一学年内进行专业分流。不招色盲考生)",1_3_0280_5_50
3,普通类本科批,0284,10284,南京大学,江苏,公办,06,00700,理科试验班(匡亚明学院励行班)(计算机科学与技术、数学与应用数学、物理学、化学),,1,04,物理,A,化学,四年,6050,"(含35个理工科专业,专业任选)",1_3_0284_5_06
3,普通类本科批,0284,10284,南京大学,江苏,公办,07,0070,理科试验班类(数理科学类)(数学与应用数学、信息与计算科学、统计学、物理学、应用物理学、声学),,4,04,物理,A,化学,四年,6050,,1_3_0284_5_07
3,普通类本科批,0284,10284,南京大学,江苏,公办,08,0807,电子信息类[电子信息科学与技术、通信工程、通信工程(低空工程实验班)、微电子科学与工程、集成电路设计与集成系统],,4,04,物理,A,化学,四年,6380,,1_3_0284_5_08
3,普通类本科批,0284,10284,南京大学,江苏,公办,09,00600,工科试验班(光电信息科学与工程、碳中和科学与工程、生物医学工程、工业工程类、材料类),(高校专项计划),2,04,物理,A,化学,四年,6380,"(特控线上100分(含)录取)(教育部高校专项计划,只投档符合报考条件的考生)",1_3_0284_5_09
3,普通类本科批,0284,10284,南京大学,江苏,公办,10,080902,软件工程(智能化软件),,3,04,物理,A,化学,四年,6380,,1_3_0284_5_10
3,普通类本科批,0284,10284,南京大学,江苏,公办,12,080901,计算机科学与技术,,2,04,物理,A,化学,四年,6050,,1_3_0284_5_12
3,普通类本科批,0284,10284,南京大学,江苏,公办,13,080717,人工智能,,3,04,物理,A,化学,四年,6380,,1_3_0284_5_13
3,普通类本科批,0284,10284,南京大学,江苏,公办,15,00700,理科试验班(匡亚明学院大理科班)(计算机科学与技术、数学与应用数学、物理学、化学),,2,04,物理,A,化学,四年,6050,"(含35个理工科专业,专业任选)",1_3_0284_5_15
3,普通类本科批,0284,10284,南京大学,江苏,公办,16,0070,理科试验班类(化学与生命科学类)(生物科学、生物技术、生态学、化学、应用化学),(高校专项计划),2,04,物理,A,化学,四年,6050,"(特控线上100分(含)录取)(教育部高校专项计划,只投档符合报考条件的考生)",1_3_0284_5_16
3,普通类本科批,0284,10284,南京大学,江苏,公办,17,0070,理科试验班类(地球科学与资源环境类)(大气科学、应用气象学、环境科学与工程类、地理科学类、地质学类),(高校专项计划),1,04,物理,A,化学,四年,6050,"(特控线上100分(含)录取)(教育部高校专项计划,只投档符合报考条件的考生)",1_3_0284_5_17
3,普通类本科批,0284,10284,南京大学,江苏,公办,20,100301,口腔医学,(高校专项计划),1,04,物理,A,化学,五年,6800,"(特控线上100分(含)录取)(教育部高校专项计划,只投档符合报考条件的考生)",1_3_0284_5_20
3,普通类本科批,0284,10284,南京大学,江苏,公办,50,100201,临床医学(卓越医师班),,2,04,物理,A,化学,五年,7480,,1_3_0284_5_50
3,普通类本科批,0284,10284,南京大学,江苏,公办,51,080901,计算机科学与技术(至诚班),,1,04,物理,A,化学,四年,6050,,1_3_0284_5_51
3,普通类本科批,0284,10284,南京大学,江苏,公办,53,080902,软件工程(至诚班),,1,04,物理,A,化学,四年,6380,,1_3_0284_5_53
3,普通类本科批,0284,10284,南京大学,江苏,公办,80,080901,计算机科学与技术(计算机金融实验班),,2,04,物理,A,化学,四年,6050,(含双学士学位),1_3_0284_5_80
3,普通类本科批,0284,10284,南京大学,江苏,公办,S1,00602,技术科学试验班[智能科学与技术、集成电路设计与集成系统、自动化(机器人方向)、数字经济],,6,04,物理,A,化学,四年,6380,,1_3_0284_5_S1
3,普通类本科批,0284,10284,南京大学,江苏,公办,S4,080710,集成电路设计与集成系统(至诚班),,1,04,物理,A,化学,四年,6380,,1_3_0284_5_S4
3,普通类本科批,0284,10284,南京大学,江苏,公办,S5,080907,智能科学与技术(至诚班),,1,04,物理,A,化学,四年,6380,,1_3_0284_5_S5
3,普通类本科批,0284,10284,南京大学,江苏,公办,S6,00600,工科试验班(未来技术学院)[智能科学与技术、集成电路设计与集成系统、自动化(机器人方向)、碳中和科学与工程、生物医学工程],,1,04,物理,A,化学,四年,6380,"(5个理工科专业,专业任选)",1_3_0284_5_S6
3,普通类本科批,0285,10285,苏州大学,江苏,公办,1F,0701,数学类[数学与应用数学、数学与应用数学(师范)],,2,04,物理,A,化学,四年,6050,,1_3_0285_5_1F
3,普通类本科批,0285,10285,苏州大学,江苏,公办,1J,070201,物理学,,2,04,物理,A,化学,四年,6050,,1_3_0285_5_1J
3,普通类本科批,0285,10285,苏州大学,江苏,公办,1Q,080501,能源与动力工程,,2,04,物理,A,化学,四年,5800,,1_3_0285_5_1Q
3,普通类本科批,0285,10285,苏州大学,江苏,公办,1X,080413,纳米材料与技术,,2,04,物理,A,化学,四年,6380,,1_3_0285_5_1X
3,普通类本科批,0285,10285,苏州大学,江苏,公办,1Y,080902,软件工程,,2,04,物理,A,化学,四年,6380,,1_3_0285_5_1Y
3,普通类本科批,0285,10285,苏州大学,江苏,公办,1Z,080901,计算机科学与技术,,3,04,物理,A,化学,四年,6380,,1_3_0285_5_1Z
3,普通类本科批,0285,10285,苏州大学,江苏,公办,20,080701,电子信息工程,,3,04,物理,A,化学,四年,6380,,1_3_0285_5_20
3,普通类本科批,0285,10285,苏州大学,江苏,公办,22,080703,通信工程,,2,04,物理,A,化学,四年,6380,,1_3_0285_5_22
3,普通类本科批,0285,10285,苏州大学,江苏,公办,24,080601,电气工程及其自动化,,2,04,物理,A,化学,四年,5800,,1_3_0285_5_24
3,普通类本科批,0285,10285,苏州大学,江苏,公办,25,080201,机械工程,,2,04,物理,A,化学,四年,5800,,1_3_0285_5_25
3,普通类本科批,0285,10285,苏州大学,江苏,公办,26,080213,智能制造工程,,2,04,物理,A,化学,四年,5800,,1_3_0285_5_26
3,普通类本科批,0285,10285,苏州大学,江苏,公办,2C,081603,非织造材料与工程,(高校专项计划),2,04,物理,A,化学,四年,6380,"(特控线上录取)(教育部高校专项计划,只投档符合报考条件的考生)",1_3_0285_5_2C
3,普通类本科批,0285,10285,苏州大学,江苏,公办,2E,080604,电气工程与智能控制,,2,04,物理,A,化学,四年,5800,,1_3_0285_5_2E
3,普通类本科批,0285,10285,苏州大学,江苏,公办,2G,081811,智慧交通,,2,04,物理,A,化学,四年,5800,,1_3_0285_5_2G
3,普通类本科批,0285,10285,苏州大学,江苏,公办,2J,080204,机械电子工程,,2,04,物理,A,化学,四年,5800,,1_3_0285_5_2J
3,普通类本科批,0285,10285,苏州大学,江苏,公办,2M,071003,生物信息学,,2,04,物理,A,化学,四年,5500,,1_3_0285_5_2M
3,普通类本科批,0285,10285,苏州大学,江苏,公办,2S,083002,生物制药,,2,04,物理,A,化学,四年,6380,(不招色弱、色盲、单色识别不全者),1_3_0285_5_2S
3,普通类本科批,0285,10285,苏州大学,江苏,公办,2X,100201,临床医学(5+3一体化),,2,04,物理,A,化学,五年,7480,(不招色弱、色盲、单色识别不全者),1_3_0285_5_2X
3,普通类本科批,0285,10285,苏州大学,江苏,公办,2Z,100201,临床医学,,2,04,物理,A,化学,五年,7480,(不招色弱、色盲、单色识别不全者),1_3_0285_5_2Z
3,普通类本科批,0286,10286,东南大学,江苏,公办,02,00600,工科试验班(智能制造与智能系统)(机器人工程、自动化、智能感知工程、智能车辆工程、测控技术与仪器、机械工程、医疗器械与装备工程),,10,04,物理,A,化学,四年,6380,,1_3_0286_5_02
3,普通类本科批,0286,10286,东南大学,江苏,公办,03,00600,工科试验班(智慧能源与电气工程)(电气工程及其自动化、电动载运工程、新能源科学与工程、能源与动力工程),,7,04,物理,A,化学,四年,6380,,1_3_0286_5_03
3,普通类本科批,0286,10286,东南大学,江苏,公办,05,00600,工科试验班(智慧建造与智能交通)(智慧交通、智能建造、交通工程、交通运输、土木工程、给排水科学与工程、工程管理、城市地下空间工程、道路桥梁与渡河工程),(高校专项计划),1,04,物理,A,化学,四年,6380,"(高考总成绩达到特殊类型录取控制分数线上60分)(教育部高校专项计划,只投档符合报考条件的考生)",1_3_0286_5_05
3,普通类本科批,0286,10286,东南大学,江苏,公办,06,0807,电子信息类(信息工程、电子科学与技术、海洋信息工程),,10,04,物理,A,化学,四年,6380,,1_3_0286_5_06
3,普通类本科批,0286,10286,东南大学,江苏,公办,08,080710,集成电路设计与集成系统,,6,04,物理,A,化学,四年,6380,,1_3_0286_5_08
3,普通类本科批,0286,10286,东南大学,江苏,公办,09,0809,计算机类(计算机科学与技术、人工智能、软件工程、网络空间安全),,8,04,物理,A,化学,四年,6380,,1_3_0286_5_09
3,普通类本科批,0286,10286,东南大学,江苏,公办,11,082601,生物医学工程(学制七年本硕连读),,6,04,物理,A,化学,四年,6380,,1_3_0286_5_11
3,普通类本科批,0286,10286,东南大学,江苏,公办,15,00600,工科试验班(吴健雄班)[信息工程(等四年制理工科专业)],,10,04,物理,A,化学,四年,6380,,1_3_0286_5_15
3,普通类本科批,0287,10287,南京航空航天大学,江苏,公办,0A,0820,航空航天类(长空创新班)(飞行器设计与工程、飞行器环境与生命保障工程、飞行器动力工程、飞行器制造工程、航空航天工程),,2,04,物理,A,化学,四年,6380,,1_3_0287_5_0A
3,普通类本科批,0287,10287,南京航空航天大学,江苏,公办,0G,080501,能源与动力工程(拔尖创新班),,2,04,物理,A,化学,四年,6380,,1_3_0287_5_0G
3,普通类本科批,0287,10287,南京航空航天大学,江苏,公办,0H,080803,机器人工程(拔尖创新班),,2,04,物理,A,化学,四年,5800,,1_3_0287_5_0H
3,普通类本科批,0287,10287,南京航空航天大学,江苏,公办,0Q,082002,飞行器设计与工程(航空工业集团定制班),,2,04,物理,A,化学,四年,6380,,1_3_0287_5_0Q
3,普通类本科批,0287,10287,南京航空航天大学,江苏,公办,0R,080201,机械工程(航空工业集团定制班),,2,04,物理,A,化学,四年,6380,,1_3_0287_5_0R
3,普通类本科批,0287,10287,南京航空航天大学,江苏,公办,0W,080714,电子信息科学与技术(航天科工集团定制班),,2,04,物理,A,化学,四年,6380,"(一、二年级在常州市天目湖校区就读,三、四年级在南京市将军路校区就读)",1_3_0287_5_0W
3,普通类本科批,0287,10287,南京航空航天大学,江苏,公办,1A,0820,航空航天类(飞行器设计与工程、飞行器环境与生命保障工程、飞行器动力工程、飞行器制造工程、航空航天工程),,38,04,物理,A,化学,四年,6380,,1_3_0287_5_1A
3,普通类本科批,0287,10287,南京航空航天大学,江苏,公办,1B,080102,工程力学(钱伟长班),,2,04,物理,A,化学,四年,6380,,1_3_0287_5_1B
3,普通类本科批,0287,10287,南京航空航天大学,江苏,公办,1C,082010,智能飞行器技术,,2,04,物理,A,化学,四年,6380,,1_3_0287_5_1C
3,普通类本科批,0287,10287,南京航空航天大学,江苏,公办,1G,080801,自动化,,3,04,物理,A,化学,四年,6380,"(一、二年级在常州市天目湖校区就读,三、四年级在南京市将军路校区就读)",1_3_0287_5_1G
3,普通类本科批,0287,10287,南京航空航天大学,江苏,公办,1H,080601,电气工程及其自动化,,4,04,物理,A,化学,四年,6380,"(一、二年级在常州市天目湖校区就读,三、四年级在南京市将军路校区就读)",1_3_0287_5_1H
3,普通类本科批,0287,10287,南京航空航天大学,江苏,公办,1L,082103,探测制导与控制技术,,2,04,物理,A,化学,四年,6380,"(一、二年级在常州市天目湖校区就读,三、四年级在南京市将军路校区就读)",1_3_0287_5_1L
3,普通类本科批,0287,10287,南京航空航天大学,江苏,公办,1P,0807,电子信息类(电子信息科学与技术、信息工程),,10,04,物理,A,化学,四年,6380,"(一、二年级在常州市天目湖校区就读,三、四年级在南京市将军路校区就读)",1_3_0287_5_1P
3,普通类本科批,0287,10287,南京航空航天大学,江苏,公办,1Q,080201,机械工程,,2,04,物理,A,化学,四年,6380,,1_3_0287_5_1Q
3,普通类本科批,0287,10287,南京航空航天大学,江苏,公办,1S,080803,机器人工程,,5,04,物理,A,化学,四年,5800,,1_3_0287_5_1S
3,普通类本科批,0287,10287,南京航空航天大学,江苏,公办,1Z,082007,飞行器适航技术,,2,04,物理,A,化学,四年,5800,"(一、二年级在常州市天目湖校区就读,三、四年级在南京市将军路校区就读)",1_3_0287_5_1Z
3,普通类本科批,0287,10287,南京航空航天大学,江苏,公办,22,070102,"信息与计算科学(信息与计算科学
+人工智能双学士学位培养项目)",,2,04,物理,A,化学,四年,6380,"(一、二年级在常州市天目湖校区就读,三、四年级在南京市将军路校区就读)",1_3_0287_5_22
3,普通类本科批,0287,10287,南京航空航天大学,江苏,公办,2A,080705,光电信息科学与工程,,2,04,物理,A,化学,四年,5800,,1_3_0287_5_2A
3,普通类本科批,0287,10287,南京航空航天大学,江苏,公办,2B,082008,飞行器控制与信息工程,,3,04,物理,A,化学,四年,6380,,1_3_0287_5_2B
3,普通类本科批,0287,10287,南京航空航天大学,江苏,公办,2C,080901,计算机科学与技术,,2,04,物理,A,化学,四年,6380,"(一、二年级在常州市天目湖校区就读,三、四年级在南京市将军路校区就读)",1_3_0287_5_2C
3,普通类本科批,0287,10287,南京航空航天大学,江苏,公办,2D,080902,软件工程,,4,04,物理,A,化学,四年,6380,"(一、二年级在常州市天目湖校区就读,三、四年级在南京市将军路校区就读)",1_3_0287_5_2D
3,普通类本科批,0287,10287,南京航空航天大学,江苏,公办,2E,080905,物联网工程,,2,04,物理,A,化学,四年,6380,"(一、二年级在常州市天目湖校区就读,三、四年级在南京市将军路校区就读)",1_3_0287_5_2E
3,普通类本科批,0287,10287,南京航空航天大学,江苏,公办,2F,080904,信息安全,,2,04,物理,A,化学,四年,6380,"(一、二年级在常州市天目湖校区就读,三、四年级在南京市将军路校区就读)",1_3_0287_5_2F
3,普通类本科批,0287,10287,南京航空航天大学,江苏,公办,2H,082009,无人驾驶航空器系统工程,,4,04,物理,A,化学,四年,6380,(入学后在天目湖校区就读),1_3_0287_5_2H
3,普通类本科批,0287,10287,南京航空航天大学,江苏,公办,2L,140003,低空技术与工程,,2,04,物理,A,化学,四年,6380,(入学后在天目湖校区就读),1_3_0287_5_2L
3,普通类本科批,0287,10287,南京航空航天大学,江苏,公办,2P,080704,微电子科学与工程(集成电路设计),,4,04,物理,A,化学,四年,5800,"(一、二年级在常州市天目湖校区就读,三、四年级在南京市将军路校区就读)",1_3_0287_5_2P
3,普通类本科批,0287,10287,南京航空航天大学,江苏,公办,2Q,080717,人工智能,,3,04,物理,A,化学,四年,6380,"(一、二年级在常州市天目湖校区就读,三、四年级在南京市将军路校区就读)",1_3_0287_5_2Q
3,普通类本科批,0287,10287,南京航空航天大学,江苏,公办,2R,140012,具身智能,,2,04,物理,A,化学,四年,6380,"(一、二年级在常州市天目湖校区就读,三、四年级在南京市将军路校区就读)",1_3_0287_5_2R
3,普通类本科批,0287,10287,南京航空航天大学,江苏,公办,2U,120701H,工业工程(中外合作办学),,3,04,物理,A,化学,四年,65000,,1_3_0287_5_2U
3,普通类本科批,0287,10287,南京航空航天大学,江苏,公办,2V,082008H,飞行器控制与信息工程(中外合作办学),,2,04,物理,A,化学,四年,待定,"(第一阶段学习地点在将军路校区,第二阶段学习地点根据培养计划具体安排)",1_3_0287_5_2V
3,普通类本科批,0287,10287,南京航空航天大学,江苏,公办,2W,070202H,应用物理学(中外合作办学),,3,04,物理,A,化学,四年,待定,"(第一阶段学习地点在天目湖校区,第二阶段学习地点根据培养计划具体安排)",1_3_0287_5_2W
3,普通类本科批,0287,10287,南京航空航天大学,江苏,公办,54,080207,车辆工程(智能无人系统),(高校专项计划),1,04,物理,A,化学,四年,6380,"[高考投档成绩(含政策性加分)需达到特殊类型招生控制分数线之上50分(含)](教育部高校专项计划,只投档符合报考条件的考生)",1_3_0287_5_54
3,普通类本科批,0287,10287,南京航空航天大学,江苏,公办,5K,070302,应用化学(能源方向),(高校专项计划),1,04,物理,A,化学,四年,5500,"[因专业培养需要,色盲、色弱不建议报考；一、二年级在常州市天目湖校区就读,三、四年级在南京市将军路校区就读,高考投档成绩(含政策性加分)需达到特殊类型招生控制分数线之上50分(含)](教育部高校专项计划,只投档符合报考条件的考生)",1_3_0287_5_5K
3,普通类本科批,0287,10287,南京航空航天大学,江苏,公办,8D,080207,车辆工程(智能无人系统)(民族班),(民族班),1,04,物理,A,化学,四年,6380,(只招少数民族考生),1_3_0287_5_8D
3,普通类本科批,0287,10287,南京航空航天大学,江苏,公办,8R,082007,飞行器适航技术(民族班),(民族班),1,04,物理,A,化学,四年,5800,"(只招少数民族考生)(一、二年级在常州市天目湖校区就读,三、四年级在南京市将军路校区就读)",1_3_0287_5_8R
3,普通类本科批,0287,10287,南京航空航天大学,江苏,公办,96,070202,应用物理学(应用物理学+电子信息科学与技术双学士学位培养项目)(民族班),(民族班),1,04,物理,A,化学,四年,6380,"(只招少数民族考生)(一、二年级在常州市天目湖校区就读,三、四年级在南京市将军路校区就读)",1_3_0287_5_96
3,普通类本科批,0288,10288,南京理工大学,江苏,公办,11,0807,电子信息类(鼎新创新人才班)(通信工程、电子信息工程、电子科学与技术、光电信息科学与工程),,1,04,物理,A,化学,四年,6380,(大学四年在南京校区学习),1_3_0288_5_11
3,普通类本科批,0288,10288,南京理工大学,江苏,公办,13,0809,计算机类(大成创新人才班)(计算机科学与技术、软件工程),,2,04,物理,A,化学,四年,6380,(大学四年在南京校区学习),1_3_0288_5_13
3,普通类本科批,0288,10288,南京理工大学,江苏,公办,14,0807,电子信息类(大成创新人才班)(电子信息工程、电子科学与技术、光电信息科学与工程、通信工程),,2,04,物理,A,化学,四年,6380,(大学四年在南京校区学习),1_3_0288_5_14
3,普通类本科批,0288,10288,南京理工大学,江苏,公办,16,0820,航空航天类(大成创新人才班)(飞行器设计与工程、低空技术与工程),,1,04,物理,A,化学,四年,5800,(大学四年在南京校区学习),1_3_0288_5_16
3,普通类本科批,0288,10288,南京理工大学,江苏,公办,17,0821,兵器类(智能无人系统方向)(武器系统与工程、弹药工程与爆炸技术),,8,04,物理,A,化学,四年,6380,"(第一学年在江阴校区学习,第二、三、四学年在南京校区学习)",1_3_0288_5_17
3,普通类本科批,0288,10288,南京理工大学,江苏,公办,18,0820,航空航天类(飞行器设计与工程、低空技术与工程),,8,04,物理,A,化学,四年,5800,"(第一学年在江阴校区学习,第二、三、四学年在南京校区学习)",1_3_0288_5_18
3,普通类本科批,0288,10288,南京理工大学,江苏,公办,19,0809,计算机类(计算机科学与技术、软件工程),,22,04,物理,A,化学,四年,6380,"(第一学年在江阴校区学习,第二、三、四学年在南京校区学习)",1_3_0288_5_19
3,普通类本科批,0288,10288,南京理工大学,江苏,公办,20,0808,自动化类(自动化、电气工程及其自动化、智能电网信息工程),,20,04,物理,A,化学,四年,6380,"(第一学年在江阴校区学习,第二、三、四学年在南京校区学习)",1_3_0288_5_20
3,普通类本科批,0288,10288,南京理工大学,江苏,公办,21,0807,电子信息类(信息通信与光电感知方向)(电子信息工程、电子科学与技术、光电信息科学与工程、探测制导与控制技术、通信工程),,40,04,物理,A,化学,四年,6380,"(第一学年在江阴校区学习,第二、三、四学年在南京校区学习)",1_3_0288_5_21
3,普通类本科批,0288,10288,南京理工大学,江苏,公办,22,0807,电子信息类(微纳电子器件与集成电路方向)(微电子科学与工程),,6,04,物理,A,化学,四年,6380,"(第一学年在江阴校区学习,第二、三、四学年在南京校区学习)",1_3_0288_5_22
3,普通类本科批,0288,10288,南京理工大学,江苏,公办,54,082901,安全工程,(高校专项计划),2,04,物理,A,化学,四年,5800,"(第一学年在江阴校区学习,第二、三、四学年在南京校区学习)(特控线上录取)(教育部高校专项计划,只投档符合报考条件的考生)",1_3_0288_5_54
3,普通类本科批,0288,10288,南京理工大学,江苏,公办,58,080907,智能科学与技术,,2,04,物理,A,化学,四年,6380,(大学四年在江阴校区学习),1_3_0288_5_58
3,普通类本科批,0288,10288,南京理工大学,江苏,公办,59,080910,数据科学与大数据技术,,2,04,物理,A,化学,四年,6380,(大学四年在江阴校区学习),1_3_0288_5_59
3,普通类本科批,0288,10288,南京理工大学,江苏,公办,60,080911,网络空间安全,,2,04,物理,A,化学,四年,6380,(大学四年在江阴校区学习),1_3_0288_5_60
3,普通类本科批,0290,10290,中国矿业大学,江苏,公办,01,080601,电气工程及其自动化,,7,04,物理,A,化学,四年,5800,,1_3_0290_5_01
3,普通类本科批,0290,10290,中国矿业大学,江苏,公办,02,080803,机器人工程,,5,04,物理,A,化学,四年,5800,,1_3_0290_5_02
3,普通类本科批,0290,10290,中国矿业大学,江苏,公办,03,080710,集成电路设计与集成系统,,3,04,物理,A,化学,四年,5800,,1_3_0290_5_03
3,普通类本科批,0290,10290,中国矿业大学,江苏,公办,04,080801,自动化,,4,04,物理,A,化学,四年,5800,,1_3_0290_5_04
3,普通类本科批,0290,10290,中国矿业大学,江苏,公办,05,080701,电子信息工程,,4,04,物理,A,化学,四年,5800,,1_3_0290_5_05
3,普通类本科批,0290,10290,中国矿业大学,江苏,公办,06,0802,机械类(智能制造工程、机械工程),,9,04,物理,A,化学,四年,5800,,1_3_0290_5_06
3,普通类本科批,0290,10290,中国矿业大学,江苏,公办,07,0805,能源动力类(储能科学与工程、能源与动力工程),,16,04,物理,A,化学,四年,5800,,1_3_0290_5_07
3,普通类本科批,0290,10290,中国矿业大学,江苏,公办,0A,0809,计算机类(计算机科学与技术、信息安全、数据科学与大数据技术),,6,04,物理,A,化学,四年,5800,,1_3_0290_5_0A
3,普通类本科批,0290,10290,中国矿业大学,江苏,公办,0B,080717,人工智能,,5,04,物理,A,化学,四年,5800,,1_3_0290_5_0B
3,普通类本科批,0290,10290,中国矿业大学,江苏,公办,0D,0829,安全科学与工程类(安全工程、消防工程、职业卫生工程、应急技术与管理),,5,04,物理,A,化学,四年,5800,,1_3_0290_5_0D
3,普通类本科批,0290,10290,中国矿业大学,江苏,公办,0E,080414,新能源材料与器件,,4,04,物理,A,化学,四年,5800,,1_3_0290_5_0E
3,普通类本科批,0290,10290,中国矿业大学,江苏,公办,0F,0702,物理学类(应用物理学、光电信息科学与工程),,6,04,物理,A,化学,四年,5500,,1_3_0290_5_0F
3,普通类本科批,0290,10290,中国矿业大学,江苏,公办,0G,0701,数学类(数学与应用数学、统计学),,8,04,物理,A,化学,四年,5500,,1_3_0290_5_0G
3,普通类本科批,0290,10290,中国矿业大学,江苏,公办,0J,0812,测绘类(测绘工程、地理信息科学),(高校专项计划),2,04,物理,A,化学,四年,5500,"(特控线上录取)(教育部高校专项计划,只投档符合报考条件的考生)",1_3_0290_5_0J
3,普通类本科批,0290,10290,中国矿业大学,江苏,公办,0K,081202,遥感科学与技术,,4,04,物理,A,化学,四年,5800,,1_3_0290_5_0K
3,普通类本科批,0290,10290,中国矿业大学,江苏,公办,0L,080206,过程装备与控制工程,,4,04,物理,A,化学,四年,5800,(不招收色盲、色弱、单色识别不全),1_3_0290_5_0L
3,普通类本科批,0290,10290,中国矿业大学,江苏,公办,0R,080102,工程力学,,3,04,物理,A,化学,四年,5800,,1_3_0290_5_0R
3,普通类本科批,0290,10290,中国矿业大学,江苏,公办,0V,080205,工业设计,,4,04,物理,A,化学,四年,5800,,1_3_0290_5_0V
3,普通类本科批,0290,10290,中国矿业大学,江苏,公办,0Y,082502,环境工程,(高校专项计划),2,04,物理,A,化学,四年,5800,"(不招收色盲、色弱、单色识别不全)(特控线上录取)(教育部高校专项计划,只投档符合报考条件的考生)",1_3_0290_5_0Y
3,普通类本科批,0290,10290,中国矿业大学,江苏,公办,1A,120108,大数据管理与应用,,6,04,物理,K,无限制,四年,5200,(不招单色识别不全者),1_3_0290_5_1A
3,普通类本科批,0290,10290,中国矿业大学,江苏,公办,1U,081001H,土木工程(中外合作办学),,4,04,物理,A,化学,四年,26400,"(澳大利亚格里菲斯大学合办)(分类投档,只招收填报此类专业志愿的考生)",1_3_0290_5_1U
3,普通类本科批,0290,10290,中国矿业大学,江苏,公办,1V,081002H,建筑环境与能源应用工程(中外合作办学),,4,04,物理,A,化学,四年,26400,"(澳大利亚皇家墨尔本理工大学合办)(分类投档,只招收填报此类专业志愿的考生)",1_3_0290_5_1V
3,普通类本科批,0294,10294,河海大学,江苏,公办,A1,081102,水文与水资源工程,,5,04,物理,A,化学,四年,6380,"(大一、大三、大四在南京相应校区学习,大二在常州校区学习)",1_3_0294_5_A1
3,普通类本科批,0294,10294,河海大学,江苏,公办,A2,081104,水务工程,,2,04,物理,A,化学,四年,6380,"(大一、大三、大四在南京相应校区学习,大二在常州校区学习)",1_3_0294_5_A2
3,普通类本科批,0294,10294,河海大学,江苏,公办,B1,081101,水利水电工程,,7,04,物理,A,化学,四年,6380,"(大一、大三、大四在南京相应校区学习,大二在常州校区学习)",1_3_0294_5_B1
3,普通类本科批,0294,10294,河海大学,江苏,公办,B2,081106,智慧水利,,2,04,物理,A,化学,四年,6380,"(大一、大三、大四在南京相应校区学习,大二在常州校区学习)",1_3_0294_5_B2
3,普通类本科批,0294,10294,河海大学,江苏,公办,C1,081103,港口航道与海岸工程,,6,04,物理,A,化学,四年,6380,"(大一、大三、大四在南京相应校区学习,大二在常州校区学习)",1_3_0294_5_C1
3,普通类本科批,0294,10294,河海大学,江苏,公办,C2,081901,船舶与海洋工程,,2,04,物理,A,化学,四年,5800,"(大一、大三、大四在南京相应校区学习,大二在常州校区学习)",1_3_0294_5_C2
3,普通类本科批,0294,10294,河海大学,江苏,公办,C3,081903,海洋资源开发技术,,2,04,物理,A,化学,四年,6380,"(大一、大三、大四在南京相应校区学习,大二在常州校区学习)",1_3_0294_5_C3
3,普通类本科批,0294,10294,河海大学,江苏,公办,D2,081008,智能建造,,2,04,物理,A,化学,四年,5800,"(大一、大三、大四在南京相应校区学习,大二在常州校区学习)",1_3_0294_5_D2
3,普通类本科批,0294,10294,河海大学,江苏,公办,D3,081802,交通工程,,2,04,物理,A,化学,四年,6380,"(大一、大三、大四在南京相应校区学习,大二在常州校区学习)",1_3_0294_5_D3
3,普通类本科批,0294,10294,河海大学,江苏,公办,E1,081003,给排水科学与工程,,2,04,物理,A,化学,四年,6380,"(大一、大三、大四在南京相应校区学习,大二在常州校区学习)",1_3_0294_5_E1
3,普通类本科批,0294,10294,河海大学,江苏,公办,F1,080501,能源与动力工程,,2,04,物理,A,化学,四年,6380,"(大一、大三、大四在南京相应校区学习,大二在常州校区学习)",1_3_0294_5_F1
3,普通类本科批,0294,10294,河海大学,江苏,公办,F2,080601,电气工程及其自动化,,3,04,物理,A,化学,四年,6380,"(大一、大三、大四在南京相应校区学习,大二在常州校区学习)",1_3_0294_5_F2
3,普通类本科批,0294,10294,河海大学,江苏,公办,G1,080901,计算机科学与技术,,5,04,物理,A,化学,四年,6380,"(大一、大三、大四在南京相应校区学习,大二在常州校区学习)",1_3_0294_5_G1
3,普通类本科批,0294,10294,河海大学,江苏,公办,H1,070202,应用物理学,,2,04,物理,A,化学,四年,5500,"(大一、大三、大四在南京相应校区学习,大二在常州校区学习)",1_3_0294_5_H1
3,普通类本科批,0294,10294,河海大学,江苏,公办,H2,080102,工程力学(科教融汇菁英班),,3,04,物理,A,化学,四年,6380,"(大一、大三、大四在南京相应校区学习,大二在常州校区学习)",1_3_0294_5_H2
3,普通类本科批,0294,10294,河海大学,江苏,公办,K2,082305,农业水利工程(产教融合卓越班),,2,04,物理,A,化学,四年,6380,"(大一、大三、大四在南京相应校区学习,大二在常州校区学习)",1_3_0294_5_K2
3,普通类本科批,0294,10294,河海大学,江苏,公办,L2,070701,海洋科学(科教融汇菁英班),,3,04,物理,A,化学,四年,6050,"(大一、大三、大四在南京相应校区学习,大二在常州校区学习)",1_3_0294_5_L2
3,普通类本科批,0294,10294,河海大学,江苏,公办,L3,070702,海洋技术,,2,04,物理,A,化学,四年,6050,"(大一、大三、大四在南京相应校区学习,大二在常州校区学习)",1_3_0294_5_L3
3,普通类本科批,0294,10294,河海大学,江苏,公办,M2,070504,地理信息科学,,2,04,物理,A,化学,四年,5500,"(大一、大三、大四在南京相应校区学习,大二在常州校区学习)",1_3_0294_5_M2
3,普通类本科批,0294,10294,河海大学,江苏,公办,M3,081202,遥感科学与技术,,2,04,物理,A,化学,四年,5800,"(大一、大三、大四在南京相应校区学习,大二在常州校区学习)",1_3_0294_5_M3
3,普通类本科批,0294,10294,河海大学,江苏,公办,N1,0701,数学类(数学与应用数学、信息与计算科学),,2,04,物理,A,化学,四年,5500,"(大一、大三、大四在南京相应校区学习,大二在常州校区学习)",1_3_0294_5_N1
3,普通类本科批,0294,10294,河海大学,江苏,公办,P7,120108,大数据管理与应用,,2,04,物理,K,无限制,四年,5720,"(大一、大三、大四在南京相应校区学习,大二在常州校区学习)",1_3_0294_5_P7
3,普通类本科批,0294,10294,河海大学,江苏,公办,Q4,120111,应急管理(应急管理+环境工程双学士学位),,2,04,物理,K,无限制,四年,6380,"(大一、大三、大四在南京相应校区学习,大二在常州校区学习)",1_3_0294_5_Q4
3,普通类本科批,0294,10294,河海大学,江苏,公办,V3,0811,水利类(大禹拔尖人才培养班)(水文与水资源工程、水利水电工程、港口航道与海岸工程),,2,04,物理,A,化学,四年,6380,"(大一、大三、大四在南京相应校区学习,大二在常州校区学习)",1_3_0294_5_V3
3,普通类本科批,0294,10294,河海大学,江苏,公办,XB,080201,机械工程(产教融合卓越班),,2,04,物理,A,化学,四年,5800,"(大一在南京相应校区学习,大二起在常州校区学习)",1_3_0294_5_XB
3,普通类本科批,0294,10294,河海大学,江苏,公办,XC,080213,智能制造工程,,3,04,物理,A,化学,四年,5800,"(大一在南京相应校区学习,大二起在常州校区学习)",1_3_0294_5_XC
3,普通类本科批,0294,10294,河海大学,江苏,公办,XD,080803,机器人工程,,2,04,物理,A,化学,四年,5800,"(大一在南京相应校区学习,大二起在常州校区学习)",1_3_0294_5_XD
3,普通类本科批,0294,10294,河海大学,江苏,公办,XF,080703,通信工程,,2,04,物理,A,化学,四年,6380,"(大一在南京相应校区学习,大二起在常州校区学习)",1_3_0294_5_XF
3,普通类本科批,0294,10294,河海大学,江苏,公办,XG,080905,物联网工程,,2,04,物理,A,化学,四年,6380,"(大一在南京相应校区学习,大二起在常州校区学习)",1_3_0294_5_XG
3,普通类本科批,0294,10294,河海大学,江苏,公办,XJ,080717,人工智能,,2,04,物理,A,化学,四年,6380,"(大一在南京相应校区学习,大二起在常州校区学习)",1_3_0294_5_XJ
3,普通类本科批,0294,10294,河海大学,江苏,公办,XL,080801,自动化(产教融合卓越班),,2,04,物理,A,化学,四年,6380,"(大一在南京相应校区学习,大二起在常州校区学习)",1_3_0294_5_XL
3,普通类本科批,0294,10294,河海大学,江苏,公办,XM,080907,智能科学与技术,,2,04,物理,A,化学,四年,6380,"(大一在南京相应校区学习,大二起在常州校区学习)",1_3_0294_5_XM
3,普通类本科批,0294,10294,河海大学,江苏,公办,XN,080503,新能源科学与工程,,3,04,物理,A,化学,四年,6380,"(大一在南京相应校区学习,大二起在常州校区学习)",1_3_0294_5_XN
3,普通类本科批,0294,10294,河海大学,江苏,公办,XQ,080401,材料科学与工程,,2,04,物理,A,化学,四年,6380,"(大一在南京相应校区学习,大二起在常州校区学习)",1_3_0294_5_XQ
3,普通类本科批,0294,10294,河海大学,江苏,公办,XT,020302,金融工程,,2,04,物理,K,无限制,四年,5200,"(大一在南京相应校区学习,大二起在常州校区学习)",1_3_0294_5_XT
3,普通类本科批,0295,10295,江南大学,江苏,公办,06,082701,食品科学与工程,,3,04,物理,A,化学,四年,6380,(色盲、色弱及不能准确识别红、黄、绿、兰、紫各种颜色中任何一种颜色的导线、按键、信号灯、几何图形者不予录取),1_3_0295_5_06
3,普通类本科批,0295,10295,江南大学,江苏,公办,08,082710,食品营养与健康,,2,04,物理,A,化学,四年,5800,,1_3_0295_5_08
3,普通类本科批,0295,10295,江南大学,江苏,公办,09,083001,生物工程,,2,04,物理,A,化学,四年,6380,(色盲、色弱及不能准确识别红、黄、绿、兰、紫各种颜色中任何一种颜色的导线、按键、信号灯、几何图形者不予录取),1_3_0295_5_09
3,普通类本科批,0295,10295,江南大学,江苏,公办,12,071002,生物技术,,3,04,物理,A,化学,四年,6050,(色盲、色弱及不能准确识别红、黄、绿、兰、紫各种颜色中任何一种颜色的导线、按键、信号灯、几何图形者不予录取),1_3_0295_5_12
3,普通类本科批,0295,10295,江南大学,江苏,公办,13,082705,酿酒工程,,4,04,物理,A,化学,四年,6380,,1_3_0295_5_13
3,普通类本科批,0295,10295,江南大学,江苏,公办,14,083003,合成生物学,,2,04,物理,A,化学,四年,5800,,1_3_0295_5_14
3,普通类本科批,0295,10295,江南大学,江苏,公办,16,081601,纺织工程,,5,04,物理,A,化学,四年,6380,,1_3_0295_5_16
3,普通类本科批,0295,10295,江南大学,江苏,公办,17,081701,轻化工程,,5,04,物理,A,化学,四年,6380,(色盲、色弱及不能准确识别红、黄、绿、兰、紫各种颜色中任何一种颜色的导线、按键、信号灯、几何图形者不予录取),1_3_0295_5_17
3,普通类本科批,0295,10295,江南大学,江苏,公办,19,080407,高分子材料与工程,,5,04,物理,A,化学,四年,6380,(色盲、色弱及不能准确识别红、黄、绿、兰、紫各种颜色中任何一种颜色的导线、按键、信号灯、几何图形者不予录取),1_3_0295_5_19
3,普通类本科批,0295,10295,江南大学,江苏,公办,20,070302,应用化学,,3,04,物理,A,化学,四年,6050,(色盲、色弱及不能准确识别红、黄、绿、兰、紫各种颜色中任何一种颜色的导线、按键、信号灯、几何图形者不予录取),1_3_0295_5_20
3,普通类本科批,0295,10295,江南大学,江苏,公办,24,081302,制药工程,,4,04,物理,A,化学,四年,6380,(色盲、色弱及不能准确识别红、黄、绿、兰、紫各种颜色中任何一种颜色的导线、按键、信号灯、几何图形者不予录取),1_3_0295_5_24
3,普通类本科批,0295,10295,江南大学,江苏,公办,27,100201,临床医学,,2,04,物理,A,化学,五年,6800,(色盲、色弱及不能准确识别红、黄、绿、兰、紫各种颜色中任何一种颜色的导线、按键、信号灯、几何图形者不予录取),1_3_0295_5_27
3,普通类本科批,0295,10295,江南大学,江苏,公办,28,100401,预防医学,,2,04,物理,A,化学,五年,6800,(色盲、色弱及不能准确识别红、黄、绿、兰、紫各种颜色中任何一种颜色的导线、按键、信号灯、几何图形者不予录取),1_3_0295_5_28
3,普通类本科批,0295,10295,江南大学,江苏,公办,29,080905,物联网工程,,4,04,物理,A,化学,四年,6380,,1_3_0295_5_29
3,普通类本科批,0295,10295,江南大学,江苏,公办,31,080801,自动化,,5,04,物理,A,化学,四年,6380,,1_3_0295_5_31
3,普通类本科批,0295,10295,江南大学,江苏,公办,33,080704,微电子科学与工程,,3,04,物理,A,化学,四年,6380,,1_3_0295_5_33
3,普通类本科批,0295,10295,江南大学,江苏,公办,35,070102,信息与计算科学,,4,04,物理,A,化学,四年,5500,,1_3_0295_5_35
3,普通类本科批,0295,10295,江南大学,江苏,公办,36,080705,光电信息科学与工程,,2,04,物理,A,化学,四年,5800,,1_3_0295_5_36
3,普通类本科批,0295,10295,江南大学,江苏,公办,37,080201,机械工程,,8,04,物理,A,化学,四年,5800,,1_3_0295_5_37
3,普通类本科批,0295,10295,江南大学,江苏,公办,38,080803,机器人工程,,3,04,物理,A,化学,四年,5800,,1_3_0295_5_38
3,普通类本科批,0295,10295,江南大学,江苏,公办,40,080213,智能制造工程,,3,04,物理,A,化学,四年,5800,,1_3_0295_5_40
3,普通类本科批,0295,10295,江南大学,江苏,公办,41,080205,工业设计,,2,04,物理,A,化学,四年,5800,,1_3_0295_5_41
3,普通类本科批,0295,10295,江南大学,江苏,公办,44,080717,人工智能,,4,04,物理,A,化学,四年,6380,,1_3_0295_5_44
3,普通类本科批,0295,10295,江南大学,江苏,公办,46,020109,数字经济,,4,04,物理,K,无限制,四年,5200,(不能准确识别红、黄、绿、兰、紫各种颜色中任何一种颜色的导线、按键、信号灯、几何图形者不予录取),1_3_0295_5_46
3,普通类本科批,0295,10295,江南大学,江苏,公办,48,120108,大数据管理与应用,,3,04,物理,K,无限制,四年,5200,(不能准确识别红、黄、绿、兰、紫各种颜色中任何一种颜色的导线、按键、信号灯、几何图形者不予录取),1_3_0295_5_48
3,普通类本科批,0295,10295,江南大学,江苏,公办,53,040117,人工智能教育,,3,04,物理,A,化学,四年,5200,,1_3_0295_5_53
3,普通类本科批,0295,10295,江南大学,江苏,公办,AB,080201,机械工程,(高校专项计划),2,04,物理,A,化学,四年,5800,"(特控线上录取)(教育部高校专项计划,只投档符合报考条件的考生)",1_3_0295_5_AB
3,普通类本科批,0295,10295,江南大学,江苏,公办,H3,120108H,大数据管理与应用(中外合作办学),,3,04,物理,K,无限制,四年,26400,"(不能准确识别红、黄、绿、兰、紫各种颜色中任何一种颜色的导线、按键、信号灯、几何图形者不予录取)(第四学年赴澳大利亚莫纳什大学学习,国外学习阶段学费按协议执行)",1_3_0295_5_H3
3,普通类本科批,0307,10307,南京农业大学,江苏,公办,01,090101,农学,,3,04,物理,A,化学,四年,2750,(不招色盲色弱且不招单色识别不全者),1_3_0307_5_01
3,普通类本科批,0307,10307,南京农业大学,江苏,公办,02,090105,种子科学与工程,,2,04,物理,A,化学,四年,2750,,1_3_0307_5_02
3,普通类本科批,0307,10307,南京农业大学,江苏,公办,04,090116,生物育种科学,,5,04,物理,A,化学,四年,5500,,1_3_0307_5_04
3,普通类本科批,0307,10307,南京农业大学,江苏,公办,05,090103,植物保护,,5,04,物理,A,化学,四年,2750,(不招色盲色弱且不招单色识别不全者),1_3_0307_5_05
3,普通类本科批,0307,10307,南京农业大学,江苏,公办,06,0825,环境科学与工程类(环境工程、环境科学、农业资源与环境、生态学),,4,04,物理,A,化学,四年,2750,,1_3_0307_5_06
3,普通类本科批,0307,10307,南京农业大学,江苏,公办,10,090102,园艺,,2,04,物理,A,化学,四年,2750,(不招色盲色弱且不招单色识别不全者),1_3_0307_5_10
3,普通类本科批,0307,10307,南京农业大学,江苏,公办,11,090502,园林,,2,04,物理,B,生物,四年,2500,(不招色盲色弱且不招单色识别不全者),1_3_0307_5_11
3,普通类本科批,0307,10307,南京农业大学,江苏,公办,14,090301,动物科学,,3,04,物理,A,化学,四年,2750,(不招色盲色弱且不招单色识别不全者),1_3_0307_5_14
3,普通类本科批,0307,10307,南京农业大学,江苏,公办,17,020401,国际经济与贸易,,2,04,物理,K,无限制,四年,5200,,1_3_0307_5_17
3,普通类本科批,0307,10307,南京农业大学,江苏,公办,18,120301,农林经济管理,,2,04,物理,K,无限制,四年,5720,(不招单色识别不全者),1_3_0307_5_18
3,普通类本科批,0307,10307,南京农业大学,江苏,公办,20,020109,数字经济,,4,04,物理,K,无限制,四年,5200,(不招单色识别不全者),1_3_0307_5_20
3,普通类本科批,0307,10307,南京农业大学,江苏,公办,21,0904,动物医学类(动物医学、动物药学、兽医公共卫生),,8,04,物理,A,化学,五年,2500,,1_3_0307_5_21
3,普通类本科批,0307,10307,南京农业大学,江苏,公办,23,0827,食品科学与工程类(食品科学与工程、食品质量与安全、生物工程、食品营养与健康),,10,04,物理,A,化学,四年,5800,,1_3_0307_5_23
3,普通类本科批,0307,10307,南京农业大学,江苏,公办,25,1204,公共管理类(土地资源管理、人力资源管理、劳动与社会保障、行政管理),,3,04,物理,K,无限制,四年,5720,(不招单色识别不全者),1_3_0307_5_25
3,普通类本科批,0307,10307,南京农业大学,江苏,公办,29,0303,社会学类(法学、社会学、旅游管理、农村区域发展),,2,04,物理,K,无限制,四年,5200,,1_3_0307_5_29
3,普通类本科批,0307,10307,南京农业大学,江苏,公办,31,070102,信息与计算科学,,2,04,物理,A,化学,四年,5500,,1_3_0307_5_31
3,普通类本科批,0307,10307,南京农业大学,江苏,公办,33,071201,统计学,,4,04,物理,A,化学,四年,5500,,1_3_0307_5_33
3,普通类本科批,0307,10307,南京农业大学,江苏,公办,35,0710,生物科学类(生物科学、生物技术),,4,04,物理,A,化学,四年,6050,(不招色盲色弱且不招单色识别不全者),1_3_0307_5_35
3,普通类本科批,0307,10307,南京农业大学,江苏,公办,38,020301,金融学,,3,04,物理,K,无限制,四年,5200,,1_3_0307_5_38
3,普通类本科批,0307,10307,南京农业大学,江苏,公办,39,120203,会计学,,3,04,物理,K,无限制,四年,5200,(不招单色识别不全者),1_3_0307_5_39
3,普通类本科批,0307,10307,南京农业大学,江苏,公办,41,020310,金融科技,,3,04,物理,K,无限制,四年,5200,,1_3_0307_5_41
3,普通类本科批,0307,10307,南京农业大学,江苏,公办,44,0802,机械类(车辆工程、机械工程),,6,04,物理,A,化学,四年,5800,,1_3_0307_5_44
3,普通类本科批,0307,10307,南京农业大学,江苏,公办,46,082303,农业电气化,,2,04,物理,A,化学,四年,6380,,1_3_0307_5_46
3,普通类本科批,0307,10307,南京农业大学,江苏,公办,47,082307,农业智能装备工程,,2,04,物理,A,化学,四年,5800,,1_3_0307_5_47
3,普通类本科批,0307,10307,南京农业大学,江苏,公办,51,0807,电子信息类(电子信息科学与技术、自动化),,4,04,物理,A,化学,四年,5800,,1_3_0307_5_51
3,普通类本科批,0307,10307,南京农业大学,江苏,公办,52,080717,人工智能,,2,04,物理,A,化学,四年,5800,,1_3_0307_5_52
3,普通类本科批,0307,10307,南京农业大学,江苏,公办,55,090112,智慧农业,,2,04,物理,A,化学,四年,2500,,1_3_0307_5_55
3,普通类本科批,0307,10307,南京农业大学,江苏,公办,56,120102,信息管理与信息系统,,4,04,物理,K,无限制,四年,5200,(不招单色识别不全者),1_3_0307_5_56
3,普通类本科批,0307,10307,南京农业大学,江苏,公办,60,120701,工业工程,,2,04,物理,K,无限制,四年,5200,,1_3_0307_5_60
3,普通类本科批,0307,10307,南京农业大学,江苏,公办,61,120504,数据资源与数据智能,,4,04,物理,K,无限制,四年,5200,,1_3_0307_5_61
3,普通类本科批,0307,10307,南京农业大学,江苏,公办,AB,090301,动物科学,(高校专项计划),1,04,物理,A,化学,四年,2750,"(特控线上录取,不招色盲色弱且不招单色识别不全者)(教育部高校专项计划,只投档符合报考条件的考生)",1_3_0307_5_AB
3,普通类本科批,0316,10316,中国药科大学,江苏,公办,01,100701,药学(杰出药学家实验班),,2,04,物理,A,化学,四年,7480,(不招色盲色弱),1_3_0316_5_01
3,普通类本科批,0316,10316,中国药科大学,江苏,公办,02,100701,药学(拔尖创新班),,2,04,物理,A,化学,四年,7480,(不招色盲色弱),1_3_0316_5_02
3,普通类本科批,0316,10316,中国药科大学,江苏,公办,03,1007,药学类(药学、药物制剂、药物分析、药物化学),,20,04,物理,A,化学,四年,7480,(不招色盲色弱),1_3_0316_5_03
3,普通类本科批,0316,10316,中国药科大学,江苏,公办,05,1008,中药学类(中药学、中药资源与开发、中药制药),,4,04,物理,A,化学,四年,7480,(不招色盲色弱),1_3_0316_5_05
3,普通类本科批,0316,10316,中国药科大学,江苏,公办,06,100708,化妆品科学与技术,,4,04,物理,A,化学,四年,7480,(不招色盲色弱),1_3_0316_5_06
3,普通类本科批,0316,10316,中国药科大学,江苏,公办,07,083002,生物制药(拔尖创新班),,2,04,物理,A,化学,四年,6380,(不招色盲色弱),1_3_0316_5_07
3,普通类本科批,0316,10316,中国药科大学,江苏,公办,08,083002,生物制药,,5,04,物理,A,化学,四年,6380,(不招色盲色弱),1_3_0316_5_08
3,普通类本科批,0316,10316,中国药科大学,江苏,公办,09,071002,生物技术,,2,04,物理,A,化学,四年,6050,(不招色盲色弱),1_3_0316_5_09
3,普通类本科批,0316,10316,中国药科大学,江苏,公办,10,100707,海洋药学,,3,04,物理,A,化学,四年,7480,(不招色盲色弱),1_3_0316_5_10
3,普通类本科批,0316,10316,中国药科大学,江苏,公办,14,0813,化工与制药类(制药工程、食品营养与健康、环境科学),(高校专项计划),1,04,物理,A,化学,四年,5800,"[不招色盲色弱；高考投档成绩(含政策性加分)需达到特殊类型招生控制分数线之上30分(含)](教育部高校专项计划,只投档符合报考条件的考生)",1_3_0316_5_14
3,普通类本科批,0316,10316,中国药科大学,江苏,公办,18,100703,临床药学,,3,04,物理,A,化学,五年,6800,(不招色盲色弱),1_3_0316_5_18
3,普通类本科批,0316,10316,中国药科大学,江苏,公办,19,100703H,临床药学(中外合作办学),,3,04,物理,A,化学,五年,26400,"(不招色盲色弱；第三、四学年赴英国学习,第五学年在国内学习,国外学费另算)",1_3_0316_5_19
3,普通类本科批,0316,10316,中国药科大学,江苏,公办,AB,1008,中药学类(中药学、中药资源与开发、中药制药),(高校专项计划),1,04,物理,A,化学,四年,7480,"[不招色盲色弱；高考投档成绩(含政策性加分)需达到特殊类型招生控制分数线之上30分(含)](教育部高校专项计划,只投档符合报考条件的考生)",1_3_0316_5_AB
3,普通类本科批,0319,10319,南京师范大学,江苏,公办,50,070201,物理学,,2,04,物理,A,化学,四年,5500,,1_3_0319_5_50
3,普通类本科批,0319,10319,南京师范大学,江苏,公办,56,070301,化学(师范),(师范类),2,04,物理,A,化学,四年,6050,"(不招色盲、色弱、单色不识别考生,详见学校招生章程)",1_3_0319_5_56
3,普通类本科批,0319,10319,南京师范大学,江苏,公办,59,081201,测绘工程,(高校专项计划),1,04,物理,A,化学,四年,6380,"(特控线上录取)(教育部高校专项计划,只投档符合报考条件的考生)",1_3_0319_5_59
3,普通类本科批,0319,10319,南京师范大学,江苏,公办,69,0710,生物科学类[生物科学(国家理科基地班)、生物技术、生态学],,3,04,物理,A,化学,四年,6050,"(不招色盲、色弱、单色不识别考生,详见学校招生章程)",1_3_0319_5_69
3,普通类本科批,0319,10319,南京师范大学,江苏,公办,71,0805,能源动力类(能源与动力工程、能源与环境系统工程、能源服务工程),,3,04,物理,A,化学,四年,5800,,1_3_0319_5_71
3,普通类本科批,0319,10319,南京师范大学,江苏,公办,75,080806,智能装备与系统,,2,04,物理,A,化学,四年,5800,,1_3_0319_5_75
3,普通类本科批,0319,10319,南京师范大学,江苏,公办,76,080901,计算机科学与技术,,2,04,物理,A,化学,四年,6380,,1_3_0319_5_76
3,普通类本科批,0319,10319,南京师范大学,江苏,公办,80,0825,环境科学与工程类(环境工程、环境科学),,3,04,物理,A,化学,四年,6380,,1_3_0319_5_80
3,普通类本科批,0319,10319,南京师范大学,江苏,公办,81,070703,海洋资源与环境,,4,04,物理,A,化学,四年,6050,,1_3_0319_5_81
3,普通类本科批,0319,10319,南京师范大学,江苏,公办,83,082701,食品科学与工程,,3,04,物理,A,化学,四年,6380,"(不招色盲、色弱、单色不识别考生,详见学校招生章程)",1_3_0319_5_83
3,普通类本科批,0319,10319,南京师范大学,江苏,公办,86,083003,合成生物学,,3,04,物理,A,化学,四年,6380,,1_3_0319_5_86
3,普通类本科批,0335,10335,浙江大学,浙江,公办,3B,00600,工科试验班(竺可桢学院图灵班)(计算机科学与技术),,3,04,物理,A,化学,四年,6900,,1_3_0335_5_3B
3,普通类本科批,0335,10335,浙江大学,浙江,公办,5A,00600,工科试验班(计算机)(计算机科学与技术、软件工程、信息安全),,8,04,物理,A,化学,四年,6000,,1_3_0335_5_5A
3,普通类本科批,0335,10335,浙江大学,浙江,公办,5D,00600,工科试验班(智能科学与创新)(人工智能、智能工程与创意设计),,8,04,物理,A,化学,四年,6000,,1_3_0335_5_5D
3,普通类本科批,0335,10335,浙江大学,浙江,公办,5E,00600,工科试验班(智能机器人)(具身智能、机器人工程),,3,04,物理,A,化学,四年,6000,,1_3_0335_5_5E
3,普通类本科批,0335,10335,浙江大学,浙江,公办,5H,00600,工科试验班(EE类)[电气工程及其自动化(爱迪生班)、电子信息工程(爱迪生班)、电子科学与技术(香农班)、信息工程(香农班)],,6,04,物理,A,化学,四年,6000,,1_3_0335_5_5H
3,普通类本科批,0335,10335,浙江大学,浙江,公办,5J,00600,工科试验班(智能光电芯片及系统创新班)(光电信息科学与工程),,3,04,物理,A,化学,四年,6900,,1_3_0335_5_5J
3,普通类本科批,0335,10335,浙江大学,浙江,公办,5Q,00600,工科试验班(新质工程)(化学工程与工艺、生物工程、环境科学、环境工程),(高校专项计划),1,04,物理,A,化学,四年,6000,"(特控线上录取)(教育部高校专项计划,只投档符合报考条件的考生)",1_3_0335_5_5Q
3,普通类本科批,0335,10335,浙江大学,浙江,公办,6D,080701,电子信息工程,(高校专项计划),2,04,物理,A,化学,四年,6900,"(特控线上录取)(教育部高校专项计划,只投档符合报考条件的考生)",1_3_0335_5_6D
3,普通类本科批,0335,10335,浙江大学,浙江,公办,6E,00700,理科试验班(自然科学)(生物科学、生态学、化学、地理信息科学),(高校专项计划),2,04,物理,A,化学,四年,5300,"(特控线上录取)(教育部高校专项计划,只投档符合报考条件的考生)",1_3_0335_5_6E
3,普通类本科批,0335,10335,浙江大学,浙江,公办,6J,080705,光电信息科学与工程,(高校专项计划),2,04,物理,A,化学,四年,6900,"(特控线上录取)(教育部高校专项计划,只投档符合报考条件的考生)",1_3_0335_5_6J
3,普通类本科批,0357,10357,安徽大学,安徽,公办,0E,080901,计算机科学与技术,,3,04,物理,A,化学,四年,6480,,1_3_0357_5_0E
3,普通类本科批,0357,10357,安徽大学,安徽,公办,0L,080701,电子信息工程,,3,04,物理,A,化学,四年,6480,,1_3_0357_5_0L
3,普通类本科批,0357,10357,安徽大学,安徽,公办,0N,080703,通信工程,,3,04,物理,A,化学,四年,6480,,1_3_0357_5_0N
3,普通类本科批,0357,10357,安徽大学,安徽,公办,0R,080601,电气工程及其自动化,,4,04,物理,A,化学,四年,5400,,1_3_0357_5_0R
3,普通类本科批,0357,10357,安徽大学,安徽,公办,0U,080717,人工智能,,6,04,物理,A,化学,四年,6480,,1_3_0357_5_0U
3,普通类本科批,0357,10357,安徽大学,安徽,公办,0V,080907,智能科学与技术,,5,04,物理,A,化学,四年,5400,,1_3_0357_5_0V
3,普通类本科批,0357,10357,安徽大学,安徽,公办,0X,080202,机械设计制造及其自动化,,3,04,物理,A,化学,四年,5400,,1_3_0357_5_0X
3,普通类本科批,0357,10357,安徽大学,安徽,公办,10,080710,集成电路设计与集成系统,,3,04,物理,A,化学,四年,6480,,1_3_0357_5_10
3,普通类本科批,0358,10358,中国科学技术大学,安徽,公办,B2,00600,工科试验班(力学及航天、人形机器人、未来能源及安全)[理论与应用力学、机器人工程、测控技术与仪器、能源与动力工程、安全工程、核工程类、力学类(钱学森力学科技英才班)],,5,04,物理,A,化学,四年,4800,,1_3_0358_5_B2
3,普通类本科批,0358,10358,中国科学技术大学,安徽,公办,C2,00600,工科试验班(信息智能与集成电路)[计算机类、计算机类(华夏计算机科技英才班)、电子信息类(信息科技)、电子信息类(信息科技英才班)、网络空间安全、网络空间安全(王小谟网络空间科技英才班)、人工智能、人工智能(科技英才班)、集成电路设计与集成系统、集成电路设计与集成系统(中微集成电路科技英才班)],,14,04,物理,A,化学,四年,4800,,1_3_0358_5_C2
3,普通类本科批,0358,10358,中国科学技术大学,安徽,公办,C9,0070,理科试验班类[数学类、数学类(华罗庚数学科技英才班)、物理学类、物理学类(严济慈物理科技英才班)、化学类(智能化学与先进材料)、化学类(卢嘉锡化学科技英才班)、生物科学类、生物科学类(贝时璋生命科技英才班)、空间科学与技术、空间科学与技术(赵九章现代地球和空间科技英才班)、行星科],,11,04,物理,A,化学,四年,4800,,1_3_0358_5_C9
3,普通类本科批,0358,10358,中国科学技术大学,安徽,公办,GD,00201,经济管理试验班(管理科学、金融学、统计学、大数据管理与应用),(高校专项计划),2,04,物理,A,化学,四年,4800,"(特控线上录取)(教育部高校专项计划,只投档符合报考条件的考生)",1_3_0358_5_GD
3,普通类本科批,0359,10359,合肥工业大学,安徽,公办,0J,080213,智能制造工程,,6,04,物理,A,化学,四年,6050,,1_3_0359_5_0J
3,普通类本科批,0359,10359,合肥工业大学,安徽,公办,0N,080421,电子信息材料,,3,04,物理,A,化学,四年,5500,,1_3_0359_5_0N
3,普通类本科批,0359,10359,合肥工业大学,安徽,公办,0Q,080601,电气工程及其自动化,,4,04,物理,A,化学,四年,5500,,1_3_0359_5_0Q
3,普通类本科批,0359,10359,合肥工业大学,安徽,公办,0R,080801,自动化,,4,04,物理,A,化学,四年,6050,,1_3_0359_5_0R
3,普通类本科批,0359,10359,合肥工业大学,安徽,公办,0T,080901,计算机科学与技术,,4,04,物理,A,化学,四年,6050,"(有体检要求,具体参见学校章程)",1_3_0359_5_0T
3,普通类本科批,0359,10359,合肥工业大学,安徽,公办,0U,080701,电子信息工程,,4,04,物理,A,化学,四年,6050,"(有体检要求,具体参见学校章程)",1_3_0359_5_0U
3,普通类本科批,0359,10359,合肥工业大学,安徽,公办,0V,080904,信息安全,,3,04,物理,A,化学,四年,6050,"(有体检要求,具体参见学校章程)",1_3_0359_5_0V
3,普通类本科批,0359,10359,合肥工业大学,安徽,公办,0X,081003,给排水科学与工程,(高校专项计划),1,04,物理,A,化学,四年,5500,"(特控线上录取)(教育部高校专项计划,只投档符合报考条件的考生)",1_3_0359_5_0X
3,普通类本科批,0359,10359,合肥工业大学,安徽,公办,0Z,081101,水利水电工程,,4,04,物理,A,化学,四年,5500,,1_3_0359_5_0Z
3,普通类本科批,0359,10359,合肥工业大学,安徽,公办,10,080102,工程力学,,4,04,物理,A,化学,四年,5500,,1_3_0359_5_10
3,普通类本科批,0359,10359,合肥工业大学,安徽,公办,14,070301,化学,,4,04,物理,A,化学,四年,5500,"(有体检要求,具体参见学校章程)",1_3_0359_5_14
3,普通类本科批,0359,10359,合肥工业大学,安徽,公办,15,070302,应用化学,,3,04,物理,A,化学,四年,5500,"(有体检要求,具体参见学校章程)",1_3_0359_5_15
3,普通类本科批,0359,10359,合肥工业大学,安徽,公办,16,080407,高分子材料与工程,,5,04,物理,A,化学,四年,5500,"(有体检要求,具体参见学校章程)",1_3_0359_5_16
3,普通类本科批,0359,10359,合肥工业大学,安徽,公办,18,020401H,国际经济与贸易(中外合作办学),,4,04,物理,K,无限制,四年,50000,(该专业学生在校期间不得申请转专业),1_3_0359_5_18
3,普通类本科批,0359,10359,合肥工业大学,安徽,公办,1G,082601,生物医学工程,,4,04,物理,A,化学,四年,6050,"(有体检要求,具体参见学校章程)",1_3_0359_5_1G
3,普通类本科批,0359,10359,合肥工业大学,安徽,公办,1H,080301,测控技术与仪器,,4,04,物理,A,化学,四年,5500,,1_3_0359_5_1H
3,普通类本科批,0359,10359,合肥工业大学,安徽,公办,1J,080705,光电信息科学与工程,,3,04,物理,A,化学,四年,6050,,1_3_0359_5_1J
3,普通类本科批,0359,10359,合肥工业大学,安徽,公办,1T,081202,遥感科学与技术,,4,04,物理,A,化学,四年,5500,"(有体检要求,具体参见学校章程)",1_3_0359_5_1T
3,普通类本科批,0359,10359,合肥工业大学,安徽,公办,21,070102,信息与计算科学,,4,04,物理,A,化学,四年,6050,,1_3_0359_5_21
3,普通类本科批,0359,10359,合肥工业大学,安徽,公办,24,080704,微电子科学与工程,,3,04,物理,A,化学,四年,6050,,1_3_0359_5_24
3,普通类本科批,0359,10359,合肥工业大学,安徽,公办,26,070202,应用物理学,,4,04,物理,A,化学,四年,5500,"(有体检要求,具体参见学校章程)",1_3_0359_5_26
3,普通类本科批,0359,10359,合肥工业大学,安徽,公办,27,080214,智能车辆工程,,4,04,物理,A,化学,四年,6050,,1_3_0359_5_27
3,普通类本科批,0359,10359,合肥工业大学,安徽,公办,28,081801,交通运输,,4,04,物理,A,化学,四年,5500,,1_3_0359_5_28
3,普通类本科批,0359,10359,合肥工业大学,安徽,公办,2C,080501,能源与动力工程,,4,04,物理,A,化学,四年,5500,,1_3_0359_5_2C
3,普通类本科批,0359,10359,合肥工业大学,安徽,公办,2D,082003,飞行器制造工程,,4,04,物理,A,化学,四年,6050,,1_3_0359_5_2D
3,普通类本科批,0359,10359,合肥工业大学,安徽,公办,2F,020109H,数字经济(中外合作办学),,4,04,物理,K,无限制,四年,待定,(该专业学生在校期间不得申请转专业),1_3_0359_5_2F
3,普通类本科批,0384,10384,厦门大学,福建,公办,09,0712,统计学类(经济统计学、统计学、数据科学),,2,04,物理,A,化学,四年,5460,(分流时本专业类内专业任选。入校后可选拔进入经济学/金融学+数据科学与大数据技术、税收学+法学双学士学位项目),1_3_0384_5_09
3,普通类本科批,0384,10384,厦门大学,福建,公办,10,120203,"会计学(会计、财务、审计,含双学士学位项目选拔)",,2,04,物理,K,无限制,四年,5460,[分流时本专业类(含会计学、财务管理、审计学专业)内专业任选。入校后可选拔进入会计学/财务管理+人工智能双学士学位项目],1_3_0384_5_10
3,普通类本科批,0384,10384,厦门大学,福建,公办,15,00700,理科试验班(南强书院卓越领航班),,3,04,物理,A,化学,四年,5460,"(全校专业任选,详情查阅院校招生网站)",1_3_0384_5_15
3,普通类本科批,0384,10384,厦门大学,福建,公办,16,00600,工科试验班(南强书院卓越领航班),,3,04,物理,A,化学,四年,5460,"(全校专业任选,详情查阅院校招生网站)",1_3_0384_5_16
3,普通类本科批,0384,10384,厦门大学,福建,公办,17,0701,数学类(数学与应用数学、信息与计算科学、统计学),,3,04,物理,A,化学,四年,5460,(分流时本专业类内专业任选。入校后可选拔进入景润拔尖班--数学国家级拔尖学生培养基地),1_3_0384_5_17
3,普通类本科批,0384,10384,厦门大学,福建,公办,18,0702,物理学类(含物理学、天文学)(物理学、天文学),,3,04,物理,A,化学,四年,5460,(分流时本专业类内专业任选。入校后可选拔进入萨本栋物理学国家级拔尖学生培养基地、天文学拔尖学生培养基地),1_3_0384_5_18
3,普通类本科批,0384,10384,厦门大学,福建,公办,23,0805,能源动力类(新能源科学与工程、储能科学与工程),,3,04,物理,A,化学,四年,5460,(分流时本专业类内专业任选),1_3_0384_5_23
3,普通类本科批,0384,10384,厦门大学,福建,公办,24,00600,工科试验班(AI与计算机)(计算机科学与技术、网络空间安全、人工智能、软件工程),,5,04,物理,A,化学,四年,5460,"(分流时本专业类内专业任选。入校后可选拔进入人工智能省级拔尖学生培养基地、计算机科学与技术拔尖学生培养基地。软件工程专业三、四年级按学分收费,400元/学分,两年不超过80学分)",1_3_0384_5_24
3,普通类本科批,0384,10384,厦门大学,福建,公办,26,00600,工科试验班(集成电路与电子信息)(电子信息工程、集成电路设计与集成系统、微电子科学与工程、电子信息科学与技术、通信工程),,3,04,物理,A,化学,四年,5460,"(分流时本专业类内专业任选。集成电路设计与集成系统专业三、四年级按学分收费,400元/学分,两年不超过80学分)",1_3_0384_5_26
3,普通类本科批,0384,10384,厦门大学,福建,公办,28,00600,"工科试验班(航空航天与智能制造,含双学士学位项目选拔)(机械设计制造及其自动化、测控技术与仪器、自动化、飞行器设计与工程、飞行器动力工程)",,5,04,物理,A,化学,四年,5460,(分流时本专业类内专业任选。入校后可选拔进入飞行器设计与工程+海洋技术双学士学位项目。专业分流后到飞行器动力工程、飞行器设计与工程专业学费6760元/学年),1_3_0384_5_28
3,普通类本科批,0384,10384,厦门大学,其他,公办,M2,020301,金融学(厦门大学马来西亚分校招生专业),,2,04,物理,K,无限制,四年,,"(学费2.9万林吉特/学年。全英文授课,非英语语种考生慎报,外语单科不低于120分。入学第一学年内获得专业要求的达标英语成绩后开始学位课程学习。办学地点在马来西亚雪邦)",1_3_0384_5_M2
3,普通类本科批,0384,10384,厦门大学,其他,公办,M3,120203,会计学(厦门大学马来西亚分校招生专业),,2,04,物理,K,无限制,四年,,"(学费2.9万林吉特/学年。全英文授课,非英语语种考生慎报,外语单科不低于120分。入学第一学年内获得专业要求的达标英语成绩后开始学位课程学习。办学地点在马来西亚雪邦)",1_3_0384_5_M3
3,普通类本科批,0384,10384,厦门大学,其他,公办,M5,081301,化学工程与工艺(厦门大学马来西亚分校招生专业),,2,04,物理,A,化学,四年,,"(学费3万林吉特/学年。全英文授课,非英语语种考生慎报,外语单科不低于120分。入学第一学年内获得专业要求的达标英语成绩后开始学位课程学习。办学地点在马来西亚雪邦)",1_3_0384_5_M5
3,普通类本科批,0384,10384,厦门大学,其他,公办,M7,080503,新能源科学与工程(厦门大学马来西亚分校招生专业),,2,04,物理,A,化学,四年,,"(学费3.1万林吉特/学年。全英文授课,非英语语种考生慎报,外语单科不低于120分。入学第一学年内获得专业要求的达标英语成绩后开始学位课程学习。办学地点在马来西亚雪邦)",1_3_0384_5_M7
3,普通类本科批,0384,10384,厦门大学,其他,公办,M9,080901,计算机科学与技术(厦门大学马来西亚分校招生专业),,3,04,物理,A,化学,四年,,"(学费3.1万林吉特/学年。全英文授课,非英语语种考生慎报,外语单科不低于120分。入学第一学年内获得专业要求的达标英语成绩后开始学位课程学习。办学地点在马来西亚雪邦)",1_3_0384_5_M9
3,普通类本科批,0384,10384,厦门大学,其他,公办,MA,080902,软件工程(厦门大学马来西亚分校招生专业),,3,04,物理,A,化学,四年,,"(学费3.1万林吉特/学年。全英文授课,非英语语种考生慎报,外语单科不低于120分。入学第一学年内获得专业要求的达标英语成绩后开始学位课程学习。办学地点在马来西亚雪邦)",1_3_0384_5_MA
3,普通类本科批,0384,10384,厦门大学,其他,公办,MB,080701,电子信息工程(厦门大学马来西亚分校招生专业),,2,04,物理,A,化学,四年,,"(学费3.1万林吉特/学年。全英文授课,非英语语种考生慎报,外语单科不低于120分。入学第一学年内获得专业要求的达标英语成绩后开始学位课程学习。办学地点在马来西亚雪邦)",1_3_0384_5_MB
3,普通类本科批,0384,10384,厦门大学,其他,公办,MD,070101,数学与应用数学(厦门大学马来西亚分校招生专业),,1,04,物理,A,化学,四年,,"(学费2.8万林吉特/学年。全英文授课,非英语语种考生慎报,外语单科不低于120分。入学第一学年内获得专业要求的达标英语成绩后开始学位课程学习。办学地点在马来西亚雪邦)",1_3_0384_5_MD
3,普通类本科批,0384,10384,厦门大学,其他,公办,MF,070701,海洋科学(厦门大学马来西亚分校招生专业),,2,04,物理,A,化学,四年,,"(学费3万林吉特/学年。全英文授课,非英语语种考生慎报,外语单科不低于120分。入学第一学年内获得专业要求的达标英语成绩后开始学位课程学习。办学地点在马来西亚雪邦)",1_3_0384_5_MF
3,普通类本科批,0384,10384,厦门大学,其他,公办,MJ,080717,人工智能(厦门大学马来西亚分校招生专业),,3,04,物理,A,化学,四年,,"(学费3.2万林吉特/学年。全英文授课,非英语语种考生慎报,外语单科不低于120分。入学第一学年内获得专业要求的达标英语成绩后开始学位课程学习。办学地点在马来西亚雪邦)",1_3_0384_5_MJ
3,普通类本科批,0384,10384,厦门大学,其他,公办,ML,071203,数据科学(厦门大学马来西亚分校招生专业),,2,04,物理,A,化学,四年,,"(学费3.2万林吉特/学年。全英文授课,非英语语种考生慎报,外语单科不低于120分。入学第一学年内获得专业要求的达标英语成绩后开始学位课程学习。办学地点在马来西亚雪邦)",1_3_0384_5_ML
3,普通类本科批,0384,10384,厦门大学,其他,公办,MM,080911,网络空间安全(厦门大学马来西亚分校招生专业),,3,04,物理,A,化学,四年,,"(学费3.2万林吉特/学年。全英文授课,非英语语种考生慎报,外语单科不低于120分。入学第一学年内获得专业要求的达标英语成绩后开始学位课程学习。办学地点在马来西亚雪邦)",1_3_0384_5_MM
3,普通类本科批,0384,10384,厦门大学,其他,公办,MP,080801,自动化(厦门大学马来西亚分校招生专业),,2,04,物理,A,化学,四年,,"(学费3.2万林吉特/学年。全英文授课,非英语语种考生慎报,外语单科不低于120分。入学第一学年内获得专业要求的达标英语成绩后开始学位课程学习。办学地点在马来西亚雪邦)",1_3_0384_5_MP
3,普通类本科批,0384,10384,厦门大学,福建,公办,XC,1201,管理科学与工程类(含双学士学位项目选拔)(管理科学、电子商务),(高校专项计划),1,04,物理,K,无限制,四年,5460,"(分流时本专业类内专业任选。入校后可选拔进入管理科学+人工智能双学士学位项目)(特控线上录取)(教育部高校专项计划,只投档符合报考条件的考生)",1_3_0384_5_XC
3,普通类本科批,0386,10386,福州大学,福建,公办,03,080504,储能科学与工程,,4,04,物理,A,化学,四年,5460,(第一学年在福州市铜盘校区培养),1_3_0386_5_03
3,普通类本科批,0386,10386,福州大学,福建,公办,07,080207,车辆工程,,3,04,物理,A,化学,四年,5460,(第一学年在福州市铜盘校区培养),1_3_0386_5_07
3,普通类本科批,0386,10386,福州大学,福建,公办,11,080206,过程装备与控制工程,(高校专项计划),1,04,物理,A,化学,四年,5460,"[不招色弱、色盲、单色识别不全的考生,第一学年在福州市铜盘校区培养](特控线上录取)(教育部高校专项计划,只投档符合报考条件的考生)",1_3_0386_5_11
3,普通类本科批,0386,10386,福州大学,福建,公办,12,081301,化学工程与工艺,,3,04,物理,A,化学,四年,5460,"(不招色弱、色盲、单色识别不全的考生,第一学年在福州市铜盘校区培养)",1_3_0386_5_12
3,普通类本科批,0386,10386,福州大学,福建,公办,13,081001,土木工程,,3,04,物理,A,化学,四年,5460,(第一学年在福州市铜盘校区培养),1_3_0386_5_13
3,普通类本科批,0386,10386,福州大学,福建,公办,22,082901,安全工程,,3,04,物理,A,化学,四年,5460,(第一学年在福州市铜盘校区培养),1_3_0386_5_22
3,普通类本科批,0386,10386,福州大学,福建,公办,36,082601,生物医学工程,,3,04,物理,A,化学,四年,5460,"(不招色弱、色盲、单色识别不全的考生,第一学年在福州市铜盘校区培养)",1_3_0386_5_36
3,普通类本科批,0386,10386,福州大学,福建,公办,52,070301,化学,,4,04,物理,A,化学,四年,5460,"(不招色弱、色盲、单色识别不全的考生,第一学年在福州市铜盘校区培养)",1_3_0386_5_52
3,普通类本科批,0386,10386,福州大学,福建,公办,63,080507,可持续能源,,3,04,物理,A,化学,四年,5460,(第一学年在福州市铜盘校区培养),1_3_0386_5_63
3,普通类本科批,0403,10403,南昌大学,江西,公办,41,120701,工业工程,,2,04,物理,K,无限制,四年,4950,,1_3_0403_5_41
3,普通类本科批,0403,10403,南昌大学,江西,公办,47,070101,数学与应用数学,,3,04,物理,A,化学,四年,5250,,1_3_0403_5_47
3,普通类本科批,0403,10403,南昌大学,江西,公办,48,070102,信息与计算科学,,2,04,物理,A,化学,四年,5550,,1_3_0403_5_48
3,普通类本科批,0403,10403,南昌大学,江西,公办,4A,080901,计算机科学与技术,,3,04,物理,A,化学,四年,5550,(不招单色不能识别的考生。),1_3_0403_5_4A
3,普通类本科批,0403,10403,南昌大学,江西,公办,4C,070201,物理学,,2,04,物理,A,化学,四年,5250,,1_3_0403_5_4C
3,普通类本科批,0403,10403,南昌大学,江西,公办,4D,070202,应用物理学,,2,04,物理,A,化学,四年,5250,(不招色盲、单色不能识别的考生。),1_3_0403_5_4D
3,普通类本科批,0403,10403,南昌大学,江西,公办,4E,080401,材料科学与工程,,4,04,物理,A,化学,四年,5250,,1_3_0403_5_4E
3,普通类本科批,0403,10403,南昌大学,江西,公办,4F,080407,高分子材料与工程,,2,04,物理,A,化学,四年,5250,(不招色弱、色盲、单色不能识别的考生。),1_3_0403_5_4F
3,普通类本科批,0403,10403,南昌大学,江西,公办,52,081301,化学工程与工艺,,2,04,物理,A,化学,四年,5250,(不招色弱、色盲、单色不能识别的考生。),1_3_0403_5_52
3,普通类本科批,0403,10403,南昌大学,江西,公办,53,081302,制药工程,,2,04,物理,A,化学,四年,5250,(不招色弱、色盲、单色不能识别的考生。),1_3_0403_5_53
3,普通类本科批,0403,10403,南昌大学,江西,公办,55,071002,生物技术,,3,04,物理,A,化学,四年,5250,(不招色弱、色盲、单色不能识别的考生。),1_3_0403_5_55
3,普通类本科批,0403,10403,南昌大学,江西,公办,56,071004,生态学,,2,04,物理,A,化学,四年,5250,(不招色弱、色盲、单色不能识别的考生。),1_3_0403_5_56
3,普通类本科批,0403,10403,南昌大学,江西,公办,57,082701,食品科学与工程,,3,04,物理,A,化学,四年,5250,(不招色弱、色盲、单色不能识别的考生。),1_3_0403_5_57
3,普通类本科批,0403,10403,南昌大学,江西,公办,59,083001,生物工程,,2,04,物理,A,化学,四年,5250,(不招色弱、色盲、单色不能识别的考生。),1_3_0403_5_59
3,普通类本科批,0403,10403,南昌大学,江西,公办,5A,082502,环境工程,,3,04,物理,A,化学,四年,5250,(不招色弱、色盲、单色不能识别的考生。),1_3_0403_5_5A
3,普通类本科批,0403,10403,南昌大学,江西,公办,5D,080301,测控技术与仪器,,4,04,物理,A,化学,四年,5250,,1_3_0403_5_5D
3,普通类本科批,0403,10403,南昌大学,江西,公办,5E,080202,机械设计制造及其自动化,,3,04,物理,A,化学,四年,5250,,1_3_0403_5_5E
3,普通类本科批,0403,10403,南昌大学,江西,公办,5F,080203,材料成型及控制工程,,2,04,物理,A,化学,四年,5250,,1_3_0403_5_5F
3,普通类本科批,0403,10403,南昌大学,江西,公办,61,080501,能源与动力工程,,3,04,物理,A,化学,四年,5250,,1_3_0403_5_61
3,普通类本科批,0403,10403,南昌大学,江西,公办,62,082801,建筑学,,4,04,物理,K,无限制,五年,9000,,1_3_0403_5_62
3,普通类本科批,0403,10403,南昌大学,江西,公办,65,081001,土木工程,,2,04,物理,A,化学,四年,5550,,1_3_0403_5_65
3,普通类本科批,0403,10403,南昌大学,江西,公办,66,081002,建筑环境与能源应用工程,,2,04,物理,A,化学,四年,5550,,1_3_0403_5_66
3,普通类本科批,0403,10403,南昌大学,江西,公办,68,080102,工程力学,,2,04,物理,A,化学,四年,5550,,1_3_0403_5_68
3,普通类本科批,0403,10403,南昌大学,江西,公办,6A,080703,通信工程,,2,04,物理,A,化学,四年,5550,,1_3_0403_5_6A
3,普通类本科批,0403,10403,南昌大学,江西,公办,6B,080601,电气工程及其自动化,,2,04,物理,A,化学,四年,5550,,1_3_0403_5_6B
3,普通类本科批,0403,10403,南昌大学,江西,公办,6C,080801,自动化,,2,04,物理,A,化学,四年,5550,,1_3_0403_5_6C
3,普通类本科批,0403,10403,南昌大学,江西,公办,6F,080902,软件工程,,4,04,物理,A,化学,四年,10000,(办学地点：青山湖校区),1_3_0403_5_6F
3,普通类本科批,0403,10403,南昌大学,江西,公办,70,080911,网络空间安全,,3,04,物理,A,化学,四年,10000,(办学地点：青山湖校区),1_3_0403_5_70
3,普通类本科批,0403,10403,南昌大学,江西,公办,72,100201,临床医学,,4,04,物理,A,化学,五年,5550,(不招色弱、色盲、单色不能识别的考生。),1_3_0403_5_72
3,普通类本科批,0403,10403,南昌大学,江西,公办,73,100201H,临床医学(中外合作办学)(中英双学位合作办学),,2,04,物理,A,化学,五年,80000,"[不招色弱、色盲、单色不能识别的考生。与英国伦敦玛丽女王大学合作办学(采用5+0培养模式),建议考生具备良好的英语基础]",1_3_0403_5_73
3,普通类本科批,0403,10403,南昌大学,江西,公办,78,100401,预防医学,,2,04,物理,A,化学,五年,5550,(不招色弱、色盲、单色不能识别的考生。),1_3_0403_5_78
3,普通类本科批,0403,10403,南昌大学,江西,公办,8A,101001H,医学检验技术(中外合作办学)(中英双学位合作办学),,2,04,物理,A,化学,四年,80000,"[不招色弱、色盲、单色不能识别的考生。与英国伦敦玛丽女王大学合作办学(采用4+0培养模式),建议考生具备良好的英语基础]",1_3_0403_5_8A
3,普通类本科批,0403,10403,南昌大学,江西,公办,8B,080910H,数据科学与大数据技术(中外合作办学)(中英双学位合作办学),,2,04,物理,A,化学,四年,80000,"[与英国伦敦玛丽女王大学合作办学(采用4+0培养模式),建议考生具备良好的英语基础]",1_3_0403_5_8B
3,普通类本科批,0403,10403,南昌大学,江西,公办,8C,080901H,计算机科学与技术(中外合作办学)(中法双学位合作办学),,2,04,物理,A,化学,四年,待定,"[不招单色不能识别的考生。培养模式为“4+0”,毕业时符合条件者可获南昌大学毕业证书、学士学位证书及合作方(法国雷昂那多达芬奇高等工程师学院)院校学士学位证书；学费暂定80000元/学年,具体以上级备案学费标准为准。中英双语教学,建议考生具备良好的英语基础]",1_3_0403_5_8C
3,普通类本科批,0403,10403,南昌大学,江西,公办,8D,080902H,软件工程(中外合作办学)(中法双学位合作办学),,1,04,物理,A,化学,四年,待定,"[培养模式为“4+0”,毕业时符合条件者可获南昌大学毕业证书、学士学位证书及合作方(法国雷昂那多达芬奇高等工程师学院)院校学士学位证书；学费暂定80000元/学年,具体以上级备案学费标准为准。中英双语教学,建议考生具备良好的英语基础]",1_3_0403_5_8D
3,普通类本科批,0422,10422,山东大学,山东,公办,17,0701,数学类(数学与应用数学、信息与计算科学、统计学),,2,04,物理,A,化学,四年,6600,[含潘承洞基地班、数学拔尖2.0班(泰山学堂)],1_3_0422_5_17
3,普通类本科批,0422,10422,山东大学,山东,公办,18,0702,物理学类(物理学、应用物理学),,6,04,物理,A,化学,四年,6600,[含王淦昌基地班、物理拔尖2.0班(泰山学堂)、严济慈英才班],1_3_0422_5_18
3,普通类本科批,0422,10422,山东大学,山东,公办,19,0703,化学类(化学),,2,04,物理,A,化学,四年,6600,[含邓从豪基地班、化学拔尖2.0班(泰山学堂)；不招收色弱、色盲考生],1_3_0422_5_19
3,普通类本科批,0422,10422,山东大学,山东,公办,20,0710,生物科学类(生物科学、生物技术、生态学、生物工程),,3,04,物理,A,化学,四年,6600,[含童第周、曾呈奎基地班、生命拔尖2.0班(泰山学堂)、王应睐、戴芳澜英才班；不招收色弱、色盲考生],1_3_0422_5_20
3,普通类本科批,0422,10422,山东大学,山东,公办,23,0808,自动化类(自动化、机器人工程),,6,04,物理,A,化学,四年,6600,(含卓越工程师培养计划、自动化科学新工科实验班),1_3_0422_5_23
3,普通类本科批,0422,10422,山东大学,山东,公办,24,0805,能源动力类(电气与智慧能源新工科实验班)(电气工程及其自动化、能源与动力工程、能源与环境系统工程、新能源科学与工程、储能科学与工程、核工程与核技术),,10,04,物理,A,化学,四年,6600,(含卓越工程师培养计划、全球能源互联网新工科特色班、能源与环境系统工程实验班、吴有训核科学英才班),1_3_0422_5_24
3,普通类本科批,0422,10422,山东大学,山东,公办,25,0804,材料类(先进材料与智能成型方向)(材料科学与工程、材料成型及控制工程),,6,04,物理,A,化学,四年,6600,(含先进材料创新人才基地班、卓越工程师培养计划；含牛津大学、新加坡国立大学及欧洲多校交流项目),1_3_0422_5_25
3,普通类本科批,0422,10422,山东大学,山东,公办,26,0802,机械类(机械设计制造及其自动化、智能制造工程),,8,04,物理,A,化学,四年,6600,(含卓越工程师培养计划),1_3_0422_5_26
3,普通类本科批,0422,10422,山东大学,山东,公办,33,080901,计算机科学与技术,,6,04,物理,A,化学,四年,6600,[含计算机拔尖2.0班(泰山学堂)、计算机菁英班、人工智能与大数据新工科创新实验班],1_3_0422_5_33
3,普通类本科批,0422,10422,山东大学,山东,公办,34,0809,计算机类(智能软件与芯片新工科实验班)(软件工程、数字媒体技术、数据科学与大数据技术、微电子科学与工程、集成电路设计与集成系统),,10,04,物理,A,化学,四年,12000,"(含人工智能国际班,网安新工科创新实验班、软件菁英班、集成电路拔尖人才培养“健坤班”、黄昆半导体英才班、微系统英才班)",1_3_0422_5_34
3,普通类本科批,0422,10422,山东大学,山东,公办,35,0807,电子信息类(通信电子与光电方向)(通信工程、电子科学与技术、光电信息科学与工程),,6,04,物理,A,化学,四年,6600,(含崇新学堂、微纳光电子科学与技术实验班、光电科创未来精英班),1_3_0422_5_35
3,普通类本科批,0422,10422,山东大学,山东,公办,39,080918,密码科学与技术(潘承洞密码班),,2,04,物理,A,化学,四年,6600,(依托密码与数字经济安全全国重点实验室等科研平台建设),1_3_0422_5_39
3,普通类本科批,0422,10422,山东大学,山东,公办,42,100301,口腔医学(5+3一体化),,2,04,物理,A,化学,五年,7920,(不招收色弱、色盲考生),1_3_0422_5_42
3,普通类本科批,0422,10422,山东大学,山东,公办,44,140007,智能医学工程,,2,04,物理,A,化学,四年,6600,(可向生物医学工程分流；含医工融合基地班),1_3_0422_5_44
3,普通类本科批,0422,10422,山东大学,山东,公办,45,1007,药学类[药学、临床药学(五年制)],(高校专项计划),2,04,物理,A,化学,四年,7920,"(特控线上录取)(教育部高校专项计划,只投档符合报考条件的考生)",1_3_0422_5_45
3,普通类本科批,0422,10422,山东大学,山东,公办,47,100201,临床医学(齐鲁医学堂创新实验班),,1,04,物理,E,地理,五年,7920,(不招收色弱、色盲考生),1_3_0422_5_47
3,普通类本科批,0422,10422,山东大学,山东,公办,48,100201,临床医学(5+3一体化),,2,04,物理,E,地理,五年,7920,(不招收色弱、色盲考生),1_3_0422_5_48
3,普通类本科批,0422,10422,山东大学,山东,公办,50,100201,临床医学(五年制),,2,04,物理,E,地理,五年,7920,(不招收色弱、色盲考生),1_3_0422_5_50
3,普通类本科批,0422,10422,山东大学,山东,公办,H1,101101,护理学,,6,04,物理,B,生物,四年,7920,(含“护理学+工商管理”双学位班；入校后不可转专业；不招收色弱、色盲考生),1_3_0422_5_H1
3,普通类本科批,0423,10423,中国海洋大学,山东,公办,00,070701,海洋科学,,2,04,物理,A,化学,四年,6600,,1_3_0423_5_00
3,普通类本科批,0423,10423,中国海洋大学,山东,公办,01,070601,大气科学,,2,04,物理,A,化学,四年,6600,(入校后可选拔至大气科学拔尖班),1_3_0423_5_01
3,普通类本科批,0423,10423,中国海洋大学,山东,公办,02,070701H,海洋科学(中外合作办学),,2,04,物理,A,化学,四年,52000,"(与澳大利亚塔斯马尼亚大学合办,“4+0”“2+2”“3+2”模式均可,非英语语种考生慎重报考)",1_3_0423_5_02
3,普通类本科批,0423,10423,中国海洋大学,山东,公办,03,0807,电子信息类(电子信息工程、通信工程、微电子科学与工程、集成电路设计与集成系统),,5,04,物理,A,化学,四年,6600,,1_3_0423_5_03
3,普通类本科批,0423,10423,中国海洋大学,山东,公办,04,0809,计算机类(计算机科学与技术、数据科学与大数据技术、网络空间安全、软件工程、保密技术),,3,04,物理,A,化学,四年,6600,,1_3_0423_5_04
3,普通类本科批,0423,10423,中国海洋大学,山东,公办,05,080901H,计算机科学与技术(中外合作办学),,2,04,物理,A,化学,四年,70000,"(与英国赫瑞瓦特大学合办,“3+1”模式,非英语语种考生慎重报考)",1_3_0423_5_05
3,普通类本科批,0423,10423,中国海洋大学,山东,公办,06,080705,光电信息科学与工程,,2,04,物理,A,化学,四年,6600,(入校后可选拔至王大珩菁英班),1_3_0423_5_06
3,普通类本科批,0423,10423,中国海洋大学,山东,公办,07,070702,海洋技术,,3,04,物理,A,化学,四年,6600,(入校后可选拔至汪德昭菁英班),1_3_0423_5_07
3,普通类本科批,0423,10423,中国海洋大学,山东,公办,09,070204,声学,,2,04,物理,A,化学,四年,6600,(入校后可选拔至汪德昭菁英班),1_3_0423_5_09
3,普通类本科批,0423,10423,中国海洋大学,山东,公办,10,070301,化学,,3,04,物理,A,化学,四年,6600,,1_3_0423_5_10
3,普通类本科批,0423,10423,中国海洋大学,山东,公办,15,0710,生物科学类(生态学、生物技术、生物科学),,3,04,物理,A,化学,四年,6600,,1_3_0423_5_15
3,普通类本科批,0423,10423,中国海洋大学,山东,公办,17,090602,海洋渔业科学与技术,,2,04,物理,A,化学,四年,6600,,1_3_0423_5_17
3,普通类本科批,0423,10423,中国海洋大学,山东,公办,18,070703,海洋资源与环境,,2,04,物理,A,化学,四年,6600,,1_3_0423_5_18
3,普通类本科批,0423,10423,中国海洋大学,山东,公办,19,090601,水产养殖学,,2,04,物理,A,化学,四年,6600,,1_3_0423_5_19
3,普通类本科批,0423,10423,中国海洋大学,山东,公办,20,0827,食品科学与工程类(食品科学与工程、食品营养与健康),,3,04,物理,A,化学,四年,6600,,1_3_0423_5_20
3,普通类本科批,0423,10423,中国海洋大学,山东,公办,21,081903,海洋资源开发技术,,2,04,物理,A,化学,四年,6600,,1_3_0423_5_21
3,普通类本科批,0423,10423,中国海洋大学,山东,公办,23,081901,船舶与海洋工程,,3,04,物理,A,化学,四年,6600,,1_3_0423_5_23
3,普通类本科批,0423,10423,中国海洋大学,山东,公办,24,081103,港口航道与海岸工程,,2,04,物理,A,化学,四年,6600,,1_3_0423_5_24
3,普通类本科批,0423,10423,中国海洋大学,山东,公办,26,080202,机械设计制造及其自动化,,2,04,物理,A,化学,四年,6600,,1_3_0423_5_26
3,普通类本科批,0423,10423,中国海洋大学,山东,公办,54,0701,数学类(数学与应用数学、信息与计算科学),,4,04,物理,A,化学,四年,6600,[入校后可选拔至金融科技(金融学+数学与应用数学)双学位项目、数学拔尖班],1_3_0423_5_54
3,普通类本科批,0423,10423,中国海洋大学,山东,公办,55,0804,材料类(材料科学与工程、高分子材料与工程、新能源材料与器件),,5,04,物理,A,化学,四年,6600,,1_3_0423_5_55
3,普通类本科批,0423,10423,中国海洋大学,山东,公办,68,140001,未来机器人,,2,04,物理,A,化学,四年,6600,,1_3_0423_5_68
3,普通类本科批,0423,10423,中国海洋大学,山东,公办,69,080717,人工智能,,2,04,物理,A,化学,四年,6600,,1_3_0423_5_69
3,普通类本科批,0423,10423,中国海洋大学,山东,公办,72,070201H,物理学(中外合作办学),,2,04,物理,A,化学,四年,75000,"(与英国赫瑞瓦特大学合办,“3+1”模式,非英语语种考生慎重报考)",1_3_0423_5_72
3,普通类本科批,0423,10423,中国海洋大学,山东,公办,AB,081901,船舶与海洋工程,(高校专项计划),1,04,物理,A,化学,四年,6600,"(特控线上录取)(教育部高校专项计划,只投档符合报考条件的考生)",1_3_0423_5_AB
3,普通类本科批,0425,10425,中国石油大学(华东),山东,公办,04,081402,勘查技术与工程,,3,04,物理,A,化学,四年,6600,,1_3_0425_5_04
3,普通类本科批,0425,10425,中国石油大学(华东),山东,公办,05,081403,资源勘查工程,,3,04,物理,A,化学,四年,6600,,1_3_0425_5_05
3,普通类本科批,0425,10425,中国石油大学(华东),山东,公办,07,081403,资源勘查工程(拔尖班),,2,04,物理,A,化学,四年,6600,"(含勘查技术与工程、资源勘查工程、地质学、地球物理学,可在上述专业中自由选择分流方向)",1_3_0425_5_07
3,普通类本科批,0425,10425,中国石油大学(华东),山东,公办,08,081502,石油工程,,6,04,物理,A,化学,四年,6600,[入学后可选拔进入石油工程类(未来)特色班],1_3_0425_5_08
3,普通类本科批,0425,10425,中国石油大学(华东),山东,公办,10,081502,石油工程,,2,04,物理,A,化学,四年,6600,"(石油工程+工程管理双学士学位,毕业可同时授工学和管理学学位)",1_3_0425_5_10
3,普通类本科批,0425,10425,中国石油大学(华东),山东,公办,13,070302,应用化学,,5,04,物理,A,化学,四年,6600,(入学后可选拔进入智能化工类特色班、能源化工拔尖班、化学拔尖班),1_3_0425_5_13
3,普通类本科批,0425,10425,中国石油大学(华东),山东,公办,14,0813,化工与制药类(化工安全工程、化学工程与工艺、能源化学工程),,10,04,物理,A,化学,四年,6600,(学生分流时可自由选择类内专业；入学后可选拔进入智能化工类特色班、能源化工拔尖班、化学拔尖班),1_3_0425_5_14
3,普通类本科批,0425,10425,中国石油大学(华东),山东,公办,16,0802,机械类(智能装备工程)(车辆工程、机械设计制造及其自动化、智能制造工程),,12,04,物理,A,化学,四年,6600,(学生分流时可自由选择类内专业；入学后可选拔进入机械类特色班),1_3_0425_5_16
3,普通类本科批,0425,10425,中国石油大学(华东),山东,公办,17,081901,船舶与海洋工程,,2,04,物理,A,化学,四年,6600,(入学后可选拔进入机械类特色班),1_3_0425_5_17
3,普通类本科批,0425,10425,中国石油大学(华东),山东,公办,18,082901,安全工程,,3,04,物理,A,化学,四年,6600,(入学后可选拔进入机械类特色班),1_3_0425_5_18
3,普通类本科批,0425,10425,中国石油大学(华东),山东,公办,19,080102,工程力学,,2,04,物理,A,化学,四年,6600,(入学后可选拔进入能源储运类特色班或数力拔尖班),1_3_0425_5_19
3,普通类本科批,0425,10425,中国石油大学(华东),山东,公办,21,081504,油气储运工程,,5,04,物理,A,化学,四年,6600,(入学后可选拔进入能源储运类特色班或数力拔尖班),1_3_0425_5_21
3,普通类本科批,0425,10425,中国石油大学(华东),山东,公办,23,0804,材料类(材料成型及控制工程、材料科学与工程、新能源材料与器件、电子信息材料),,10,04,物理,A,化学,四年,6600,(学生分流时可自由选择类内专业),1_3_0425_5_23
3,普通类本科批,0425,10425,中国石油大学(华东),山东,公办,25,080206,过程装备与控制工程,,7,04,物理,A,化学,四年,6600,(入学后可选拔进入碳中和未来班),1_3_0425_5_25
3,普通类本科批,0425,10425,中国石油大学(华东),山东,公办,26,080501,能源与动力工程,,5,04,物理,A,化学,四年,6600,(入学后可选拔进入碳中和未来班),1_3_0425_5_26
3,普通类本科批,0425,10425,中国石油大学(华东),山东,公办,29,080504,储能科学与工程,,4,04,物理,A,化学,四年,6600,(入学后可选拔进入碳中和未来班),1_3_0425_5_29
3,普通类本科批,0425,10425,中国石油大学(华东),山东,公办,30,080601,电气工程及其自动化,,4,04,物理,A,化学,四年,6600,(入学后可选拔进入碳中和未来班、卓越工程师班),1_3_0425_5_30
3,普通类本科批,0425,10425,中国石油大学(华东),山东,公办,31,080701,电子信息工程,,2,04,物理,A,化学,四年,6600,(入学后可选拔进入海洋信息技术特色班),1_3_0425_5_31
3,普通类本科批,0425,10425,中国石油大学(华东),山东,公办,32,080703,通信工程,,2,04,物理,A,化学,四年,6600,(入学后可选拔进入海洋信息技术特色班),1_3_0425_5_32
3,普通类本科批,0425,10425,中国石油大学(华东),山东,公办,33,080710,集成电路设计与集成系统,,2,04,物理,A,化学,四年,12000,(入学后可选拔进入海洋信息技术特色班),1_3_0425_5_33
3,普通类本科批,0425,10425,中国石油大学(华东),山东,公办,36,080301,测控技术与仪器,,3,04,物理,A,化学,四年,6600,(入学后可选拔进入仪器控制类特色班),1_3_0425_5_36
3,普通类本科批,0425,10425,中国石油大学(华东),山东,公办,37,080303,智能感知工程,,3,04,物理,A,化学,四年,6600,(入学后可选拔进入仪器控制类特色班),1_3_0425_5_37
3,普通类本科批,0425,10425,中国石油大学(华东),山东,公办,38,080801,自动化,,4,04,物理,A,化学,四年,6600,(入学后可选拔进入仪器控制类特色班),1_3_0425_5_38
3,普通类本科批,0425,10425,中国石油大学(华东),山东,公办,39,080717,人工智能,,2,04,物理,A,化学,四年,6600,(入学后可选拔进入人工智能类特色班),1_3_0425_5_39
3,普通类本科批,0425,10425,中国石油大学(华东),山东,公办,40,080901,计算机科学与技术,,3,04,物理,A,化学,四年,6600,(入学后可选拔进入人工智能类特色班),1_3_0425_5_40
3,普通类本科批,0425,10425,中国石油大学(华东),山东,公办,41,080902,软件工程,,5,04,物理,A,化学,四年,12000,(入学后可选拔进入人工智能类特色班),1_3_0425_5_41
3,普通类本科批,0425,10425,中国石油大学(华东),山东,公办,42,080907,智能科学与技术,,4,04,物理,A,化学,四年,6600,(入学后可选拔进入人工智能类特色班),1_3_0425_5_42
3,普通类本科批,0425,10425,中国石油大学(华东),山东,公办,43,0701,数学类(数学与应用数学、信息与计算科学),,3,04,物理,A,化学,四年,6600,(学生分流时可自由选择类内专业；入学后可选拔进入数力拔尖班),1_3_0425_5_43
3,普通类本科批,0425,10425,中国石油大学(华东),山东,公办,44,070202,应用物理学,,2,04,物理,A,化学,四年,6600,(入学后可选拔进入数力拔尖班),1_3_0425_5_44
3,普通类本科批,0425,10425,中国石油大学(华东),山东,公办,46,080910,数据科学与大数据技术,,2,04,物理,A,化学,四年,6600,(入学后可选拔进入数力拔尖班),1_3_0425_5_46
3,普通类本科批,0425,10425,中国石油大学(华东),山东,公办,47,020101,经济学,,2,04,物理,K,无限制,四年,6600,[入学后可选拔进入会计学ACCA方向班；理科生(选考物理)可选拔进入经济管理实验班],1_3_0425_5_47
3,普通类本科批,0425,10425,中国石油大学(华东),山东,公办,49,120108,大数据管理与应用,,2,04,物理,A,化学,四年,6600,(入学后可选拔进入经济管理实验班、会计学ACCA方向班),1_3_0425_5_49
3,普通类本科批,0425,10425,中国石油大学(华东),山东,公办,50,120203,会计学,,2,04,物理,K,无限制,四年,6600,[入学后可选拔进入会计学ACCA方向班；理科生(选考物理)可选拔进入经济管理实验班],1_3_0425_5_50
3,普通类本科批,0425,10425,中国石油大学(华东),山东,公办,AB,081901,船舶与海洋工程,(高校专项计划),1,04,物理,A,化学,四年,6600,"(入学后可选拔进入机械类特色班)(特控线上录取)(教育部高校专项计划,只投档符合报考条件的考生)",1_3_0425_5_AB
3,普通类本科批,0459,10459,郑州大学,河南,公办,02,020301,金融学,,6,04,物理,K,无限制,四年,4400,,1_3_0459_5_02
3,普通类本科批,0459,10459,郑州大学,河南,公办,08,030101,法学,,2,04,物理,K,无限制,四年,4400,,1_3_0459_5_08
3,普通类本科批,0459,10459,郑州大学,河南,公办,10,0503,新闻传播学类(广告学、新闻学、网络与新媒体),,2,04,物理,K,无限制,四年,4400,,1_3_0459_5_10
3,普通类本科批,0459,10459,郑州大学,河南,公办,11,050201,英语,,2,04,物理,K,无限制,四年,4400,,1_3_0459_5_11
3,普通类本科批,0459,10459,郑州大学,河南,公办,34,0701,数学类(数学与应用数学、信息与计算科学、数据科学),,13,04,物理,A,化学,四年,5000,,1_3_0459_5_34
3,普通类本科批,0459,10459,郑州大学,河南,公办,35,0703,化学类(化学、应用化学),,15,04,物理,A,化学,四年,5000,(不招收色盲、色弱及单色识别不全考生),1_3_0459_5_35
3,普通类本科批,0459,10459,郑州大学,河南,公办,37,080702,电子科学与技术,,10,04,物理,A,化学,四年,5000,,1_3_0459_5_37
3,普通类本科批,0459,10459,郑州大学,河南,公办,42,080801,自动化,,14,04,物理,A,化学,四年,5700,,1_3_0459_5_42
3,普通类本科批,0459,10459,郑州大学,河南,公办,43,080701,电子信息工程,,15,04,物理,A,化学,四年,5700,,1_3_0459_5_43
3,普通类本科批,0459,10459,郑州大学,河南,公办,45,0804,材料类(材料科学与工程、高分子材料与工程、材料化学),,18,04,物理,A,化学,四年,5700,,1_3_0459_5_45
3,普通类本科批,0459,10459,郑州大学,河南,公办,46,080201,机械工程,,18,04,物理,A,化学,四年,5700,,1_3_0459_5_46
3,普通类本科批,0459,10459,郑州大学,河南,公办,54,120601,物流管理,,5,04,物理,K,无限制,四年,4400,,1_3_0459_5_54
3,普通类本科批,0459,10459,郑州大学,河南,公办,56,082901,安全工程,,6,04,物理,A,化学,四年,5700,,1_3_0459_5_56
3,普通类本科批,0459,10459,郑州大学,河南,公办,57,080102,工程力学,,10,04,物理,A,化学,四年,5700,,1_3_0459_5_57
3,普通类本科批,0459,10459,郑州大学,河南,公办,60,071003,生物信息学,,6,04,物理,A,化学,四年,5000,(不招收色盲、色弱及单色识别不全考生),1_3_0459_5_60
3,普通类本科批,0459,10459,郑州大学,河南,公办,67,080904,信息安全,,4,04,物理,A,化学,四年,5000,,1_3_0459_5_67
3,普通类本科批,0459,10459,郑州大学,河南,公办,70,080918,密码科学与技术,,5,04,物理,A,化学,四年,5000,,1_3_0459_5_70
3,普通类本科批,0459,10459,郑州大学,河南,公办,71,080901,计算机科学与技术,,10,04,物理,A,化学,四年,5700,(不招收单色识别不全考生),1_3_0459_5_71
3,普通类本科批,0459,10459,郑州大学,河南,公办,74,080717,人工智能,,9,04,物理,A,化学,四年,5700,,1_3_0459_5_74
3,普通类本科批,0459,10459,郑州大学,河南,公办,78,100101,基础医学,,4,04,物理,A,化学,五年,6300,(不招收色盲、色弱及单色识别不全考生),1_3_0459_5_78
3,普通类本科批,0459,10459,郑州大学,河南,公办,83,100201,临床医学(第二临床学院),,5,04,物理,A,化学,五年,6300,(不招收色盲、色弱及单色识别不全考生),1_3_0459_5_83
3,普通类本科批,0459,10459,郑州大学,河南,公办,93,101005,康复治疗学,,4,04,物理,A,化学,四年,6300,(不招收色盲、色弱及单色识别不全考生),1_3_0459_5_93
3,普通类本科批,0486,10486,武汉大学,湖北,公办,A1,00700,理科试验班(弘毅双学位试验班)(数学与应用数学、遥感科学与技术、数字经济、计算机科学与技术),,2,04,物理,A,化学,四年,5850,"[含低空经济试验班(遥感科学与技术+经济学)、数理金融试验班(金融学+数学与应用数学)、数理经济试验班(经济学+数学与应用数学)、数智经济试验班(数字经济+计算机科学与技术),自由选择任一理科双学位试验班]",1_3_0486_5_A1
3,普通类本科批,0486,10486,武汉大学,湖北,公办,A7,080704,微电子科学与工程(集成电路学院),,2,04,物理,A,化学,四年,4500,,1_3_0486_5_A7
3,普通类本科批,0486,10486,武汉大学,湖北,公办,D2,120108,大数据管理与应用,,2,04,物理,K,无限制,四年,4500,(含大数据管理与应用、信息管理与信息系统、电子商务、图书馆学、档案学、编辑出版学),1_3_0486_5_D2
3,普通类本科批,0486,10486,武汉大学,湖北,公办,D4,020101,经济学(数智经济与管理创新班),,2,04,物理,K,无限制,四年,5850,[含经济学(基地班)、金融工程、市场营销(数智特色创新试验班)、管理科学(商业数据分析试验班)],1_3_0486_5_D4
3,普通类本科批,0486,10486,武汉大学,湖北,公办,D5,0201,经济学类[经济学、财政学、金融学、保险学(精算试验班)、国际经济与贸易],,4,04,物理,K,无限制,四年,5850,[含经济学(基地班)、经济学(能源经济管理试验班)、金融工程],1_3_0486_5_D5
3,普通类本科批,0486,10486,武汉大学,湖北,公办,D6,1202,工商管理类[工商管理(含智能管理试验班)、市场营销(含数智特色创新试验班)、会计学、财务管理、人力资源管理、供应链管理],(高校专项计划),2,04,物理,K,无限制,四年,5850,"[含工商管理(智能管理试验班),市场营销(数智特色创新试验班),管理科学(商业数据分析试验班)](特控线上录取)(教育部高校专项计划,只投档符合报考条件的考生)",1_3_0486_5_D6
3,普通类本科批,0486,10486,武汉大学,湖北,公办,F2,0701,数学类(数学与应用数学、信息与计算科学、统计学、数据科学与大数据技术),,3,04,物理,A,化学,四年,4500,,1_3_0486_5_F2
3,普通类本科批,0486,10486,武汉大学,湖北,公办,F5,0702,物理学类(物理学、材料物理),,4,04,物理,A,化学,四年,4500,(含严济慈班、天文班、高能物理班、半导体班等中科院“科教融合”合作班级。分流时该专业大类内专业任选),1_3_0486_5_F5
3,普通类本科批,0486,10486,武汉大学,湖北,公办,G2,0703,化学类[化学(含化生方向)、应用化学],,3,04,物理,A,化学,四年,4500,(分流时该专业大类内专业任选),1_3_0486_5_G2
3,普通类本科批,0486,10486,武汉大学,湖北,公办,G5,0710,生物科学类(生物科学、生物技术、生态学),,7,04,物理,A,化学,四年,4500,(含菁英创新。分流时该专业大类内专业任选),1_3_0486_5_G5
3,普通类本科批,0486,10486,武汉大学,湖北,公办,H1,140006,智慧城市与空间规划(含时空智能方向),(高校专项计划),2,04,物理,A,化学,四年,4500,"[含智慧城市与空间规划、地理信息科学(时空智能方向)、地理科学(弘毅班)](特控线上录取)(教育部高校专项计划,只投档符合报考条件的考生)",1_3_0486_5_H1
3,普通类本科批,0486,10486,武汉大学,湖北,公办,J1,00600,工科试验班(碳中和自强班)(水文与水资源工程),,2,04,物理,A,化学,四年,4500,(拔尖人才培养试验班),1_3_0486_5_J1
3,普通类本科批,0486,10486,武汉大学,湖北,公办,J4,080601,电气工程及其自动化,,4,04,物理,A,化学,四年,4500,(含电气工程及其自动化、储能科学与工程),1_3_0486_5_J4
3,普通类本科批,0486,10486,武汉大学,湖北,公办,J7,00600,工科试验班(智慧能源与智能制造类)(机械设计制造及其自动化、智能制造工程、能源与动力工程、智慧能源工程、能源化学工程、核工程与核技术),,3,04,物理,A,化学,四年,4500,(分流时该专业大类内专业任选),1_3_0486_5_J7
3,普通类本科批,0486,10486,武汉大学,湖北,公办,L2,080901,计算机科学与技术(弘毅班),,1,04,物理,A,化学,四年,5850,(拔尖人才培养试验班),1_3_0486_5_L2
3,普通类本科批,0486,10486,武汉大学,湖北,公办,L4,0809,计算机类(计算机学院)(计算机科学与技术、软件工程),,4,04,物理,A,化学,四年,5850,(分流时该专业大类内专业任选),1_3_0486_5_L4
3,普通类本科批,0486,10486,武汉大学,湖北,公办,M2,080717,人工智能,,2,04,物理,A,化学,四年,5850,,1_3_0486_5_M2
3,普通类本科批,0486,10486,武汉大学,湖北,公办,M5,0807,电子信息类(电子信息学院)(通信工程、电子信息工程),,3,04,物理,A,化学,四年,5850,(分流时该专业大类内专业任选),1_3_0486_5_M5
3,普通类本科批,0486,10486,武汉大学,湖北,公办,N2,081202,遥感科学与技术,,3,04,物理,A,化学,四年,5850,(含遥感科学与技术、空间信息与数字技术),1_3_0486_5_N2
3,普通类本科批,0486,10486,武汉大学,湖北,公办,N3,081203,导航工程(智能导航创新班),,2,04,物理,A,化学,四年,4500,,1_3_0486_5_N3
3,普通类本科批,0486,10486,武汉大学,湖北,公办,Q3,100301,口腔医学(5年),,2,04,物理,A,化学,五年,5850,(不招收色弱、色盲考生),1_3_0486_5_Q3
3,普通类本科批,0486,10486,武汉大学,湖北,公办,Q7,100201,临床医学(5+3一体化),,2,04,物理,A,化学,五年,5850,(不招收色弱、色盲考生),1_3_0486_5_Q7
3,普通类本科批,0486,10486,武汉大学,湖北,公办,R2,080701H,电子信息工程(中外合作办学),,2,04,物理,A,化学,四年,115000,"[与英国杜伦大学联合举办,采取4+0教学模式,即4年在武汉大学学习(学习期间可选择赴杜伦大学交流学习),毕业生可同时获得武汉大学和英国杜伦大学双方学位证书]",1_3_0486_5_R2
3,普通类本科批,0486,10486,武汉大学,湖北,公办,R4,081106H,智慧水利(中外合作办学),,4,04,物理,A,化学,四年,98000,"[与英国杜伦大学联合举办,采取4+0教学模式,即4年在武汉大学学习(学习期间可选择赴杜伦大学交流学习),毕业生可同时获得武汉大学和英国杜伦大学双方学位证书]",1_3_0486_5_R4
3,普通类本科批,0486,10486,武汉大学,湖北,公办,R5,070801H,地球物理学(中外合作办学),,2,04,物理,A,化学,四年,88000,"[与英国杜伦大学联合举办,采取4+0教学模式,即4年在武汉大学学习(学习期间可选择赴杜伦大学交流学习),毕业生可同时获得武汉大学和英国杜伦大学双方学位证书]",1_3_0486_5_R5
3,普通类本科批,0487,10487,华中科技大学,湖北,公办,01,140002,交叉工程(未来技术实验班),,2,04,物理,A,化学,四年,5850,,1_3_0487_5_01
3,普通类本科批,0487,10487,华中科技大学,湖北,公办,0Q,100201,临床医学(八年制),,2,04,物理,A,化学,八年医,5850,(色弱、色盲、单色识别不全者不予录取),1_3_0487_5_0Q
3,普通类本科批,0487,10487,华中科技大学,湖北,公办,11,0701,数学类(数学与应用数学、统计学、信息与计算科学),,3,04,物理,A,化学,四年,4500,,1_3_0487_5_11
3,普通类本科批,0487,10487,华中科技大学,湖北,公办,13,0702,物理学类(物理学、应用物理学),,3,04,物理,A,化学,四年,4500,,1_3_0487_5_13
3,普通类本科批,0487,10487,华中科技大学,湖北,公办,18,0826,生物医学工程类(生物医学工程、生物信息学),,3,04,物理,A,化学,四年,5850,,1_3_0487_5_18
3,普通类本科批,0487,10487,华中科技大学,湖北,公办,19,071001H,生物科学(中外合作办学),,3,04,物理,A,化学,四年,108000,"(色盲、单色识别不全者不予录取；与埃夫里-巴黎萨克雷大学联合培养,4+0模式,核心课程全英文授课；达到要求者可获得中方大学毕业证、学位证,以及外方大学学位证)",1_3_0487_5_19
3,普通类本科批,0487,10487,华中科技大学,湖北,公办,1A,0802,机械类(机械设计制造及其自动化、智能制造工程、工业工程、测控技术与仪器),,3,04,物理,A,化学,四年,5850,,1_3_0487_5_1A
3,普通类本科批,0487,10487,华中科技大学,湖北,公办,1D,0805,能源动力类(能源与动力工程、新能源科学与工程、储能科学与工程、核工程与核技术),,6,04,物理,A,化学,四年,5850,,1_3_0487_5_1D
3,普通类本科批,0487,10487,华中科技大学,湖北,公办,1F,080601,电气工程及其自动化,,4,04,物理,A,化学,四年,5850,,1_3_0487_5_1F
3,普通类本科批,0487,10487,华中科技大学,湖北,公办,1G,081901,船舶与海洋工程,(高校专项计划),1,04,物理,A,化学,四年,5850,"(特控线上录取)(教育部高校专项计划,只投档符合报考条件的考生)",1_3_0487_5_1G
3,普通类本科批,0487,10487,华中科技大学,湖北,公办,1J,0807,电子信息类(电信学院)(电子信息工程、通信工程、电磁场与无线技术),,3,04,物理,A,化学,四年,5850,,1_3_0487_5_1J
3,普通类本科批,0487,10487,华中科技大学,湖北,公办,1K,080705,光电信息科学与工程,,3,04,物理,A,化学,四年,5850,,1_3_0487_5_1K
3,普通类本科批,0487,10487,华中科技大学,湖北,公办,1N,0808,自动化类(自动化、智能医学工程),,4,04,物理,A,化学,四年,5850,,1_3_0487_5_1N
3,普通类本科批,0487,10487,华中科技大学,湖北,公办,21,0809,计算机类(计算机学院)(计算机科学与技术、数据科学与大数据技术、智能科学与技术),,8,04,物理,A,化学,四年,5850,,1_3_0487_5_21
3,普通类本科批,0487,10487,华中科技大学,湖北,公办,22,0820,航空航天类(飞行器设计与工程、工程力学),,3,04,物理,A,化学,四年,5850,,1_3_0487_5_22
3,普通类本科批,0487,10487,华中科技大学,湖北,公办,2P,020109,数字经济(AI双学位),,3,04,物理,A,化学,四年,5850,"(与人工智能学院联合培养数字经济与人工智能复合型人才,授予经济学与工学双学士学位)",1_3_0487_5_2P
3,普通类本科批,0487,10487,华中科技大学,湖北,公办,4F,100201,临床医学,(高校专项计划),1,04,物理,A,化学,五年,5850,"(色弱、色盲、单色识别不全者不予录取)(特控线上录取)(教育部高校专项计划,只投档符合报考条件的考生)",1_3_0487_5_4F
3,普通类本科批,0491,10491,中国地质大学(武汉),湖北,公办,01,0709,地质学类(国家拔尖计划、国家理科基地班)(地质学),,2,04,物理,A,化学,四年,4500,,1_3_0491_5_01
3,普通类本科批,0491,10491,中国地质大学(武汉),湖北,公办,02,0709,地质学类(地质学、地球信息科学与技术),,3,04,物理,A,化学,四年,4500,,1_3_0491_5_02
3,普通类本科批,0491,10491,中国地质大学(武汉),湖北,公办,04,081403,资源勘查工程,,2,04,物理,A,化学,四年,4500,,1_3_0491_5_04
3,普通类本科批,0491,10491,中国地质大学(武汉),湖北,公办,05,081502,石油工程,,2,04,物理,A,化学,四年,4500,,1_3_0491_5_05
3,普通类本科批,0491,10491,中国地质大学(武汉),湖北,公办,06,081407,资源环境大数据工程,,1,04,物理,A,化学,四年,4500,,1_3_0491_5_06
3,普通类本科批,0491,10491,中国地质大学(武汉),湖北,公办,08,0804,材料类(材料科学与工程、材料化学),,2,04,物理,A,化学,四年,5850,,1_3_0491_5_08
3,普通类本科批,0491,10491,中国地质大学(武汉),湖北,公办,15,081001,土木工程,,2,04,物理,A,化学,四年,5850,,1_3_0491_5_15
3,普通类本科批,0491,10491,中国地质大学(武汉),湖北,公办,17,081401,地质工程,,3,04,物理,A,化学,四年,5850,,1_3_0491_5_17
3,普通类本科批,0491,10491,中国地质大学(武汉),湖北,公办,18,082901,安全工程,,3,04,物理,A,化学,四年,5850,,1_3_0491_5_18
3,普通类本科批,0491,10491,中国地质大学(武汉),湖北,公办,20,070801,地球物理学(国家拔尖计划),,1,04,物理,A,化学,四年,4500,,1_3_0491_5_20
3,普通类本科批,0491,10491,中国地质大学(武汉),湖北,公办,21,0708,地球物理学类(地球物理与空间信息类)(地球物理学、勘查技术与工程、空间科学与技术),,5,04,物理,A,化学,四年,4500,,1_3_0491_5_21
3,普通类本科批,0491,10491,中国地质大学(武汉),湖北,公办,22,070701,海洋科学(菁英班),,5,04,物理,A,化学,四年,4500,,1_3_0491_5_22
3,普通类本科批,0491,10491,中国地质大学(武汉),湖北,公办,24,080202,机械设计制造及其自动化,,1,04,物理,A,化学,四年,5850,,1_3_0491_5_24
3,普通类本科批,0491,10491,中国地质大学(武汉),湖北,公办,26,080701,电子信息工程,,2,04,物理,A,化学,四年,5850,,1_3_0491_5_26
3,普通类本科批,0491,10491,中国地质大学(武汉),湖北,公办,31,080717,人工智能,,1,04,物理,A,化学,四年,5850,,1_3_0491_5_31
3,普通类本科批,0491,10491,中国地质大学(武汉),湖北,公办,36,1201,管理科学与工程类(信息管理与信息系统、工程管理),,3,04,物理,A,化学,四年,4500,,1_3_0491_5_36
3,普通类本科批,0491,10491,中国地质大学(武汉),湖北,公办,38,0705,地理科学类(地理科学、地理信息科学),,3,04,物理,A,化学,四年,5850,,1_3_0491_5_38
3,普通类本科批,0491,10491,中国地质大学(武汉),湖北,公办,39,0812,测绘类(测绘与信息类)(测绘工程、地理空间信息工程、遥感科学与技术),,2,04,物理,A,化学,四年,5850,,1_3_0491_5_39
3,普通类本科批,0491,10491,中国地质大学(武汉),湖北,公办,41,0701,数学类(数学与应用数学、信息与计算科学),,1,04,物理,A,化学,四年,4500,,1_3_0491_5_41
3,普通类本科批,0491,10491,中国地质大学(武汉),湖北,公办,48,120404,土地资源管理,,2,04,物理,A,化学,四年,4500,,1_3_0491_5_48
3,普通类本科批,0491,10491,中国地质大学(武汉),湖北,公办,51,080901,计算机科学与技术,,1,04,物理,A,化学,四年,5850,,1_3_0491_5_51
3,普通类本科批,0491,10491,中国地质大学(武汉),湖北,公办,52,080908,空间信息与数字技术,,2,04,物理,A,化学,四年,5850,,1_3_0491_5_52
3,普通类本科批,0491,10491,中国地质大学(武汉),湖北,公办,53,080910,数据科学与大数据技术,,1,04,物理,A,化学,四年,5850,,1_3_0491_5_53
3,普通类本科批,0491,10491,中国地质大学(武汉),湖北,公办,55,080902,软件工程,,1,04,物理,A,化学,四年,5850,,1_3_0491_5_55
3,普通类本科批,0491,10491,中国地质大学(武汉),湖北,公办,61,0709,地质学类(菁英班)(地质学、地球物理学、地球信息科学与技术、海洋科学、地理科学、资源勘查工程、水文与水资源工程、地质工程),,1,04,物理,A,化学,四年,4500,,1_3_0491_5_61
3,普通类本科批,0491,10491,中国地质大学(武汉),湖北,公办,62,0807,电子信息类(未来技术学院)(人工智能、机械设计制造及其自动化、计算机科学与技术、自动化、材料科学与工程),,1,04,物理,A,化学,四年,5850,,1_3_0491_5_62
3,普通类本科批,0491,10491,中国地质大学(武汉),湖北,公办,63,080503,新能源科学与工程,,1,04,物理,A,化学,四年,4500,,1_3_0491_5_63
3,普通类本科批,0497,10497,武汉理工大学,湖北,公办,01,080704,微电子科学与工程(卓越英才班),,1,04,物理,A,化学,四年,5850,,1_3_0497_5_01
3,普通类本科批,0497,10497,武汉理工大学,湖北,公办,03,080201,机械工程(卓越英才班),,1,04,物理,A,化学,四年,5850,,1_3_0497_5_03
3,普通类本科批,0497,10497,武汉理工大学,湖北,公办,06,080207,车辆工程(智能新能源汽车鲲鹏试点班),,2,04,物理,A,化学,四年,5850,,1_3_0497_5_06
3,普通类本科批,0497,10497,武汉理工大学,湖北,公办,07,0809,计算机类(计算机科学与技术、软件工程、数据科学与大数据技术),,4,04,物理,A,化学,四年,5850,,1_3_0497_5_07
3,普通类本科批,0497,10497,武汉理工大学,湖北,公办,08,080717,人工智能,,2,04,物理,A,化学,四年,5850,,1_3_0497_5_08
3,普通类本科批,0497,10497,武汉理工大学,湖北,公办,10,080710,集成电路设计与集成系统,,2,04,物理,A,化学,四年,5850,,1_3_0497_5_10
3,普通类本科批,0497,10497,武汉理工大学,湖北,公办,11,0807,电子信息类(电子信息工程、电子科学与技术、智能科学与技术、通信工程),,4,04,物理,A,化学,四年,5850,,1_3_0497_5_11
3,普通类本科批,0497,10497,武汉理工大学,湖北,公办,12,080601,电气工程及其自动化,,3,04,物理,A,化学,四年,5850,,1_3_0497_5_12
3,普通类本科批,0497,10497,武汉理工大学,湖北,公办,13,0808,自动化类(自动化、机器人工程),,4,04,物理,A,化学,四年,5850,,1_3_0497_5_13
3,普通类本科批,0497,10497,武汉理工大学,湖北,公办,14,0807,电子信息类(含交叉力学)(电子信息科学与技术、光电信息科学与工程、物理学、工程力学),,3,04,物理,A,化学,四年,5850,,1_3_0497_5_14
3,普通类本科批,0497,10497,武汉理工大学,湖北,公办,15,080202,机械设计制造及其自动化,,3,04,物理,A,化学,四年,5850,,1_3_0497_5_15
3,普通类本科批,0497,10497,武汉理工大学,湖北,公办,16,080501,能源与动力工程(新能源动力),,2,04,物理,A,化学,四年,5850,,1_3_0497_5_16
3,普通类本科批,0497,10497,武汉理工大学,湖北,公办,17,0701,数学类(信息与计算科学、统计学),,3,04,物理,A,化学,四年,4500,,1_3_0497_5_17
3,普通类本科批,0497,10497,武汉理工大学,湖北,公办,18,0802,机械类(车辆)(车辆工程、汽车服务工程、能源与动力工程、储能科学与工程),,6,04,物理,A,化学,四年,5850,,1_3_0497_5_18
3,普通类本科批,0497,10497,武汉理工大学,湖北,公办,19,0802,机械类(智能制造)(机械工程、智能制造工程、测控技术与仪器、工业工程),,5,04,物理,A,化学,四年,5850,,1_3_0497_5_19
3,普通类本科批,0497,10497,武汉理工大学,湖北,公办,20,0810,土木类(土木工程、建筑环境与能源应用工程、给排水科学与工程、工程管理),(高校专项计划),1,04,物理,A,化学,四年,5850,"(特控线上录取)(教育部高校专项计划,只投档符合报考条件的考生)",1_3_0497_5_20
3,普通类本科批,0497,10497,武汉理工大学,湖北,公办,21,0804,材料类(材料成型及控制工程、材料科学与工程、无机非金属材料工程、高分子材料与工程、复合材料与工程、新能源材料与器件),,6,04,物理,A,化学,四年,4500,,1_3_0497_5_21
3,普通类本科批,0497,10497,武汉理工大学,湖北,公办,22,081901,船舶与海洋工程,,6,04,物理,A,化学,四年,4500,,1_3_0497_5_22
3,普通类本科批,0497,10497,武汉理工大学,湖北,公办,23,0813,化工与制药类(含生物方向)(生物技术、应用化学、化学工程与工艺、制药工程),,3,04,物理,A,化学,四年,4500,(不招收色盲、色弱、单色识别能力异常考生),1_3_0497_5_23
3,普通类本科批,0497,10497,武汉理工大学,湖北,公办,25,0825,环境科学与工程类(环境工程、采矿工程、矿物加工工程),(高校专项计划),1,04,物理,A,化学,四年,4500,"(特控线上录取)(教育部高校专项计划,只投档符合报考条件的考生)",1_3_0497_5_25
3,普通类本科批,0497,10497,武汉理工大学,湖北,公办,26,120602,物流工程(智慧物流技术与装备),,2,04,物理,A,化学,四年,4500,,1_3_0497_5_26
3,普通类本科批,0497,10497,武汉理工大学,湖北,公办,28,120408,海事管理,,2,04,物理,A,化学,四年,4500,,1_3_0497_5_28
3,普通类本科批,0497,10497,武汉理工大学,湖北,公办,32,1201,管理科学与工程类(大数据与智慧安全应急)(大数据管理与应用、安全工程、应急管理),,5,04,物理,A,化学,四年,4500,(不招收单色识别能力异常考生),1_3_0497_5_32
3,普通类本科批,0497,10497,武汉理工大学,湖北,公办,34,020109,数字经济(双学士学位复合型人才培养项目),,2,04,物理,A,化学,四年,4500,(数字经济与人工智能双学士学位),1_3_0497_5_34
3,普通类本科批,0497,10497,武汉理工大学,湖北,公办,35,120102,信息管理与信息系统,,2,04,物理,A,化学,四年,5850,,1_3_0497_5_35
3,普通类本科批,0497,10497,武汉理工大学,湖北,公办,42,080205,工业设计,,2,04,物理,A,化学,四年,4500,,1_3_0497_5_42
3,普通类本科批,0497,10497,武汉理工大学,湖北,公办,48,080207H,车辆工程(中外合作办学)(与英国威尔士三一圣大卫大学合办),,2,04,物理,A,化学,四年,42000,"(""4+0""模式,非英语考生谨慎报考,办学地点：军山校区)",1_3_0497_5_48
3,普通类本科批,0497,10497,武汉理工大学,湖北,公办,50,0710H,生物科学类(中外合作办学)[生物技术(中外合作办学)、制药工程(中外合作办学)],,4,04,物理,A,化学,四年,39800,"(与法国艾克斯马赛大学合办,""4+0""模式,部分课程以法语作为教学和考核语言,学生入校后第一年须安排法语强化学习,法语达到欧洲共同语言参考标准B1水平方可注册第二学年法方学籍,不招收色盲、色弱、单色识别异常考生)",1_3_0497_5_50
3,普通类本科批,0497,10497,武汉理工大学,湖北,公办,53,080207H,车辆工程(中外合作办学)(与英国伦敦布鲁内尔大学合办),,2,04,物理,A,化学,四年,79500,"(""4+0""模式,非英语考生谨慎报考,办学地点：军山校区)",1_3_0497_5_53
3,普通类本科批,0497,10497,武汉理工大学,湖北,公办,AB,0802,机械类(智能制造)(机械工程、智能制造工程、测控技术与仪器、工业工程),(高校专项计划),1,04,物理,A,化学,四年,5850,"(特控线上录取)(教育部高校专项计划,只投档符合报考条件的考生)",1_3_0497_5_AB
3,普通类本科批,0504,10504,华中农业大学,湖北,公办,01,0710,生物科学类[生物科学(国家生物学理科基地班)、生物技术(国家生命科学与技术基地班)],,2,04,物理,A,化学,四年,5850,(不招色盲),1_3_0504_5_01
3,普通类本科批,0504,10504,华中农业大学,湖北,公办,03,083003,合成生物学,,1,04,物理,A,化学,四年,4500,,1_3_0504_5_03
3,普通类本科批,0504,10504,华中农业大学,湖北,公办,05,090103,植物保护(国家卓越农林人才计划),,2,04,物理,A,化学,四年,4500,(不招色盲),1_3_0504_5_05
3,普通类本科批,0504,10504,华中农业大学,湖北,公办,07,090109,应用生物科学,,1,04,物理,A,化学,四年,4500,(不招色盲),1_3_0504_5_07
3,普通类本科批,0504,10504,华中农业大学,湖北,公办,08,090112,智慧农业,,3,04,物理,A,化学,四年,4500,(不招色盲),1_3_0504_5_08
3,普通类本科批,0504,10504,华中农业大学,湖北,公办,10,090301,动物科学(国家卓越农林人才计划),,2,04,物理,A,化学,四年,4500,(不招色盲),1_3_0504_5_10
3,普通类本科批,0504,10504,华中农业大学,湖北,公办,11,090401,动物医学,,2,04,物理,A,化学,五年,4500,(不招色盲),1_3_0504_5_11
3,普通类本科批,0504,10504,华中农业大学,湖北,公办,13,082502,环境工程,,2,04,物理,A,化学,四年,5850,(不招色盲),1_3_0504_5_13
3,普通类本科批,0504,10504,华中农业大学,湖北,公办,15,082504,环境生态工程,,2,04,物理,A,化学,四年,4500,(不招色盲),1_3_0504_5_15
3,普通类本科批,0504,10504,华中农业大学,湖北,公办,17,070504,地理信息科学,,2,04,物理,D,D,四年,5850,(不招色盲),1_3_0504_5_17
3,普通类本科批,0504,10504,华中农业大学,湖北,公办,18,090102,园艺(国家卓越农林人才计划),,2,04,物理,A,化学,四年,4500,(不招色盲),1_3_0504_5_18
3,普通类本科批,0504,10504,华中农业大学,湖北,公办,23,082803,风景园林,,1,04,物理,K,无限制,四年,5850,(不招色盲),1_3_0504_5_23
3,普通类本科批,0504,10504,华中农业大学,湖北,公办,24,0906,水产类[水产养殖学(国家卓越农林人才计划)、水族科学与技术],,4,04,物理,A,化学,四年,4500,(不招色盲),1_3_0504_5_24
3,普通类本科批,0504,10504,华中农业大学,湖北,公办,25,0823,农业工程类[农业机械化及其自动化(国家卓越工程师计划)、能源与动力工程],,4,04,物理,A,化学,四年,4500,,1_3_0504_5_25
3,普通类本科批,0504,10504,华中农业大学,湖北,公办,26,0802,机械类(机械设计制造及其自动化、机械电子工程、自动化、机器人工程),,3,04,物理,A,化学,四年,5850,,1_3_0504_5_26
3,普通类本科批,0504,10504,华中农业大学,湖北,公办,27,080705,光电信息科学与工程,,1,04,物理,A,化学,四年,5850,,1_3_0504_5_27
3,普通类本科批,0504,10504,华中农业大学,湖北,公办,28,0827,食品科学与工程类[食品科学与工程(国家卓越工程师计划)、食品质量与安全、食品营养与健康],,2,04,物理,A,化学,四年,5850,(不招色盲),1_3_0504_5_28
3,普通类本科批,0504,10504,华中农业大学,湖北,公办,29,070302,应用化学,,6,04,物理,A,化学,四年,4500,(不招色盲),1_3_0504_5_29
3,普通类本科批,0504,10504,华中农业大学,湖北,公办,31,071003,生物信息学,,2,04,物理,A,化学,四年,5850,(不招色盲),1_3_0504_5_31
3,普通类本科批,0504,10504,华中农业大学,湖北,公办,33,080910,数据科学与大数据技术,,1,04,物理,A,化学,四年,5850,,1_3_0504_5_33
3,普通类本科批,0504,10504,华中农业大学,湖北,公办,34,080717,人工智能,,4,04,物理,A,化学,四年,5850,,1_3_0504_5_34
3,普通类本科批,0504,10504,华中农业大学,湖北,公办,50,1201,管理科学与工程类(工程管理、信息管理与信息系统),,2,04,物理,K,无限制,四年,5850,,1_3_0504_5_50
3,普通类本科批,0504,10504,华中农业大学,湖北,公办,AB,080910,数据科学与大数据技术,(高校专项计划),1,04,物理,A,化学,四年,5850,"[特控线上30分(含)录取)](教育部高校专项计划,只投档符合报考条件的考生)",1_3_0504_5_AB
3,普通类本科批,0511,10511,华中师范大学,湖北,公办,39,0703,化学类(民族班)[化学(英才班)、化学(未来卓越教师实验班、非公费师范)、化学(智能化学)],(民族班),2,04,物理,A,化学,四年,5850,(只招少数民族考生)(色盲、色弱或单色识别不全者不予录取),1_3_0511_5_39
3,普通类本科批,0520,10520,中南财经政法大学,湖北,公办,03,030301,社会学,(高校专项计划),1,04,物理,K,无限制,四年,4500,"(特控线上录取)(教育部高校专项计划,只投档符合报考条件的考生)",1_3_0520_5_03
3,普通类本科批,0520,10520,中南财经政法大学,湖北,公办,07,0202,财政学类(财政学、税收学),,2,04,物理,K,无限制,四年,5850,(本专业类内专业任选),1_3_0520_5_07
3,普通类本科批,0520,10520,中南财经政法大学,湖北,公办,09,0203,金融学类(金融学、投资学),,2,04,物理,K,无限制,四年,5850,(本专业类内专业任选),1_3_0520_5_09
3,普通类本科批,0520,10520,中南财经政法大学,湖北,公办,27,0301,法学类[法学、法学(民商法方向)、法学(涉外法治方向)、法学(政府法治方向)、法学(刑事法方向)、法学(社会治理方向)、纪检监察、国际法、知识产权、国际经贸规则、海外利益安全],,3,04,物理,K,无限制,四年,5850,(本专业类内专业任选),1_3_0520_5_27
3,普通类本科批,0520,10520,中南财经政法大学,湖北,公办,38,120203,会计学(会计学、会计学注册会计师、财管),,4,04,物理,K,无限制,四年,5850,,1_3_0520_5_38
3,普通类本科批,0520,10520,中南财经政法大学,湖北,公办,51,0712,统计学类(统计学、应用统计学),,3,04,物理,A,化学,四年,4500,(本专业类内专业任选),1_3_0520_5_51
3,普通类本科批,0520,10520,中南财经政法大学,湖北,公办,55,0809,计算机类(数据科学与大数据技术、计算机科学与技术、信息安全、人工智能),,3,04,物理,A,化学,四年,4500,(本专业类内专业任选),1_3_0520_5_55
3,普通类本科批,0520,10520,中南财经政法大学,湖北,公办,91,91AA,少数民族预科班,,1,04,物理,K,无限制,一年,3375,(培养地点：中南财经政法大学),1_3_0520_5_91
3,普通类本科批,0532,10532,湖南大学,湖南,公办,06,020308,精算学,,2,04,物理,K,无限制,四年,5500,,1_3_0532_5_06
3,普通类本科批,0532,10532,湖南大学,湖南,公办,14,0701,数学类(数学与应用数学、信息与计算科学),,5,04,物理,A,化学,四年,5300,"(包含数学与应用数学、信息与计算科学,本专业类内分流任选；入校后可选拔进入理科试验班)",1_3_0532_5_14
3,普通类本科批,0532,10532,湖南大学,湖南,公办,16,070206,量子信息科学,,2,04,物理,A,化学,四年,5300,,1_3_0532_5_16
3,普通类本科批,0532,10532,湖南大学,湖南,公办,17,0703,化学类(化学、应用化学、化学生物学),,2,04,物理,A,化学,四年,5300,"(包含化学、应用化学、化学生物学,本专业类内分流任选)",1_3_0532_5_17
3,普通类本科批,0532,10532,湖南大学,湖南,公办,21,071002,生物技术,,2,04,物理,A,化学,四年,6500,"(含生物技术、生物医学工程,专业分流时在上述专业内任选)(项目制和导师制培养)[入校后可选拔进入生物技术+计算机科学与技术(双学位)专业、理科试验班]",1_3_0532_5_21
3,普通类本科批,0532,10532,湖南大学,湖南,公办,22,0712,统计学类(统计学、经济统计学),,4,04,物理,A,化学,四年,5500,"(包含统计学、经济统计学,本专业类内分流任选)",1_3_0532_5_22
3,普通类本科批,0532,10532,湖南大学,湖南,公办,24,080213,智能制造工程,,8,04,物理,A,化学,四年,6500,"(含智能制造工程、机械设计制造及其自动化,专业分流时在上述专业内任选)[入校后可选拔进入工科试验班(人工智能类)、能源与动力工程专业(未来能源与动力创新实验班)]",1_3_0532_5_24
3,普通类本科批,0532,10532,湖南大学,湖南,公办,25,080214,智能车辆工程,,5,04,物理,A,化学,四年,6500,"(含智能车辆工程、车辆工程,专业分流时在上述专业内任选)[入校后可选拔进入工科试验班(人工智能类)、能源与动力工程专业(未来能源与动力创新实验班)]",1_3_0532_5_25
3,普通类本科批,0532,10532,湖南大学,湖南,公办,26,080401,材料科学与工程,,9,04,物理,A,化学,四年,6500,"(含电子信息材料、材料科学与工程,专业分流时在上述专业内任选)",1_3_0532_5_26
3,普通类本科批,0532,10532,湖南大学,湖南,公办,27,080601,电气工程及其自动化,,7,04,物理,A,化学,四年,6500,"(含电气工程及其自动化、测控技术与仪器、储能科学与工程,专业分流时在上述专业内任选)[入校后可选拔进入工科试验班(人工智能类)]",1_3_0532_5_27
3,普通类本科批,0532,10532,湖南大学,湖南,公办,28,080701,电子信息工程,,3,04,物理,A,化学,四年,6500,"(含电子信息工程、测控技术与仪器,专业分流时在上述专业内任选)[入校后可选拔进入工科试验班(人工智能类)]",1_3_0532_5_28
3,普通类本科批,0532,10532,湖南大学,湖南,公办,29,080702,电子科学与技术,,4,04,物理,A,化学,四年,6500,[入校后可选拔进入工科试验班(人工智能类)],1_3_0532_5_29
3,普通类本科批,0532,10532,湖南大学,湖南,公办,30,080703,通信工程,,4,04,物理,A,化学,四年,6500,[入校后可选拔进入工科试验班(人工智能类)],1_3_0532_5_30
3,普通类本科批,0532,10532,湖南大学,湖南,公办,31,080704,微电子科学与工程,,2,04,物理,A,化学,四年,6500,[入校后可选拔进入工科试验班(人工智能类)],1_3_0532_5_31
3,普通类本科批,0532,10532,湖南大学,湖南,公办,32,080710,集成电路设计与集成系统,,2,04,物理,A,化学,四年,6500,[入校后可选拔进入工科试验班(人工智能类)],1_3_0532_5_32
3,普通类本科批,0532,10532,湖南大学,湖南,公办,33,080717,人工智能,,6,04,物理,A,化学,四年,6500,"(含人工智能、机器人工程、自动化,专业分流时在上述专业内任选)[入校后可选拔进入工科试验班(人工智能类)]",1_3_0532_5_33
3,普通类本科批,0532,10532,湖南大学,湖南,公办,34,080801,自动化,,4,04,物理,A,化学,四年,6500,"(含人工智能、机器人工程、自动化,专业分流时在上述专业内任选)[入校后可选拔进入工科试验班(人工智能类)]",1_3_0532_5_34
3,普通类本科批,0532,10532,湖南大学,湖南,公办,35,080901,计算机科学与技术,,4,04,物理,A,化学,四年,6500,"(含计算机科学与技术、软件工程,专业分流时在上述专业内任选)[入校后可选拔进入工科试验班(人工智能类)]",1_3_0532_5_35
3,普通类本科批,0532,10532,湖南大学,湖南,公办,36,080901,计算机科学与技术(智能实验班),,4,04,物理,A,化学,四年,6500,"(含智能科学与技术、物联网工程、数字媒体技术、数据科学与大数据技术,专业分流时在上述专业内任选)[入校后可选拔进入工科试验班(人工智能类)]",1_3_0532_5_36
3,普通类本科批,0532,10532,湖南大学,湖南,公办,37,080911,网络空间安全,,4,04,物理,A,化学,四年,6500,"(含网络空间安全、信息安全、保密技术,专业分流时在上述专业内任选)",1_3_0532_5_37
3,普通类本科批,0532,10532,湖南大学,湖南,公办,45,120108,大数据管理与应用,,2,04,物理,K,无限制,四年,5500,"[含大数据管理与应用(商务大数据)、大数据管理与应用(金融大数据),专业分流时在上述专业内任选]",1_3_0532_5_45
3,普通类本科批,0532,10532,湖南大学,湖南,公办,91,91AA,少数民族预科班,,1,04,物理,K,无限制,一年,4000,,1_3_0532_5_91
3,普通类本科批,0532,10532,湖南大学,湖南,公办,AB,0703,化学类(化学、应用化学、化学生物学),(高校专项计划),1,04,物理,A,化学,四年,5300,"(包含化学、应用化学、化学生物学,本专业类内分流任选)(特控线上录取)(教育部高校专项计划,只投档符合报考条件的考生)",1_3_0532_5_AB
3,普通类本科批,0533,10533,中南大学,湖南,公办,13,082802,城乡规划,(高校专项计划),2,04,物理,A,化学,四年,6500,"[投档成绩需达到生源地特殊类型招生控制线上60分(含)](教育部高校专项计划,只投档符合报考条件的考生)",1_3_0533_5_13
3,普通类本科批,0533,10533,中南大学,湖南,公办,16,120102,信息管理与信息系统,,8,04,物理,K,无限制,四年,5500,,1_3_0533_5_16
3,普通类本科批,0533,10533,中南大学,湖南,公办,32,080705,光电信息科学与工程,,4,04,物理,A,化学,四年,6500,,1_3_0533_5_32
3,普通类本科批,0533,10533,中南大学,湖南,公办,42,080401,材料科学与工程,,12,04,物理,A,化学,四年,6500,,1_3_0533_5_42
3,普通类本科批,0533,10533,中南大学,湖南,公办,77,080717,人工智能,,5,04,物理,A,化学,四年,6500,,1_3_0533_5_77
3,普通类本科批,0533,10533,中南大学,湖南,公办,81,080902,软件工程,,6,04,物理,A,化学,四年,8950,,1_3_0533_5_81
3,普通类本科批,0533,10533,中南大学,湖南,公办,83,100201,临床医学(八年制),,2,04,物理,E,地理,八年医,7800,,1_3_0533_5_83
3,普通类本科批,0533,10533,中南大学,湖南,公办,86,100201,临床医学(五年制),,10,04,物理,E,地理,五年,7800,,1_3_0533_5_86
3,普通类本科批,0533,10533,中南大学,湖南,公办,92,100301,口腔医学(5+3一体化),,2,04,物理,E,地理,五年,7800,,1_3_0533_5_92
3,普通类本科批,0533,10533,中南大学,湖南,公办,96,082001,航空航天工程,,8,04,物理,A,化学,四年,6500,,1_3_0533_5_96
3,普通类本科批,0533,10533,中南大学,湖南,公办,A5,0701,数学类(数学与应用数学、信息与计算科学、统计学),,6,04,物理,A,化学,四年,5300,,1_3_0533_5_A5
3,普通类本科批,0533,10533,中南大学,湖南,公办,B1,0802,机械类(车辆工程、机械设计制造及其自动化、微电子科学与工程),,8,04,物理,A,化学,四年,6500,,1_3_0533_5_B1
3,普通类本科批,0533,10533,中南大学,湖南,公办,B2,0805,能源动力类(能源类)(能源与动力工程、新能源科学与工程、建筑环境与能源应用工程),,5,04,物理,A,化学,四年,6500,,1_3_0533_5_B2
3,普通类本科批,0533,10533,中南大学,湖南,公办,B3,0807,电子信息类(电子信息科学与技术、通信工程、电子信息工程),,8,04,物理,A,化学,四年,5300,,1_3_0533_5_B3
3,普通类本科批,0533,10533,中南大学,湖南,公办,B4,0808,自动化类(自动化与电气类)(电气工程及其自动化、自动化、测控技术与仪器),,6,04,物理,A,化学,四年,6500,,1_3_0533_5_B4
3,普通类本科批,0533,10533,中南大学,湖南,公办,B5,0809,计算机类(计算机科学与技术、信息安全、数据科学与大数据技术),,4,04,物理,A,化学,四年,6500,,1_3_0533_5_B5
3,普通类本科批,0533,10533,中南大学,湖南,公办,D2,080901H,计算机科学与技术(中外合作办学)(中南大学邓迪国际学院),,2,04,物理,A,化学,四年,69000,"(和英国邓迪大学合作。专业课程采用全英文授课,建议非英语语种考生慎重报考)",1_3_0533_5_D2
3,普通类本科批,0533,10533,中南大学,湖南,公办,D3,080202H,机械设计制造及其自动化(中外合作办学)(中南大学邓迪国际学院),,2,04,物理,A,化学,四年,69000,"(和英国邓迪大学合作。专业课程采用全英文授课,建议非英语语种考生慎重报考)",1_3_0533_5_D3
3,普通类本科批,0533,10533,中南大学,湖南,公办,D5,081001H,土木工程(中外合作办学)(中南大学邓迪国际学院),,2,04,物理,A,化学,四年,69000,"(和英国邓迪大学合作。专业课程采用全英文授课,建议非英语语种考生慎重报考)",1_3_0533_5_D5
3,普通类本科批,0533,10533,中南大学,湖南,公办,E3,080202,机械设计制造及其自动化(智能制造卓越人才培养计划实验班),,5,04,物理,A,化学,四年,6500,,1_3_0533_5_E3
3,普通类本科批,0533,10533,中南大学,湖南,公办,E4,081202,遥感科学与技术(空天信息科学与技术卓越人才培养计划实验班),,5,04,物理,A,化学,四年,6500,,1_3_0533_5_E4
3,普通类本科批,0533,10533,中南大学,湖南,公办,M1,080801H,自动化(中外合作办学)(中南大学和蒙纳士大学中外合作办学项目),,2,04,物理,A,化学,四年,待定,"(""2+2""培养,满足要求获得中南大学本科学历证、学士学位证,蒙纳士大学学士学位证)",1_3_0533_5_M1
3,普通类本科批,0533,10533,中南大学,湖南,公办,S4,00600,工科试验班(AI类智慧创新班)(人工智能、机械设计制造及其自动化、土木工程、采矿工程),,2,04,物理,A,化学,四年,待定,(大类内专业任选),1_3_0533_5_S4
3,普通类本科批,0533,10533,中南大学,湖南,公办,Z5,080901,计算机科学与技术(拔尖基地班),,2,04,物理,A,化学,四年,6500,,1_3_0533_5_Z5
3,普通类本科批,0533,10533,中南大学,湖南,公办,Z6,070202,应用物理学(拔尖基地班),,4,04,物理,A,化学,四年,5300,,1_3_0533_5_Z6
3,普通类本科批,0542,10542,湖南师范大学,湖南,公办,E0,030101,法学,,2,04,物理,K,无限制,四年,5500,,1_3_0542_5_E0
3,普通类本科批,0542,10542,湖南师范大学,湖南,公办,G4,020101,经济学,,4,04,物理,K,无限制,四年,5500,,1_3_0542_5_G4
3,普通类本科批,0542,10542,湖南师范大学,湖南,公办,G6,020301,金融学,,2,04,物理,K,无限制,四年,5500,,1_3_0542_5_G6
3,普通类本科批,0542,10542,湖南师范大学,湖南,公办,J3,0502,外国语言文学类(英语、俄语、德语、法语、日语、朝鲜语、西班牙语),,3,04,物理,K,无限制,四年,5300,(含世承书院锺书班)(须外语口试合格),1_3_0542_5_J3
3,普通类本科批,0542,10542,湖南师范大学,湖南,公办,M2,070101,数学与应用数学(师范),(师范类),6,04,物理,A,化学,四年,4000,(含世承书院天问班),1_3_0542_5_M2
3,普通类本科批,0542,10542,湖南师范大学,湖南,公办,M4,080910,数据科学与大数据技术,,2,04,物理,A,化学,四年,5300,,1_3_0542_5_M4
3,普通类本科批,0542,10542,湖南师范大学,湖南,公办,N7,070201,物理学(师范),(师范类),2,04,物理,A,化学,四年,4000,(含世承书院周光召班),1_3_0542_5_N7
3,普通类本科批,0542,10542,湖南师范大学,湖南,公办,P0,070301,化学(师范),(师范类),2,04,物理,A,化学,四年,4000,(含世承书院浩青班),1_3_0542_5_P0
3,普通类本科批,0542,10542,湖南师范大学,湖南,公办,P4,081301,化学工程与工艺,,2,04,物理,A,化学,四年,6500,,1_3_0542_5_P4
3,普通类本科批,0542,10542,湖南师范大学,湖南,公办,Q1,071001,生物科学(师范),(师范类),4,04,物理,A,化学,四年,4000,(含世承书院国家生命科学与技术人才培养基地班),1_3_0542_5_Q1
3,普通类本科批,0542,10542,湖南师范大学,湖南,公办,R4,070504,地理信息科学,,4,04,物理,D,D,四年,5300,,1_3_0542_5_R4
3,普通类本科批,0542,10542,湖南师范大学,湖南,公办,R5,070503,人文地理与城乡规划,,4,04,物理,D,D,四年,5300,,1_3_0542_5_R5
3,普通类本科批,0542,10542,湖南师范大学,湖南,公办,T9,080202,机械设计制造及其自动化,,2,04,物理,A,化学,四年,6500,,1_3_0542_5_T9
3,普通类本科批,0542,10542,湖南师范大学,湖南,公办,U2,100201,临床医学,,4,04,物理,A,化学,五年,7800,"(医学部,咸嘉湖校区)",1_3_0542_5_U2
3,普通类本科批,0542,10542,湖南师范大学,湖南,公办,U3,100701,药学,,2,04,物理,A,化学,四年,7800,"(医学部,咸嘉湖校区)",1_3_0542_5_U3
3,普通类本科批,0542,10542,湖南师范大学,湖南,公办,U5,100401,预防医学,,2,04,物理,A,化学,五年,7800,"(医学部,咸嘉湖校区)",1_3_0542_5_U5
3,普通类本科批,0542,10542,湖南师范大学,湖南,公办,V1,080901,计算机科学与技术,,2,04,物理,A,化学,四年,6500,,1_3_0542_5_V1
3,普通类本科批,0542,10542,湖南师范大学,湖南,公办,V3,080902,软件工程,,2,04,物理,A,化学,四年,6500,,1_3_0542_5_V3
3,普通类本科批,0542,10542,湖南师范大学,湖南,公办,V4,080703,通信工程,,2,04,物理,A,化学,四年,6500,,1_3_0542_5_V4
3,普通类本科批,0542,10542,湖南师范大学,湖南,公办,Y2,0503,新闻传播学类(新闻学、网络与新媒体),,2,04,物理,K,无限制,四年,6000,,1_3_0542_5_Y2
3,普通类本科批,0558,10558,中山大学,广东,公办,0B,020301,"金融学(金融学、计算机双学士学位项目,广州)",,2,04,物理,K,无限制,四年,6060,(广州校区南校园),1_3_0558_5_0B
3,普通类本科批,0558,10558,中山大学,广东,公办,0L,030101,法学(法学、计算机双学士学位项目),,2,04,物理,K,无限制,四年,6060,(广州校区东校园),1_3_0558_5_0L
3,普通类本科批,0558,10558,中山大学,广东,公办,0X,0702,物理学类(广州)(物理学、光电信息科学与工程),,5,04,物理,A,化学,四年,6850,(广州校区南校园),1_3_0558_5_0X
3,普通类本科批,0558,10558,中山大学,广东,公办,10,0703,化学类(化学、高分子材料与工程、应用化学),,5,04,物理,A,化学,四年,6850,(不招色盲色弱)(广州校区东校园),1_3_0558_5_10
3,普通类本科批,0558,10558,中山大学,广东,公办,12,070301,化学(拔尖计划),,2,04,物理,A,化学,四年,6850,(不招色盲色弱)(广州校区东校园),1_3_0558_5_12
3,普通类本科批,0558,10558,中山大学,广东,公办,18,0807,电子信息类(通信工程、微电子科学与工程、光电信息科学与工程、电子信息科学与技术),,8,04,物理,A,化学,四年,6850,(广州校区东校园),1_3_0558_5_18
3,普通类本科批,0558,10558,中山大学,广东,公办,1A,0809,计算机类(广州)(计算机科学与技术、信息与计算科学),,5,04,物理,A,化学,四年,6850,(广州校区东校园),1_3_0558_5_1A
3,普通类本科批,0558,10558,中山大学,广东,公办,1G,100201,临床医学(八年制),,3,04,物理,A,化学,八年医,7660,(不招色盲色弱)(广州校区北校园),1_3_0558_5_1G
3,普通类本科批,0558,10558,中山大学,广东,公办,1H,100201,临床医学(广州),,4,04,物理,A,化学,五年,7660,(不招色盲色弱)(广州校区北校园),1_3_0558_5_1H
3,普通类本科批,0558,10558,中山大学,广东,公办,1J,100201,临床医学(深圳),,5,04,物理,A,化学,五年,7660,(不招色盲色弱)(深圳校区),1_3_0558_5_1J
3,普通类本科批,0558,10558,中山大学,广东,公办,1S,100301,口腔医学,,4,04,物理,A,化学,五年,7660,(不招色盲色弱)(广州校区北校园),1_3_0558_5_1S
3,普通类本科批,0558,10558,中山大学,广东,公办,2A,0701,数学类(珠海)(数学与应用数学、信息与计算科学),,5,04,物理,A,化学,四年,6850,(珠海校区),1_3_0558_5_2A
3,普通类本科批,0558,10558,中山大学,广东,公办,2L,081902,海洋工程与技术(民族班),(民族班),1,04,物理,A,化学,四年,6850,"(只招少数民族考生)[民族班学生的招收,从投档成绩不低于我校在该省(区、市)提档分数线以下40分内的少数民族考生中择优录取](珠海校区)",1_3_0558_5_2L
3,普通类本科批,0558,10558,中山大学,广东,公办,2S,080704,微电子科学与工程(珠海),,6,04,物理,A,化学,四年,6850,(珠海校区),1_3_0558_5_2S
3,普通类本科批,0558,10558,中山大学,广东,公办,2Y,082601,生物医学工程,,4,04,物理,A,化学,四年,6850,(不招色盲色弱)(深圳校区),1_3_0558_5_2Y
3,普通类本科批,0558,10558,中山大学,广东,公办,3E,080201,机械工程,,5,04,物理,A,化学,四年,6850,(深圳校区),1_3_0558_5_3E
3,普通类本科批,0558,10558,中山大学,广东,公办,3G,080911,网络空间安全,,4,04,物理,A,化学,四年,6850,(深圳校区),1_3_0558_5_3G
3,普通类本科批,0558,10558,中山大学,广东,公办,AB,0703,化学类(化学、高分子材料与工程、应用化学),(高校专项计划),1,04,物理,A,化学,四年,6850,"(不招色盲色弱)(特控线上录取)(教育部高校专项计划,只投档符合报考条件的考生)(广州校区东校园)",1_3_0558_5_AB
3,普通类本科批,0559,10559,暨南大学,广东,公办,24,082701,食品科学与工程,,2,04,物理,A,化学,四年,6850,(广州石牌校区),1_3_0559_5_24
3,普通类本科批,0559,10559,暨南大学,广东,公办,26,080102,工程力学(钱伟长创新班),,2,04,物理,A,化学,四年,6850,(广州石牌校区),1_3_0559_5_26
3,普通类本科批,0559,10559,暨南大学,广东,公办,2B,080902,软件工程,,4,04,物理,A,化学,四年,6850,(广州番禺校区),1_3_0559_5_2B
3,普通类本科批,0559,10559,暨南大学,广东,公办,2C,070102,信息与计算科学,,3,04,物理,A,化学,四年,6850,(广州番禺校区),1_3_0559_5_2C
3,普通类本科批,0559,10559,暨南大学,广东,公办,2F,080901,计算机科学与技术,,3,04,物理,A,化学,四年,6850,(广州番禺校区),1_3_0559_5_2F
3,普通类本科批,0559,10559,暨南大学,广东,公办,34,082601,生物医学工程,,2,04,物理,A,化学,四年,6850,(广州石牌校区),1_3_0559_5_34
3,普通类本科批,0559,10559,暨南大学,广东,公办,37,071001,生物科学,,3,04,物理,A,化学,四年,6850,(广州石牌校区),1_3_0559_5_37
3,普通类本科批,0559,10559,暨南大学,广东,公办,38,070302,应用化学,,2,04,物理,A,化学,四年,6850,(广州番禺校区),1_3_0559_5_38
3,普通类本科批,0559,10559,暨南大学,广东,公办,39,080401,材料科学与工程,,3,04,物理,A,化学,四年,6850,(广州番禺校区),1_3_0559_5_39
3,普通类本科批,0559,10559,暨南大学,广东,公办,41,100801,中药学,,2,04,物理,A,化学,四年,7660,(不招收色盲色弱考生)(广州番禺校区),1_3_0559_5_41
3,普通类本科批,0559,10559,暨南大学,广东,公办,43,020401,国际经济与贸易(全英语教学),,2,04,物理,K,无限制,四年,12000,(广州番禺校区),1_3_0559_5_43
3,普通类本科批,0559,10559,暨南大学,广东,公办,4A,100201,临床医学(全英语教学),,2,04,物理,A,化学,五年,16000,(不招收色盲色弱考生)(广州石牌校区),1_3_0559_5_4A
3,普通类本科批,0559,10559,暨南大学,广东,公办,5A,080601,电气工程及其自动化,,4,04,物理,A,化学,四年,6850,(珠海校区),1_3_0559_5_5A
3,普通类本科批,0559,10559,暨南大学,广东,公办,63,140003,低空技术与工程,,2,04,物理,A,化学,四年,6850,(珠海校区),1_3_0559_5_63
3,普通类本科批,0559,10559,暨南大学,广东,公办,6A,080705,光电信息科学与工程(创新班),,2,04,物理,A,化学,四年,6850,(广州番禺校区),1_3_0559_5_6A
3,普通类本科批,0559,10559,暨南大学,广东,公办,6B,070101H,数学与应用数学(中外合作办学),,2,04,物理,A,化学,四年,100000,(广州番禺校区),1_3_0559_5_6B
3,普通类本科批,0559,10559,暨南大学,广东,公办,6C,070102H,信息与计算科学(中外合作办学),,2,04,物理,A,化学,四年,100000,(广州番禺校区),1_3_0559_5_6C
3,普通类本科批,0559,10559,暨南大学,广东,公办,6D,020102H,经济统计学(中外合作办学),,2,04,物理,K,无限制,四年,100000,(广州番禺校区),1_3_0559_5_6D
3,普通类本科批,0559,10559,暨南大学,广东,公办,6E,020101H,经济学(中外合作办学),,2,04,物理,K,无限制,四年,100000,(广州番禺校区),1_3_0559_5_6E
3,普通类本科批,0559,10559,暨南大学,广东,公办,6F,020101,经济学(国际化创新班),,2,04,物理,K,无限制,四年,6060,(广州石牌校区),1_3_0559_5_6F
3,普通类本科批,0559,10559,暨南大学,广东,公办,75,100401,预防医学,,2,04,物理,A,化学,五年,7660,(不招收色盲色弱考生)(广州石牌校区),1_3_0559_5_75
3,普通类本科批,0559,10559,暨南大学,广东,公办,76,020302,金融工程,,3,04,物理,K,无限制,四年,6060,(珠海校区),1_3_0559_5_76
3,普通类本科批,0559,10559,暨南大学,广东,公办,84,070301,化学(生医工交叉双学士学位),,2,04,物理,A,化学,四年,6850,(广州番禺校区),1_3_0559_5_84
3,普通类本科批,0561,10561,华南理工大学,广东,公办,01,00600,工科试验班(骐骥班)(可在计算机科学与技术等普通类理工科专业任选),,1,04,物理,A,化学,四年,6850,,1_3_0561_5_01
3,普通类本科批,0561,10561,华南理工大学,广东,公办,02,00600,工科试验班(AI先进技术拔尖班)[计算机科学与技术(拔尖基地班)、信息工程(拔尖班)、自动化(拔尖班)],,2,04,物理,A,化学,四年,6850,,1_3_0561_5_02
3,普通类本科批,0561,10561,华南理工大学,广东,公办,03,00600,工科试验班(院士特色班)[机械类(院士特色班)、材料类(院士特色班)、建筑类(院士特色班)、智能建造(院士特色班)],,2,04,物理,A,化学,四年,6850,,1_3_0561_5_03
3,普通类本科批,0561,10561,华南理工大学,广东,公办,05,00600,工科试验班(卓越人才班)[电气工程及其自动化(卓越班)、能源与动力工程(低碳与智慧能源卓越班)、软件工程(卓越班)、软件工程(工软卓越班)、电子科学与技术(卓越班)、食品科学与工程(未来食品卓越班)],,2,04,物理,A,化学,四年,6850,"(软件工程专业第一、二学年6850元/年,第三、四学年16000元/年)",1_3_0561_5_05
3,普通类本科批,0561,10561,华南理工大学,广东,公办,06,00600,工科试验班(智能装备与先进制造)(机械工程、机械电子工程、智能车辆工程、工业设计),,5,04,物理,A,化学,四年,6850,,1_3_0561_5_06
3,普通类本科批,0561,10561,华南理工大学,广东,公办,09,00600,工科试验班(智能交通与数字建造)(智慧交通、智能建造、土木工程、水务工程、工程力学、船舶与海洋工程),,2,04,物理,A,化学,四年,6850,,1_3_0561_5_09
3,普通类本科批,0561,10561,华南理工大学,广东,公办,10,080601,电气工程及其自动化,,3,04,物理,A,化学,四年,6850,(不招单色识别不全者),1_3_0561_5_10
3,普通类本科批,0561,10561,华南理工大学,广东,公办,12,080706,信息工程,,2,04,物理,A,化学,四年,6850,,1_3_0561_5_12
3,普通类本科批,0561,10561,华南理工大学,广东,公办,13,080702,电子科学与技术,,2,04,物理,A,化学,四年,6850,,1_3_0561_5_13
3,普通类本科批,0561,10561,华南理工大学,广东,公办,14,00600,工科试验班(AI与低空技术)(智能科学与技术、低空技术与工程),,2,04,物理,A,化学,四年,6850,,1_3_0561_5_14
3,普通类本科批,0561,10561,华南理工大学,广东,公办,15,080801,自动化,,2,04,物理,A,化学,四年,6850,,1_3_0561_5_15
3,普通类本科批,0561,10561,华南理工大学,广东,公办,17,00600,工科试验班(先进材料)(高分子材料与工程、材料科学与工程、功能材料、生物材料),,5,04,物理,A,化学,四年,6850,(不招色盲考生),1_3_0561_5_17
3,普通类本科批,0561,10561,华南理工大学,广东,公办,18,00600,工科试验班(智慧化工与低碳工程)(应用化学、化学工程与工艺、能源化学工程、制药工程、轻化工程、环境工程),,3,04,物理,A,化学,四年,6850,(不招色盲考生),1_3_0561_5_18
3,普通类本科批,0561,10561,华南理工大学,广东,公办,26,082701,食品科学与工程(双学士学位项目),,2,04,物理,A,化学,四年,6850,(“食品科学与工程+大数据管理与应用”双学士学位),1_3_0561_5_26
3,普通类本科批,0561,10561,华南理工大学,广东,公办,29,0701,数学类(数学与应用数学、信息与计算科学、统计学),,2,04,物理,A,化学,四年,6850,,1_3_0561_5_29
3,普通类本科批,0561,10561,华南理工大学,广东,公办,31,0702,物理学类(应用物理学、光电信息科学与工程),,2,04,物理,A,化学,四年,6850,,1_3_0561_5_31
3,普通类本科批,0561,10561,华南理工大学,广东,公办,39,0809,计算机类(计算机科学与技术、信息安全),,2,04,物理,A,化学,四年,6850,,1_3_0561_5_39
3,普通类本科批,0561,10561,华南理工大学,广东,公办,40,080902,软件工程,,3,04,物理,A,化学,四年,6850,"(第一、二学年6850元/年,第三、四学年16000元/年)",1_3_0561_5_40
3,普通类本科批,0561,10561,华南理工大学,广东,公办,42,080205H,工业设计(中外合作办学),,3,04,物理,A,化学,四年,68000,"(“4+0”培养模式,与日本千叶大学中外合作办学项目,具体培养模式和学习费用请查看学校网站。非英语、日语语种考生谨慎报考。入学后不可转专业)",1_3_0561_5_42
3,普通类本科批,0561,10561,华南理工大学,广东,公办,47,020310,金融科技,,2,04,物理,A,化学,四年,6060,,1_3_0561_5_47
3,普通类本科批,0561,10561,华南理工大学,广东,公办,48,120108,大数据管理与应用,,4,04,物理,K,无限制,四年,6060,,1_3_0561_5_48
3,普通类本科批,0561,10561,华南理工大学,广东,公办,AB,00600,工科试验班(智慧化工与低碳工程)(应用化学、化学工程与工艺、能源化学工程、制药工程、轻化工程、环境工程),(高校专项计划),1,04,物理,A,化学,四年,6850,"(不招色盲考生)(特控线上录取)(教育部高校专项计划,只投档符合报考条件的考生)",1_3_0561_5_AB
3,普通类本科批,0574,10574,华南师范大学,广东,公办,0Z,070101,数学与应用数学(师范),(师范类),3,04,物理,A,化学,四年,6850,"(大一学年在南海校园就读,之后回到石牌校园培养)",1_3_0574_5_0Z
3,普通类本科批,0574,10574,华南师范大学,广东,公办,18,071002,生物技术,,3,04,物理,A,化学,四年,6850,(不招色盲色弱且不招单色识别不全者),1_3_0574_5_18
3,普通类本科批,0574,10574,华南师范大学,广东,公办,1C,080903,网络工程,,3,04,物理,A,化学,四年,6850,"(大一学年在南海校园就读,之后回到石牌校园培养)",1_3_0574_5_1C
3,普通类本科批,0574,10574,华南师范大学,广东,公办,28,080403,材料化学,,4,04,物理,A,化学,四年,6850,(不招色盲色弱且不招单色识别不全者),1_3_0574_5_28
3,普通类本科批,0574,10574,华南师范大学,广东,公办,4V,040117,人工智能教育(师范),(师范类),4,04,物理,K,无限制,四年,6060,"(大一学年在南海校园就读,之后回到石牌校园培养)",1_3_0574_5_4V
3,普通类本科批,0574,10574,华南师范大学,广东,公办,51,083003,合成生物学,,3,04,物理,A,化学,四年,6850,(不招色盲色弱且不招单色识别不全者),1_3_0574_5_51
3,普通类本科批,0589,10589,海南大学,海南,公办,09,030108,纪检监察,,2,04,物理,K,无限制,四年,4600,,1_3_0589_5_09
3,普通类本科批,0589,10589,海南大学,海南,公办,0P,070101,数学与应用数学,,2,04,物理,A,化学,四年,4600,,1_3_0589_5_0P
3,普通类本科批,0589,10589,海南大学,海南,公办,0R,070301,化学,,2,04,物理,A,化学,四年,4600,,1_3_0589_5_0R
3,普通类本科批,0589,10589,海南大学,海南,公办,0Z,080801,自动化,,2,04,物理,A,化学,四年,4600,,1_3_0589_5_0Z
3,普通类本科批,0589,10589,海南大学,海南,公办,10,080401,材料科学与工程,,3,04,物理,A,化学,四年,4600,,1_3_0589_5_10
3,普通类本科批,0589,10589,海南大学,海南,公办,11,080407,高分子材料与工程,,2,04,物理,A,化学,四年,4600,,1_3_0589_5_11
3,普通类本科批,0589,10589,海南大学,海南,公办,12,080702,电子科学与技术,,2,04,物理,A,化学,四年,4600,,1_3_0589_5_12
3,普通类本科批,0589,10589,海南大学,海南,公办,13,080701,电子信息工程,,2,04,物理,A,化学,四年,4600,,1_3_0589_5_13
3,普通类本科批,0589,10589,海南大学,海南,公办,14,080703,通信工程,,2,04,物理,A,化学,四年,4600,,1_3_0589_5_14
3,普通类本科批,0589,10589,海南大学,海南,公办,16,080901,计算机科学与技术,,2,04,物理,A,化学,四年,4600,,1_3_0589_5_16
3,普通类本科批,0589,10589,海南大学,海南,公办,17,080902,软件工程(NIIT),,4,04,物理,A,化学,四年,13600,"(部分课程采用英文教材和英语授课,非英语语种考生慎报)",1_3_0589_5_17
3,普通类本科批,0589,10589,海南大学,海南,公办,19,080904,信息安全,,2,04,物理,A,化学,四年,4600,,1_3_0589_5_19
3,普通类本科批,0589,10589,海南大学,海南,公办,1B,080918,密码科学与技术,,2,04,物理,A,化学,四年,4600,,1_3_0589_5_1B
3,普通类本科批,0589,10589,海南大学,海南,公办,1E,081902,海洋工程与技术,,2,04,物理,A,化学,四年,4600,"(一、二年级在海甸校区,三、四年级在三亚崖州校区)",1_3_0589_5_1E
3,普通类本科批,0589,10589,海南大学,海南,公办,1G,082601,生物医学工程,,2,04,物理,A,化学,四年,4600,"(一、二年级在海甸校区,三、四年级在三亚崖州校区)",1_3_0589_5_1G
3,普通类本科批,0589,10589,海南大学,海南,公办,1J,082701,食品科学与工程,,2,04,物理,A,化学,四年,4600,"(一、二年级在海甸校区,三、四年级在观澜湖校区城西教学点)",1_3_0589_5_1J
3,普通类本科批,0589,10589,海南大学,海南,公办,1K,082702,食品质量与安全,,2,04,物理,A,化学,四年,4600,"(一、二年级在海甸校区,三、四年级在观澜湖校区城西教学点)",1_3_0589_5_1K
3,普通类本科批,0589,10589,海南大学,海南,公办,1P,090116,生物育种科学,,2,04,物理,A,化学,四年,4600,"(一年级在儋州校区,二、三、四年级在崖州校区)",1_3_0589_5_1P
3,普通类本科批,0589,10589,海南大学,海南,公办,1W,090103,植物保护,,2,04,物理,A,化学,四年,4100,(儋州校区),1_3_0589_5_1W
3,普通类本科批,0589,10589,海南大学,海南,公办,20,120301,农林经济管理,,2,04,物理,K,无限制,四年,4600,(儋州校区),1_3_0589_5_20
3,普通类本科批,0589,10589,海南大学,海南,公办,21,120303,乡村治理,,2,04,物理,K,无限制,四年,4600,(儋州校区),1_3_0589_5_21
3,普通类本科批,0589,10589,海南大学,海南,公办,2N,120801H,电子商务(中外合作办学),,2,04,物理,K,无限制,四年,80000,"(大部分课程采用英文教材和英语授课,非英语语种考生慎报。观澜湖校区)",1_3_0589_5_2N
3,普通类本科批,0589,10589,海南大学,海南,公办,2P,080907H,智能科学与技术(中外合作办学),,2,04,物理,A,化学,四年,85000,"(大部分课程采用英文教材和英语授课,非英语语种考生慎报)",1_3_0589_5_2P
3,普通类本科批,0590,10590,深圳大学,广东,公办,14,080703,通信工程,,4,04,物理,A,化学,四年,6853,,1_3_0590_5_14
3,普通类本科批,0590,10590,深圳大学,广东,公办,22,120102,信息管理与信息系统(创新班),,1,04,物理,K,无限制,四年,6061,,1_3_0590_5_22
3,普通类本科批,0590,10590,深圳大学,广东,公办,34,080503,新能源科学与工程,,1,04,物理,A,化学,四年,待定,"(不招色盲、色弱。学费约6230-6853元/学年,以广东省物价部门最新批准数为准)",1_3_0590_5_34
3,普通类本科批,0590,10590,深圳大学,广东,公办,38,080710,集成电路设计与集成系统(IEEE荣誉班),,1,04,物理,A,化学,四年,6853,,1_3_0590_5_38
3,普通类本科批,0590,10590,深圳大学,广东,公办,42,080202,机械设计制造及其自动化,,3,04,物理,A,化学,四年,待定,"(学费约6230-6853元/学年,以广东省物价部门最新批准数为准)",1_3_0590_5_42
3,普通类本科批,0590,10590,深圳大学,广东,公办,50,080901,计算机科学与技术,,4,04,物理,A,化学,四年,6853,,1_3_0590_5_50
3,普通类本科批,0590,10590,深圳大学,广东,公办,68,080717,人工智能(IEEE荣誉班),,2,04,物理,A,化学,四年,6853,,1_3_0590_5_68
3,普通类本科批,0590,10590,深圳大学,广东,公办,79,020310H,金融科技(中外合作办学),,2,04,物理,K,无限制,四年,81500,"(与法国南特高等商学院金融科技专业4+0联合培养,培养模式详见学校网站,不得转入其他非中外合作办学专业)",1_3_0590_5_79
3,普通类本科批,0590,10590,深圳大学,广东,公办,81,120801H,电子商务(中外合作办学),,1,04,物理,K,无限制,四年,81500,"(与法国南特高等商学院大数据管理与应用专业4+0联合培养,培养模式详见学校网站,不得转入其他非中外合作办学专业)",1_3_0590_5_81
3,普通类本科批,0590,10590,深圳大学,广东,公办,93,070102,信息与计算科学,,2,04,物理,A,化学,四年,6853,,1_3_0590_5_93
3,普通类本科批,0590,10590,深圳大学,广东,公办,B2,020310,金融科技,,1,04,物理,K,无限制,四年,待定,"(学费约5510-6061元/学年,以广东省物价部门最新批准数为准)",1_3_0590_5_B2
3,普通类本科批,0590,10590,深圳大学,广东,公办,B6,070201,物理学,,1,04,物理,A,化学,四年,6853,,1_3_0590_5_B6
3,普通类本科批,0590,10590,深圳大学,广东,公办,B8,080705,光电信息科学与工程,,2,04,物理,A,化学,四年,6853,,1_3_0590_5_B8
3,普通类本科批,0590,10590,深圳大学,广东,公办,B9,080303,智能感知工程,,1,04,物理,A,化学,四年,6853,,1_3_0590_5_B9
3,普通类本科批,0590,10590,深圳大学,广东,公办,C5,082601,生物医学工程(卓越班),,1,04,物理,A,化学,四年,待定,"(学费约6230-6853元/学年,以广东省物价部门最新批准数为准)",1_3_0590_5_C5
3,普通类本科批,0590,10590,深圳大学,广东,公办,C9,100201,临床医学,,2,04,物理,A,化学,五年,待定,"(不招色盲、色弱。学费约6960-7656元/学年,以广东省物价部门最新批准数为准)",1_3_0590_5_C9
3,普通类本科批,0590,10590,深圳大学,广东,公办,D0,100301,口腔医学,,2,04,物理,A,化学,五年,待定,"(不招色盲、色弱。左手惯用者请慎重报考。学费约6960-7656元/学年,以广东省物价部门最新批准数为准)",1_3_0590_5_D0
3,普通类本科批,0593,10593,广西大学,广西,公办,02,080901,计算机科学与技术,,5,04,物理,A,化学,四年,5970,,1_3_0593_5_02
3,普通类本科批,0593,10593,广西大学,广西,公办,06,070101,数学与应用数学,,5,04,物理,A,化学,四年,5975,,1_3_0593_5_06
3,普通类本科批,0593,10593,广西大学,广西,公办,10,080710,集成电路设计与集成系统,,5,04,物理,A,化学,四年,5977,,1_3_0593_5_10
3,普通类本科批,0593,10593,广西大学,广西,公办,12,080204,机械电子工程,,5,04,物理,A,化学,四年,5977,,1_3_0593_5_12
3,普通类本科批,0593,10593,广西大学,广西,公办,15,080601,电气工程及其自动化,,5,04,物理,A,化学,四年,5974,,1_3_0593_5_15
3,普通类本科批,0593,10593,广西大学,广西,公办,19,081101,水利水电工程,,5,04,物理,A,化学,四年,5977,,1_3_0593_5_19
3,普通类本科批,0593,10593,广西大学,广西,公办,25,080401,材料科学与工程,,5,04,物理,A,化学,四年,5977,,1_3_0593_5_25
3,普通类本科批,0593,10593,广西大学,广西,公办,30,0817,轻工类(轻化工程、包装工程),,5,04,物理,A,化学,四年,5977,,1_3_0593_5_30
3,普通类本科批,0593,10593,广西大学,广西,公办,52,020101,经济学,,5,04,物理,K,无限制,四年,5975,,1_3_0593_5_52
3,普通类本科批,0593,10593,广西大学,广西,公办,56,120203,会计学,,5,04,物理,K,无限制,四年,5975,,1_3_0593_5_56
3,普通类本科批,0593,10593,广西大学,广西,公办,AB,080901,计算机科学与技术,(高校专项计划),1,04,物理,A,化学,四年,5970,"(特控线上录取)(教育部高校专项计划,只投档符合报考条件的考生)",1_3_0593_5_AB
3,普通类本科批,0610,10610,四川大学,四川,公办,01,0701,数学类(含双学士学位)[数学与应用数学、信息与计算科学、统计学、数学与应用数学(数学经济学双学士学位)、数学与应用数学(数学与智能科技双学士学位)],,4,04,物理,A,化学,四年,6500,,1_3_0610_5_01
3,普通类本科批,0610,10610,四川大学,四川,公办,02,0702,物理学类(物理学、微电子科学与工程、核工程与核技术、量子信息科学),,6,04,物理,A,化学,四年,6500,,1_3_0610_5_02
3,普通类本科批,0610,10610,四川大学,四川,公办,03,0703,化学类(化学、应用化学),,7,04,物理,A,化学,四年,6500,,1_3_0610_5_03
3,普通类本科批,0610,10610,四川大学,四川,公办,04,0710,生物科学类(含双学士学位)[生物科学、生态学、生物科学(计算生物学双学士学位)],,8,04,物理,A,化学,四年,6500,,1_3_0610_5_04
3,普通类本科批,0610,10610,四川大学,四川,公办,05,0807,电子信息类(电子信息工程、光电信息科学与工程、通信工程、集成电路设计与集成系统、半导体工艺与装备),,9,04,物理,A,化学,四年,6500,,1_3_0610_5_05
3,普通类本科批,0610,10610,四川大学,四川,公办,06,080407,高分子材料与工程,,6,04,物理,A,化学,四年,6500,,1_3_0610_5_06
3,普通类本科批,0610,10610,四川大学,四川,公办,09,0806,电气类(电气工程及其自动化、自动化),,6,04,物理,A,化学,四年,6500,,1_3_0610_5_09
3,普通类本科批,0610,10610,四川大学,四川,公办,10,0809,计算机类(含双学士学位)[计算机科学与技术、计算机科学与技术(计算与金融双学士学位)、软件工程],,6,04,物理,A,化学,四年,6500,,1_3_0610_5_10
3,普通类本科批,0610,10610,四川大学,四川,公办,12,00600,工科试验班(绿色城市与智慧建造)(环境工程、土木工程、工程力学),,5,04,物理,A,化学,四年,6500,,1_3_0610_5_12
3,普通类本科批,0610,10610,四川大学,四川,公办,15,0826,生物医学工程类(生物医学工程、医学信息工程),,5,04,物理,A,化学,四年,6500,,1_3_0610_5_15
3,普通类本科批,0610,10610,四川大学,四川,公办,16,0820,航空航天类(航空航天工程、飞行器控制与信息工程),,4,04,物理,A,化学,四年,6500,,1_3_0610_5_16
3,普通类本科批,0610,10610,四川大学,四川,公办,17,080911,网络空间安全(含双学士学位),,4,04,物理,A,化学,四年,6500,,1_3_0610_5_17
3,普通类本科批,0610,10610,四川大学,四川,公办,20,100201,临床医学(五年制),,4,04,物理,A,化学,五年,7250,,1_3_0610_5_20
3,普通类本科批,0610,10610,四川大学,四川,公办,21,100201,临床医学(八年制),,3,04,物理,A,化学,八年医,7250,,1_3_0610_5_21
3,普通类本科批,0610,10610,四川大学,四川,公办,22,100301,口腔医学(五年制),,3,04,物理,A,化学,五年,7250,,1_3_0610_5_22
3,普通类本科批,0610,10610,四川大学,四川,公办,24,100301,口腔医学(八年制),,2,04,物理,A,化学,八年医,7250,,1_3_0610_5_24
3,普通类本科批,0610,10610,四川大学,四川,公办,25,1010,医学技术类(含双学士学位)[医学检验技术(含双学士学位)、康复治疗学(含双学士学位)、医学影像技术(含双学士学位)、眼视光学(含双学士学位)、口腔医学技术(含双学士学位)],,4,04,物理,A,化学,四年,7250,,1_3_0610_5_25
3,普通类本科批,0610,10610,四川大学,四川,公办,28,1007,药学类(药学、临床药学),,6,04,物理,A,化学,四年,7250,,1_3_0610_5_28
3,普通类本科批,0610,10610,四川大学,四川,公办,C4,00600,工科试验班(深地科学与江河治理创新班)[水利科学与工程(深地科学与江河治理创新班)、智能建造(深地科学与江河治理创新班)、能源与动力工程(深地科学与江河治理创新班)],,4,04,物理,A,化学,四年,6500,,1_3_0610_5_C4
3,普通类本科批,0610,10610,四川大学,四川,公办,C5,00600,工科试验班(互联化工交叉创新班)[化学工程与工艺(互联化工交叉创新班)],,4,04,物理,A,化学,四年,6500,,1_3_0610_5_C5
3,普通类本科批,0610,10610,四川大学,四川,公办,J6,080102,工程力学(拔尖计划),,4,04,物理,A,化学,四年,6500,,1_3_0610_5_J6
3,普通类本科批,0610,10610,四川大学,四川,公办,T6,1201,管理科学与工程类(管理科学、工业工程),(高校专项计划),2,04,物理,K,无限制,四年,6000,"(特控线上录取)(教育部高校专项计划,只投档符合报考条件的考生)",1_3_0610_5_T6
3,普通类本科批,0610,10610,四川大学,四川,公办,Z2,080901H,计算机科学与技术(中外合作办学),,2,04,物理,A,化学,四年,95000,(入校后只能奥克兰学院内转专业),1_3_0610_5_Z2
3,普通类本科批,0610,10610,四川大学,四川,公办,Z3,080701H,电子信息工程(中外合作办学),,3,04,物理,A,化学,四年,95000,(入校后只能奥克兰学院内转专业),1_3_0610_5_Z3
3,普通类本科批,0610,10610,四川大学,四川,公办,Z4,080717H,人工智能(中外合作办学),,2,04,物理,A,化学,四年,95000,(入校后只能奥克兰学院内转专业),1_3_0610_5_Z4
3,普通类本科批,0610,10610,四川大学,四川,公办,Z5,080202H,机械设计制造及其自动化(中外合作办学),,3,04,物理,A,化学,四年,95000,(入校后只能奥克兰学院内转专业),1_3_0610_5_Z5
3,普通类本科批,0611,10611,重庆大学,重庆,公办,22,080601H,电气工程及其自动化(中外合作办学)(与美国辛辛那提大学合作办学),,2,04,物理,A,化学,五年,75000,"[“4+1”培养模式(即国内4年+国外1年),国内学习阶段学费标准为75000元/年,国外学习阶段按美国辛辛那提大学标准缴纳学费]",1_3_0611_5_22
3,普通类本科批,0611,10611,重庆大学,重庆,公办,23,080202H,机械设计制造及其自动化(中外合作办学)(与美国辛辛那提大学合作办学),,2,04,物理,A,化学,五年,75000,"[“4+1”培养模式(即国内4年+国外1年),国内学习阶段学费标准为75000元/年,国外学习阶段按美国辛辛那提大学标准缴纳学费]",1_3_0611_5_23
3,普通类本科批,0611,10611,重庆大学,重庆,公办,24,080601,电气工程及其自动化,,8,04,物理,A,化学,四年,6440,,1_3_0611_5_24
3,普通类本科批,0611,10611,重庆大学,重庆,公办,53,081001H,土木工程(中外合作办学),,2,04,物理,A,化学,四年,待定,"[“2.5+1.5”培养模式(即国内2.5年+国外1.5年),国内学习阶段学费标准约为100000元/年,国外学习阶段按新加坡理工大学标准缴纳学费]",1_3_0611_5_53
3,普通类本科批,0611,10611,重庆大学,重庆,公办,66,080901,计算机科学与技术(拔尖计划),,2,04,物理,A,化学,四年,6440,,1_3_0611_5_66
3,普通类本科批,0611,10611,重庆大学,重庆,公办,76,070201H,物理学(中外合作办学)(与俄罗斯新西伯利亚国立大学合作办学),,2,04,物理,A,化学,四年,53000,"[“3+1”培养模式(即国内3年+国外1年),国内学习阶段学费标准约为53000元/年,国外学习阶段按俄罗斯新西伯利亚国立大学标准缴纳学费]",1_3_0611_5_76
3,普通类本科批,0611,10611,重庆大学,重庆,公办,BF,90AA,边防军人子女预科班,,1,04,物理,A,化学,一年,3700,"(特控线上招生)(具有边防军人子女预科班报考资格)[预科培养合格后,依据考生学业成绩及升本专业志愿,升入电气工程及其自动化、工科试验班(计算机与智能软件)、工科试验班(未来信息)、工科试验班(高端装备与智能制造)、工科试验班(智慧能源与先进材料)内的相关专业进行培养]",1_3_0611_5_BF
3,普通类本科批,0611,10611,重庆大学,重庆,公办,D0,00600,工科试验班(卓越计划)[电气工程及其自动化、计算机科学与技术、电子信息工程、软件工程、自动化、机械设计制造及其自动化、能源与动力工程(等普通类四年制理工类专业)],,6,04,物理,A,化学,四年,6440,"[录取学生自动获得卓越班选拔资格。放弃卓越班选拔及未被卓越班录取者,可任选全校四年制普通类理工科专业(不含特色班型)]",1_3_0611_5_D0
3,普通类本科批,0611,10611,重庆大学,重庆,公办,D4,00600,工科试验班(高端装备与智能制造)(机械设计制造及其自动化、车辆工程、航空航天工程、机械电子工程、工程力学、工业工程),,10,04,物理,A,化学,四年,6440,"(第二学期末分流,按照绩点结合学生意愿在试验班内确定专业)",1_3_0611_5_D4
3,普通类本科批,0611,10611,重庆大学,重庆,公办,D5,00600,工科试验班(未来信息)[通信工程、测控技术与仪器、自动化、电子信息工程、机器人工程、集成电路设计与集成系统、智能感知工程(分流时可在大类内任选专业)],,15,04,物理,A,化学,四年,6440,"(第二学期分流,按照学生意愿在试验班内任选专业)",1_3_0611_5_D5
3,普通类本科批,0611,10611,重庆大学,重庆,公办,D6,00600,工科试验班(计算机与智能软件)[计算机科学与技术、软件工程、人工智能、数据科学与大数据技术、信息安全(分流时可在大类内任选专业)],,12,04,物理,A,化学,四年,6440,"(第二学期分流,按照学生意愿在试验班内任选专业；其中软件工程、人工智能、数据科学与大数据技术专业第二、三、四学年每年学费为1.2万元)",1_3_0611_5_D6
3,普通类本科批,0611,10611,重庆大学,重庆,公办,D9,00600,工科试验班(智能汽车领航班)[车辆工程、人工智能、数据科学与大数据技术、智能感知工程、通信工程、自动化(等智能汽车领域相关专业)],,2,04,物理,A,化学,四年,6440,"(2+1+1交叉培养；第三学年分流,结合领航班培养方案及学生意愿确定智能汽车领域相关专业)",1_3_0611_5_D9
3,普通类本科批,0613,10613,西南交通大学,四川,公办,01,080601,电气工程及其自动化,,4,04,物理,A,化学,四年,6240,,1_3_0613_5_01
3,普通类本科批,0613,10613,西南交通大学,四川,公办,02,080610,大功率半导体科学与工程,,2,04,物理,A,化学,四年,6240,,1_3_0613_5_02
3,普通类本科批,0613,10613,西南交通大学,四川,公办,03,0807,电子信息类(微电子科学与工程、电子科学与技术),,3,04,物理,A,化学,四年,6240,,1_3_0613_5_03
3,普通类本科批,0613,10613,西南交通大学,四川,公办,04,080701,电子信息工程,,3,04,物理,A,化学,四年,6240,,1_3_0613_5_04
3,普通类本科批,0613,10613,西南交通大学,四川,公办,05,080703,通信工程,,4,04,物理,A,化学,四年,6240,,1_3_0613_5_05
3,普通类本科批,0613,10613,西南交通大学,四川,公办,06,080714,电子信息科学与技术,,2,04,物理,A,化学,四年,6240,,1_3_0613_5_06
3,普通类本科批,0613,10613,西南交通大学,四川,公办,08,080802,轨道交通信号与控制,,2,04,物理,A,化学,四年,6240,,1_3_0613_5_08
3,普通类本科批,0613,10613,西南交通大学,四川,公办,09,080717,人工智能,,3,04,物理,A,化学,四年,6240,,1_3_0613_5_09
3,普通类本科批,0613,10613,西南交通大学,四川,公办,10,0809,计算机类(计算机科学与技术、软件工程),,4,04,物理,A,化学,四年,6240,,1_3_0613_5_10
3,普通类本科批,0613,10613,西南交通大学,四川,公办,11,080910,数据科学与大数据技术,,2,04,物理,A,化学,四年,6240,,1_3_0613_5_11
3,普通类本科批,0613,10613,西南交通大学,四川,公办,12,0818,交通运输类(交通运输、交通工程),,3,04,物理,A,化学,四年,6240,,1_3_0613_5_12
3,普通类本科批,0613,10613,西南交通大学,四川,公办,14,120602,物流工程,,2,04,物理,A,化学,四年,5760,,1_3_0613_5_14
3,普通类本科批,0613,10613,西南交通大学,四川,公办,15,0802,机械类(机械设计制造及其自动化、测控技术与仪器、工业工程),,5,04,物理,A,化学,四年,6240,,1_3_0613_5_15
3,普通类本科批,0613,10613,西南交通大学,四川,公办,16,080205,工业设计,,2,04,物理,A,化学,四年,6240,,1_3_0613_5_16
3,普通类本科批,0613,10613,西南交通大学,四川,公办,17,080207,车辆工程,,3,04,物理,A,化学,四年,6240,,1_3_0613_5_17
3,普通类本科批,0613,10613,西南交通大学,四川,公办,18,0805,能源动力类(建筑环境与能源应用工程、能源与动力工程),,2,04,物理,A,化学,四年,6240,,1_3_0613_5_18
3,普通类本科批,0613,10613,西南交通大学,四川,公办,19,080808,智能工程与创意设计,,2,04,物理,A,化学,四年,6240,,1_3_0613_5_19
3,普通类本科批,0613,10613,西南交通大学,四川,公办,21,080803,机器人工程,,2,04,物理,A,化学,四年,6240,,1_3_0613_5_21
3,普通类本科批,0613,10613,西南交通大学,四川,公办,22,080904,信息安全,,2,04,物理,A,化学,四年,6240,,1_3_0613_5_22
3,普通类本科批,0613,10613,西南交通大学,四川,公办,23,081001,土木工程(土木与大数据双学位),,3,04,物理,A,化学,四年,6240,(土木工程+数据科学与大数据技术双学士学位),1_3_0613_5_23
3,普通类本科批,0613,10613,西南交通大学,四川,公办,24,082801,建筑学(建筑学与大数据双学位),,3,04,物理,A,化学,五年,6240,(建筑学+数据科学与大数据技术双学士学位),1_3_0613_5_24
3,普通类本科批,0613,10613,西南交通大学,四川,公办,25,140003,低空技术与工程,,1,04,物理,A,化学,四年,6240,,1_3_0613_5_25
3,普通类本科批,0613,10613,西南交通大学,四川,公办,26,140004,集成电路科学与工程,,2,04,物理,A,化学,四年,6240,,1_3_0613_5_26
3,普通类本科批,0613,10613,西南交通大学,四川,公办,27,070101,数学与应用数学,,1,04,物理,A,化学,四年,6240,,1_3_0613_5_27
3,普通类本科批,0613,10613,西南交通大学,四川,公办,28,070202,应用物理学,,3,04,物理,A,化学,四年,6240,(不招色盲、单色识别不全),1_3_0613_5_28
3,普通类本科批,0613,10613,西南交通大学,四川,公办,29,070301,化学,,2,04,物理,A,化学,四年,6240,(不招色弱、色盲、单色识别不全),1_3_0613_5_29
3,普通类本科批,0613,10613,西南交通大学,四川,公办,31,071201,统计学,,2,04,物理,A,化学,四年,6240,,1_3_0613_5_31
3,普通类本科批,0613,10613,西南交通大学,四川,公办,32,080102,工程力学,,2,04,物理,A,化学,四年,6240,,1_3_0613_5_32
3,普通类本科批,0613,10613,西南交通大学,四川,公办,33,080213,智能制造工程,,3,04,物理,A,化学,四年,6240,成都东部国际校区,1_3_0613_5_33
3,普通类本科批,0613,10613,西南交通大学,四川,公办,34,080503,新能源科学与工程,,3,04,物理,A,化学,四年,6240,成都东部国际校区,1_3_0613_5_34
3,普通类本科批,0613,10613,西南交通大学,四川,公办,35,081008,智能建造,,3,04,物理,A,化学,四年,6240,成都东部国际校区,1_3_0613_5_35
3,普通类本科批,0613,10613,西南交通大学,四川,公办,36,081811,智慧交通,,1,04,物理,A,化学,四年,6240,成都东部国际校区,1_3_0613_5_36
3,普通类本科批,0613,10613,西南交通大学,四川,公办,38,081001,土木工程,(高校专项计划),1,04,物理,A,化学,四年,6240,"(特控线上录取)(教育部高校专项计划,只投档符合报考条件的考生)",1_3_0613_5_38
3,普通类本科批,0613,10613,西南交通大学,四川,公办,40,081006,道路桥梁与渡河工程,,3,04,物理,A,化学,四年,6240,,1_3_0613_5_40
3,普通类本科批,0613,10613,西南交通大学,四川,公办,41,081007,铁道工程,,3,04,物理,A,化学,四年,6240,,1_3_0613_5_41
3,普通类本科批,0613,10613,西南交通大学,四川,公办,42,0812,测绘类(测绘工程、遥感科学与技术、地理信息科学),,2,04,物理,A,化学,四年,6240,,1_3_0613_5_42
3,普通类本科批,0613,10613,西南交通大学,四川,公办,46,082505,环保设备工程,,2,04,物理,A,化学,四年,6240,,1_3_0613_5_46
3,普通类本科批,0613,10613,西南交通大学,四川,公办,50,0804,材料类(材料科学与工程、材料成型及控制工程),,5,04,物理,A,化学,四年,6240,,1_3_0613_5_50
3,普通类本科批,0613,10613,西南交通大学,四川,公办,51,080407,高分子材料与工程,,1,04,物理,A,化学,四年,6240,(不招色弱、色盲、单色识别不全),1_3_0613_5_51
3,普通类本科批,0613,10613,西南交通大学,四川,公办,52,081302,制药工程,,2,04,物理,A,化学,四年,6240,(不招色弱、色盲、单色识别不全),1_3_0613_5_52
3,普通类本科批,0613,10613,西南交通大学,四川,公办,53,082601,生物医学工程,,4,04,物理,A,化学,四年,6240,(不招色弱、色盲、单色识别不全),1_3_0613_5_53
3,普通类本科批,0613,10613,西南交通大学,四川,公办,56,020301,金融学,,1,04,物理,A,化学,四年,5760,,1_3_0613_5_56
3,普通类本科批,0613,10613,西南交通大学,四川,公办,57,120102,信息管理与信息系统,,2,04,物理,A,化学,四年,5760,,1_3_0613_5_57
3,普通类本科批,0613,10613,西南交通大学,四川,公办,61,120203,会计学,,3,04,物理,A,化学,四年,5760,,1_3_0613_5_61
3,普通类本科批,0613,10613,西南交通大学,四川,公办,62,071102,应用心理学,,1,04,物理,A,化学,四年,6240,(不招色弱、色盲、单色识别不全),1_3_0613_5_62
3,普通类本科批,0613,10613,西南交通大学,四川,公办,63,080202H,机械设计制造及其自动化(中外合作办学),,1,04,物理,A,化学,四年,100000,"(西南交通大学与英国利兹大学合作办学,建议小语种考生慎重报考。成都东部国际校区)",1_3_0613_5_63
3,普通类本科批,0613,10613,西南交通大学,四川,公办,64,080205H,工业设计(中外合作办学),,1,04,物理,A,化学,四年,100000,"(西南交通大学与英国利兹大学合作办学,建议小语种考生慎重报考。成都东部国际校区)",1_3_0613_5_64
3,普通类本科批,0613,10613,西南交通大学,四川,公办,65,080401H,材料科学与工程(中外合作办学),,2,04,物理,A,化学,四年,100000,"(西南交通大学与英国利兹大学合作办学,建议小语种考生慎重报考。成都东部国际校区)",1_3_0613_5_65
3,普通类本科批,0613,10613,西南交通大学,四川,公办,66,080407H,高分子材料与工程(中外合作办学),,1,04,物理,A,化学,四年,100000,"(西南交通大学与英国利兹大学合作办学,建议小语种考生慎重报考,不招色弱、色盲、单色识别不全。成都东部国际校区)",1_3_0613_5_66
3,普通类本科批,0613,10613,西南交通大学,四川,公办,67,080701H,电子信息工程(中外合作办学),,2,04,物理,A,化学,四年,100000,"(西南交通大学与英国利兹大学合作办学,建议小语种考生慎重报考。成都东部国际校区)",1_3_0613_5_67
3,普通类本科批,0613,10613,西南交通大学,四川,公办,68,080703H,通信工程(中外合作办学),,1,04,物理,A,化学,四年,100000,"(西南交通大学与英国利兹大学合作办学,建议小语种考生慎重报考。成都东部国际校区)",1_3_0613_5_68
3,普通类本科批,0613,10613,西南交通大学,四川,公办,69,080901H,计算机科学与技术(中外合作办学),,2,04,物理,A,化学,四年,100000,"(西南交通大学与英国利兹大学合作办学,建议小语种考生慎重报考。成都东部国际校区)",1_3_0613_5_69
3,普通类本科批,0613,10613,西南交通大学,四川,公办,70,081001H,土木工程(中外合作办学),,1,04,物理,A,化学,四年,100000,"(西南交通大学与英国利兹大学合作办学,建议小语种考生慎重报考。成都东部国际校区)",1_3_0613_5_70
3,普通类本科批,0613,10613,西南交通大学,四川,公办,71,082502H,环境工程(中外合作办学),,2,04,物理,A,化学,四年,78000,"(西南交通大学与美国俄克拉荷马州立大学合作举办的中外合作办学项目,建议小语种考生慎重报考,不招色弱、色盲、单色识别不全)",1_3_0613_5_71
3,普通类本科批,0613,10613,西南交通大学,四川,公办,72,082901H,安全工程(中外合作办学),,2,04,物理,A,化学,四年,78000,"(西南交通大学与美国俄克拉荷马州立大学合作举办的中外合作办学项目,建议小语种考生慎重报考)",1_3_0613_5_72
3,普通类本科批,0614,10614,电子科技大学,四川,公办,A4,0807,电子信息类(信息与通信)(电子信息工程、通信工程、网络工程、物联网工程、信息对抗技术),,7,04,物理,A,化学,四年,6500,,1_3_0614_5_A4
3,普通类本科批,0614,10614,电子科技大学,四川,公办,A5,00600,工科试验班(电子工程类)(电子科学与技术、电磁场与无线技术),,9,04,物理,A,化学,四年,6500,,1_3_0614_5_A5
3,普通类本科批,0614,10614,电子科技大学,四川,公办,A6,080710,集成电路设计与集成系统(国家示范性微电子学院),,4,04,物理,A,化学,四年,9800,,1_3_0614_5_A6
3,普通类本科批,0614,10614,电子科技大学,四川,公办,AB,00600,工科试验班(机器人、电气信息、智能制造)(机械设计制造及其自动化、电气工程及其自动化、工业工程、机器人工程、智能电网信息工程),(高校专项计划),1,04,物理,A,化学,四年,6500,"(特控线上录取)(教育部高校专项计划,只投档符合报考条件的考生)",1_3_0614_5_AB
3,普通类本科批,0614,10614,电子科技大学,四川,公办,B1,080901,计算机科学与技术(AI交叉复合型创新人才双学位培养计划),,4,04,物理,A,化学,四年,6500,,1_3_0614_5_B1
3,普通类本科批,0614,10614,电子科技大学,四川,公办,B2,080701,电子信息工程(AI交叉复合型创新人才双学位培养计划),,3,04,物理,A,化学,四年,6500,,1_3_0614_5_B2
3,普通类本科批,0614,10614,电子科技大学,四川,公办,B5,080801,自动化(AI交叉复合型创新人才双学位培养计划),,2,04,物理,A,化学,四年,6500,,1_3_0614_5_B5
3,普通类本科批,0614,10614,电子科技大学,四川,公办,B7,0809,计算机类(计算机科学与技术、网络空间安全、数据科学与大数据技术、人工智能),,7,04,物理,A,化学,四年,6500,,1_3_0614_5_B7
3,普通类本科批,0614,10614,电子科技大学,四川,公办,B8,00600,工科试验班(机器人、电气信息、智能制造)(机械设计制造及其自动化、电气工程及其自动化、工业工程、机器人工程、智能电网信息工程),,4,04,物理,A,化学,四年,6500,,1_3_0614_5_B8
3,普通类本科批,0614,10614,电子科技大学,四川,公办,B9,0807,电子信息类(光电集成与光网络)(光电信息科学与工程、信息工程),,4,04,物理,A,化学,四年,6500,,1_3_0614_5_B9
3,普通类本科批,0614,10614,电子科技大学,四川,公办,C1,0807,电子信息类(智能仪器、智能控制)(测控技术与仪器、自动化),,9,04,物理,A,化学,四年,6500,,1_3_0614_5_C1
3,普通类本科批,0626,10626,四川农业大学,四川,公办,01,090101,农学,,4,04,物理,A,化学,四年,5760,(成都校区),1_3_0626_5_01
3,普通类本科批,0626,10626,四川农业大学,四川,公办,02,090103,植物保护,,5,04,物理,A,化学,四年,5760,(成都校区),1_3_0626_5_02
3,普通类本科批,0626,10626,四川农业大学,四川,公办,04,100806,中草药栽培与鉴定,,4,04,物理,A,化学,四年,6960,(成都校区),1_3_0626_5_04
3,普通类本科批,0626,10626,四川农业大学,四川,公办,05,090301,动物科学,,6,04,物理,A,化学,四年,5760,(成都校区),1_3_0626_5_05
3,普通类本科批,0626,10626,四川农业大学,四川,公办,10,100701,药学,,4,04,物理,A,化学,四年,6960,(成都校区),1_3_0626_5_10
3,普通类本科批,0626,10626,四川农业大学,四川,公办,12,090702,草坪科学与工程,,4,04,物理,A,化学,四年,5760,(成都校区),1_3_0626_5_12
3,普通类本科批,0626,10626,四川农业大学,四川,公办,13,090601,水产养殖学,,4,04,物理,A,化学,四年,5760,(成都校区),1_3_0626_5_13
3,普通类本科批,0626,10626,四川农业大学,四川,公办,14,090501,林学,,4,04,物理,A,化学,四年,5760,(成都校区),1_3_0626_5_14
3,普通类本科批,0626,10626,四川农业大学,四川,公办,15,082402,木材科学与工程,,4,04,物理,A,化学,四年,6240,(成都校区),1_3_0626_5_15
3,普通类本科批,0626,10626,四川农业大学,四川,公办,19,082803,风景园林,,4,04,物理,K,无限制,四年,6240,(成都校区),1_3_0626_5_19
3,普通类本科批,0626,10626,四川农业大学,四川,公办,22,090201,农业资源与环境,,4,04,物理,A,化学,四年,5760,(成都校区),1_3_0626_5_22
3,普通类本科批,0626,10626,四川农业大学,四川,公办,24,082502,环境工程,,4,04,物理,A,化学,四年,6240,(成都校区),1_3_0626_5_24
3,普通类本科批,0626,10626,四川农业大学,四川,公办,32,120204,财务管理,,4,04,物理,K,无限制,四年,5760,(成都校区),1_3_0626_5_32
3,普通类本科批,0626,10626,四川农业大学,四川,公办,35,082710,食品营养与健康,,4,04,物理,A,化学,四年,6240,(成都校区),1_3_0626_5_35
3,普通类本科批,0626,10626,四川农业大学,四川,公办,36,090112,智慧农业,,4,04,物理,A,化学,四年,5760,(成都校区),1_3_0626_5_36
3,普通类本科批,0626,10626,四川农业大学,四川,公办,37,082301,农业工程,,4,04,物理,A,化学,四年,6240,(成都校区),1_3_0626_5_37
3,普通类本科批,0626,10626,四川农业大学,四川,公办,38,082302,农业机械化及其自动化,,4,04,物理,A,化学,四年,6240,(成都校区),1_3_0626_5_38
3,普通类本科批,0626,10626,四川农业大学,四川,公办,39,070303,化学生物学,,4,04,物理,A,化学,四年,6240,(雅安校区),1_3_0626_5_39
3,普通类本科批,0626,10626,四川农业大学,四川,公办,41,070302,应用化学,,4,04,物理,A,化学,四年,6240,(雅安校区),1_3_0626_5_41
3,普通类本科批,0626,10626,四川农业大学,四川,公办,43,071002,生物技术,,4,04,物理,A,化学,四年,6240,(雅安校区),1_3_0626_5_43
3,普通类本科批,0626,10626,四川农业大学,四川,公办,44,071001,生物科学,,4,04,物理,A,化学,四年,6240,(雅安校区),1_3_0626_5_44
3,普通类本科批,0626,10626,四川农业大学,四川,公办,45,080601,电气工程及其自动化,,5,04,物理,A,化学,四年,6240,(雅安校区),1_3_0626_5_45
3,普通类本科批,0626,10626,四川农业大学,四川,公办,46,080702,电子科学与技术,,4,04,物理,A,化学,四年,6240,(雅安校区),1_3_0626_5_46
3,普通类本科批,0626,10626,四川农业大学,四川,公办,48,080901,计算机科学与技术,,5,04,物理,A,化学,四年,6240,(雅安校区),1_3_0626_5_48
3,普通类本科批,0626,10626,四川农业大学,四川,公办,52,082305,农业水利工程,,4,04,物理,A,化学,四年,6240,(雅安校区),1_3_0626_5_52
3,普通类本科批,0626,10626,四川农业大学,四川,公办,53,081101,水利水电工程,,4,04,物理,A,化学,四年,6240,(雅安校区),1_3_0626_5_53
3,普通类本科批,0626,10626,四川农业大学,四川,公办,55,050201,英语,,4,04,物理,K,无限制,四年,5760,(雅安校区)(只招英语语种考生),1_3_0626_5_55
3,普通类本科批,0626,10626,四川农业大学,四川,公办,56,050261,翻译,,4,04,物理,K,无限制,四年,5760,(雅安校区)(限英语语种考生报考),1_3_0626_5_56
3,普通类本科批,0626,10626,四川农业大学,四川,公办,57,120206,人力资源管理,,4,04,物理,K,无限制,四年,5760,(雅安校区),1_3_0626_5_57
3,普通类本科批,0626,10626,四川农业大学,四川,公办,59,120404,土地资源管理,,4,04,物理,A,化学,四年,5760,(雅安校区),1_3_0626_5_59
3,普通类本科批,0626,10626,四川农业大学,四川,公办,60,030101,法学,,4,04,物理,K,无限制,四年,5760,(雅安校区),1_3_0626_5_60
3,普通类本科批,0626,10626,四川农业大学,四川,公办,62,082802,城乡规划,,4,04,物理,K,无限制,四年,6240,(都江堰校区),1_3_0626_5_62
3,普通类本科批,0626,10626,四川农业大学,四川,公办,66,081003,给排水科学与工程,,4,04,物理,A,化学,四年,6240,(都江堰校区),1_3_0626_5_66
3,普通类本科批,0626,10626,四川农业大学,四川,公办,67,081001,土木工程,,4,04,物理,A,化学,四年,6240,(都江堰校区),1_3_0626_5_67
3,普通类本科批,0626,10626,四川农业大学,四川,公办,71,120201,工商管理,,4,04,物理,K,无限制,四年,5760,(都江堰校区),1_3_0626_5_71
3,普通类本科批,0626,10626,四川农业大学,四川,公办,W1,090601H,水产养殖学(中外合作办学),,3,04,物理,A,化学,四年,70000,(成都校区),1_3_0626_5_W1
3,普通类本科批,0626,10626,四川农业大学,四川,公办,W2,082504H,环境生态工程(中外合作办学),,3,04,物理,A,化学,四年,70000,(成都校区),1_3_0626_5_W2
3,普通类本科批,0635,10635,西南大学,重庆,公办,01,0901,植物生产类(农学、园艺、植物保护),(农林类),1,04,物理,A,化学,四年,5200,(不招色盲、单色识别不全考生),1_3_0635_5_01
3,普通类本科批,0635,10635,西南大学,重庆,公办,52,0201,经济学类(经济学、金融学),,1,04,物理,K,无限制,四年,6000,,1_3_0635_5_52
3,普通类本科批,0635,10635,西南大学,重庆,公办,AB,0901,植物生产类(农学、园艺、植物保护),(农林类)(高校专项计划),1,04,物理,A,化学,四年,5200,"(特控线上录取)(不招色盲、单色识别不全考生)(教育部高校专项计划,只投档符合报考条件的考生)",1_3_0635_5_AB
3,普通类本科批,0635,10635,西南大学,重庆,公办,E1,0804,材料类(材料物理、金属材料工程、新能源材料与器件),,1,04,物理,A,化学,四年,6000,(不招色盲、单色识别不全考生),1_3_0635_5_E1
3,普通类本科批,0635,10635,西南大学,重庆,公办,H4,082302,农业机械化及其自动化,,1,04,物理,A,化学,四年,6000,,1_3_0635_5_H4
3,普通类本科批,0635,10635,西南大学,重庆,公办,L3,080801,自动化,,1,04,物理,A,化学,四年,6000,,1_3_0635_5_L3
3,普通类本科批,0635,10635,西南大学,重庆,公办,N2,080717,人工智能,,1,04,物理,A,化学,四年,6000,,1_3_0635_5_N2
3,普通类本科批,0635,10635,西南大学,重庆,公办,R1,071002,生物技术,,1,04,物理,A,化学,四年,6000,(不招色盲、单色识别不全考生),1_3_0635_5_R1
3,普通类本科批,0635,10635,西南大学,重庆,公办,W2,071001,生物科学,,1,04,物理,E,地理,四年,6000,(不招色盲、单色识别不全考生),1_3_0635_5_W2
3,普通类本科批,0635,10635,西南大学,重庆,公办,Z1,080901H,计算机科学与技术(中外合作办学),,2,04,物理,A,化学,四年,60000,"(不招单色识别不全考生)(国内学习3年、国外1年,在西南大学就读期间学费6万元/年,在外方高校就读期间,按外方高校学费标准缴纳学费。外方合作高校：新西兰奥克兰大学。主要授课语言为英语,非英语语种考生谨慎报考)",1_3_0635_5_Z1
3,普通类本科批,0635,10635,西南大学,重庆,公办,Z2,080902H,软件工程(中外合作办学),,2,04,物理,A,化学,四年,60000,"(国内学习4年,在西南大学就读期间学费6万元/年。外方合作高校：澳大利亚迪肯大学。以英语为主要授课语言,建议非英语语种考生谨慎报考)",1_3_0635_5_Z2
3,普通类本科批,0635,10635,西南大学,重庆,公办,Z4,071101H,心理学(中外合作办学),,1,04,物理,K,无限制,四年,50000,"(不招色盲、单色识别不全考生)(国内学习3年、国外1年,在西南大学就读期间学费5万元/年,在外方高校就读期间,按外方高校学费标准缴纳学费。外方合作高校：新西兰奥克兰大学。以英语为主要授课语言,建议非英语语种考生谨慎报考)",1_3_0635_5_Z4
3,普通类本科批,0635,10635,西南大学,重庆,公办,Z5,090104H,植物科学与技术(中外合作办学),(农林类),2,04,物理,A,化学,四年,38000,"(不招色盲、单色识别不全考生)(可选择国内学习3年、国外1年或只在国内学习4年,在西南大学就读期间学费3.8万元/年,在外方高校就读期间,按外方高校学费标准缴纳学费。外方合作高校：美国密苏里州立大学。以英语为主要授课语言,建议非英语语种考生谨慎报考)",1_3_0635_5_Z5
3,普通类本科批,0635,10635,西南大学,重庆,公办,Z7,100701H,药学(中外合作办学),,2,04,物理,A,化学,四年,58000,"(不招色盲、单色识别不全考生)(国内学习3年、国外1年,在西南大学就读期间学费5.8万元/年,在外方高校就读期间,按外方高校学费标准缴纳学费。外方合作高校：新西兰奥塔哥大学。以英语为主要授课语言,建议非英语语种考生谨慎报考)",1_3_0635_5_Z7
3,普通类本科批,0635,10635,西南大学,重庆,公办,ZC,071002H,生物技术(中外合作办学),,2,04,物理,A,化学,四年,50000,"(不招色盲、单色识别不全考生)(可选择国内学习3年、国外1年或国内学习4年,在西南大学就读期间学费5万元/年,在外方高校就读期间,按外方高校学费标准缴纳学费。外方合作高校：澳大利亚西澳大学。以英语为主要授课语言,建议非英语语种考生谨慎报考)",1_3_0635_5_ZC
3,普通类本科批,0651,10651,西南财经大学,四川,公办,01,020109,数字经济(基础学科拔尖实验班),,1,04,物理,K,无限制,四年,5760,,1_3_0651_5_01
3,普通类本科批,0651,10651,西南财经大学,四川,公办,02,080901,计算机科学与技术(基础学科拔尖实验班),,1,04,物理,A,化学,四年,6240,,1_3_0651_5_02
3,普通类本科批,0651,10651,西南财经大学,四川,公办,03,070101,数学与应用数学(基础学科拔尖实验班),,1,04,物理,A,化学,四年,6240,,1_3_0651_5_03
3,普通类本科批,0651,10651,西南财经大学,四川,公办,04,020301,金融学(智能金融与区块链金融),,1,04,物理,K,无限制,四年,5760,,1_3_0651_5_04
3,普通类本科批,0651,10651,西南财经大学,四川,公办,05,020310,金融科技,,2,04,物理,K,无限制,四年,5760,,1_3_0651_5_05
3,普通类本科批,0651,10651,西南财经大学,四川,公办,06,020302,金融工程,,2,04,物理,K,无限制,四年,5760,,1_3_0651_5_06
3,普通类本科批,0651,10651,西南财经大学,四川,公办,07,020308,精算学,,1,04,物理,K,无限制,四年,5760,,1_3_0651_5_07
3,普通类本科批,0651,10651,西南财经大学,四川,公办,08,0203,金融学类[金融学、金融学(证券与期货方向)、金融学(双语实验班)、信用管理(金融智能风控)],,4,04,物理,K,无限制,四年,5760,,1_3_0651_5_08
3,普通类本科批,0651,10651,西南财经大学,四川,公办,10,020302,金融工程(金工与数据双学位),,1,04,物理,K,无限制,四年,5760,,1_3_0651_5_10
3,普通类本科批,0651,10651,西南财经大学,四川,公办,12,120203,会计学(大数据会计),,1,04,物理,K,无限制,四年,5760,,1_3_0651_5_12
3,普通类本科批,0651,10651,西南财经大学,四川,公办,15,120203,会计学(注册会计师专门化方向),,2,04,物理,K,无限制,四年,5760,,1_3_0651_5_15
3,普通类本科批,0651,10651,西南财经大学,四川,公办,16,120203,会计学(双语实验班),,1,04,物理,K,无限制,四年,8000,,1_3_0651_5_16
3,普通类本科批,0651,10651,西南财经大学,四川,公办,17,0712,统计学类(统计学、数据科学),,5,04,物理,A,化学,四年,6240,,1_3_0651_5_17
3,普通类本科批,0651,10651,西南财经大学,四川,公办,18,020102,经济统计学,,1,04,物理,A,化学,四年,5760,,1_3_0651_5_18
3,普通类本科批,0651,10651,西南财经大学,四川,公办,19,1202,工商管理类[工商管理、工商管理(双语实验班)、市场营销、供应链管理、人力资源管理],,2,04,物理,K,无限制,四年,5760,,1_3_0651_5_19
3,普通类本科批,0651,10651,西南财经大学,四川,公办,22,0202,财政学类(财政学、税收学),,2,04,物理,K,无限制,四年,5760,,1_3_0651_5_22
3,普通类本科批,0651,10651,西南财经大学,四川,公办,24,020304,投资学(投资学与数据双学位),,1,04,物理,K,无限制,四年,5760,,1_3_0651_5_24
3,普通类本科批,0651,10651,西南财经大学,四川,公办,25,0204,经济与贸易类[国际商务(双语实验班)、国际经济与贸易(双语实验班)],,1,04,物理,K,无限制,四年,8000,,1_3_0651_5_25
3,普通类本科批,0651,10651,西南财经大学,四川,公办,26,020301,金融学(经管国际化创新实验班),,2,04,物理,K,无限制,四年,8000,,1_3_0651_5_26
3,普通类本科批,0651,10651,西南财经大学,四川,公办,27,1201,管理科学与工程类(计算金融、大数据管理与应用、信息管理与信息系统),,3,04,物理,K,无限制,四年,5760,,1_3_0651_5_27
3,普通类本科批,0651,10651,西南财经大学,四川,公办,28,0809,计算机类(人工智能、计算机科学与技术、网络空间安全、数据科学与大数据技术),,5,04,物理,A,化学,四年,6240,,1_3_0651_5_28
3,普通类本科批,0651,10651,西南财经大学,四川,公办,37,070101,数学与应用数学(数学与经济学双学位),,2,04,物理,A,化学,四年,6240,,1_3_0651_5_37
3,普通类本科批,0651,10651,西南财经大学,四川,公办,38,020305,金融数学,,1,04,物理,K,无限制,四年,5760,,1_3_0651_5_38
3,普通类本科批,0651,10651,西南财经大学,四川,公办,AB,1202,工商管理类[工商管理、工商管理(双语实验班)、市场营销、供应链管理、人力资源管理],(高校专项计划),1,04,物理,K,无限制,四年,5760,"(特控线上录取)(教育部高校专项计划,只投档符合报考条件的考生)",1_3_0651_5_AB
3,普通类本科批,0657,10657,贵州大学,贵州,公办,2B,081401,地质工程,,3,04,物理,A,化学,四年,5040,(不招色弱色盲及单色识别不全者),1_3_0657_5_2B
3,普通类本科批,0657,10657,贵州大学,贵州,公办,3B,082701,食品科学与工程,,3,04,物理,A,化学,四年,5040,(不招色弱色盲及单色识别不全者),1_3_0657_5_3B
3,普通类本科批,0657,10657,贵州大学,贵州,公办,7B,081302,制药工程,,2,04,物理,A,化学,四年,5040,(不招色弱色盲及单色识别不全者),1_3_0657_5_7B
3,普通类本科批,0657,10657,贵州大学,贵州,公办,H2,020301,金融学,,3,04,物理,K,无限制,四年,4920,(不招单色识别不全者),1_3_0657_5_H2
3,普通类本科批,0657,10657,贵州大学,贵州,公办,J2,120201,工商管理,,2,04,物理,K,无限制,四年,4920,(不招单色识别不全者),1_3_0657_5_J2
3,普通类本科批,0657,10657,贵州大学,贵州,公办,U1,080202,机械设计制造及其自动化,,3,04,物理,A,化学,四年,5040,,1_3_0657_5_U1
3,普通类本科批,0657,10657,贵州大学,贵州,公办,V2,080801,自动化,,2,04,物理,A,化学,四年,5040,,1_3_0657_5_V2
3,普通类本科批,0657,10657,贵州大学,贵州,公办,V4,080301,测控技术与仪器,,2,04,物理,A,化学,四年,5040,,1_3_0657_5_V4
3,普通类本科批,0657,10657,贵州大学,贵州,公办,W3,081101,水利水电工程,,2,04,物理,A,化学,四年,5040,,1_3_0657_5_W3
3,普通类本科批,0657,10657,贵州大学,贵州,公办,X1,082801,建筑学,,2,04,物理,K,无限制,五年,5040,(不招色盲单色识别不全者),1_3_0657_5_X1
3,普通类本科批,0657,10657,贵州大学,贵州,公办,X2,082802,城乡规划,,2,04,物理,K,无限制,五年,5040,(不招色盲单色识别不全者),1_3_0657_5_X2
3,普通类本科批,0657,10657,贵州大学,贵州,公办,Y1,080401,材料科学与工程,,2,04,物理,A,化学,四年,5040,,1_3_0657_5_Y1
3,普通类本科批,0657,10657,贵州大学,贵州,公办,Y2,080407,高分子材料与工程,,3,04,物理,A,化学,四年,5040,(不招色弱色盲及单色识别不全者),1_3_0657_5_Y2
3,普通类本科批,0657,10657,贵州大学,贵州,公办,Y4,080503,新能源科学与工程,,2,04,物理,A,化学,四年,5040,,1_3_0657_5_Y4
3,普通类本科批,0657,10657,贵州大学,贵州,公办,Z1,070301,化学,(高校专项计划),1,04,物理,A,化学,四年,5040,"(不招色弱色盲及单色识别不全者)(特控线上录取)(教育部高校专项计划,只投档符合报考条件的考生)",1_3_0657_5_Z1
3,普通类本科批,0657,10657,贵州大学,贵州,公办,Z3,081301,化学工程与工艺,,3,04,物理,A,化学,四年,5040,(不招色弱色盲及单色识别不全者),1_3_0657_5_Z3
3,普通类本科批,0657,10657,贵州大学,贵州,公办,Z7,120102H,信息管理与信息系统(中外合作办学),,4,04,物理,K,无限制,四年,24000,"(进校后不得转专业。考生高考外语单科成绩不得低于生源省高考外语科目满分的50%,非英语语种慎重报考。不招单色识别不全者)",1_3_0657_5_Z7
3,普通类本科批,0673,10673,云南大学,云南,公办,0E,0201,经济学类(经济学、金融学、国际经济与贸易),,3,04,物理,K,无限制,四年,4500,(大类培养分流办法及各专业学费标准详见《云南大学2026年本科招生章程》),1_3_0673_5_0E
3,普通类本科批,0673,10673,云南大学,云南,公办,0F,030101,法学,,2,04,物理,C,C,四年,5000,,1_3_0673_5_0F
3,普通类本科批,0673,10673,云南大学,云南,公办,11,070101,数学与应用数学,,2,04,物理,A,化学,四年,5600,,1_3_0673_5_11
3,普通类本科批,0673,10673,云南大学,云南,公办,12,070102,信息与计算科学,,2,04,物理,A,化学,四年,5000,,1_3_0673_5_12
3,普通类本科批,0673,10673,云南大学,云南,公办,14,070201,物理学,,1,04,物理,A,化学,四年,5600,,1_3_0673_5_14
3,普通类本科批,0673,10673,云南大学,云南,公办,15,0703,化学类(化学、高分子材料与工程、化学工程与工艺、制药工程),,4,04,物理,A,化学,四年,5000,(大类培养分流办法及各专业学费标准详见《云南大学2026年本科招生章程》),1_3_0673_5_15
3,普通类本科批,0673,10673,云南大学,云南,公办,17,070501,地理科学,,1,04,物理,D,D,四年,5000,,1_3_0673_5_17
3,普通类本科批,0673,10673,云南大学,云南,公办,18,070504,地理信息科学,,1,04,物理,D,D,四年,5000,,1_3_0673_5_18
3,普通类本科批,0673,10673,云南大学,云南,公办,19,070601,大气科学,,2,04,物理,A,化学,四年,5600,,1_3_0673_5_19
3,普通类本科批,0673,10673,云南大学,云南,公办,1B,070801,地球物理学,,1,04,物理,A,化学,四年,5000,,1_3_0673_5_1B
3,普通类本科批,0673,10673,云南大学,云南,公办,1C,070901,地质学,,1,04,物理,A,化学,四年,5000,,1_3_0673_5_1C
3,普通类本科批,0673,10673,云南大学,云南,公办,1E,071002,生物技术,,2,04,物理,A,化学,四年,5600,(国家生命科学与技术基地班),1_3_0673_5_1E
3,普通类本科批,0673,10673,云南大学,云南,公办,1F,0710,生物科学类(生物科学、生物技术),,2,04,物理,A,化学,四年,5600,(大类培养分流办法及各专业学费标准详见《云南大学2026年本科招生章程》),1_3_0673_5_1F
3,普通类本科批,0673,10673,云南大学,云南,公办,1G,071004,生态学,,1,04,物理,A,化学,四年,5600,(菁英班),1_3_0673_5_1G
3,普通类本科批,0673,10673,云南大学,云南,公办,1H,071201,统计学,,2,04,物理,A,化学,四年,5600,,1_3_0673_5_1H
3,普通类本科批,0673,10673,云南大学,云南,公办,1J,080401,材料科学与工程,,3,04,物理,A,化学,四年,5600,,1_3_0673_5_1J
3,普通类本科批,0673,10673,云南大学,云南,公办,1N,081001,土木工程,,1,04,物理,A,化学,四年,5000,,1_3_0673_5_1N
3,普通类本科批,0673,10673,云南大学,云南,公办,1T,100201,临床医学,,1,04,物理,E,地理,五年,5500,,1_3_0673_5_1T
3,普通类本科批,0673,10673,云南大学,云南,公办,1U,1202,工商管理类(工商管理、财务管理、会计学、人力资源管理、物流管理、旅游管理),,2,04,物理,K,无限制,四年,4500,(大类培养分流办法及各专业学费标准详见《云南大学2026年本科招生章程》),1_3_0673_5_1U
3,普通类本科批,0673,10673,云南大学,云南,公办,23,080503,新能源科学与工程,,2,04,物理,A,化学,四年,5000,,1_3_0673_5_23
3,普通类本科批,0673,10673,云南大学,云南,公办,2B,080705,光电信息科学与工程,,1,04,物理,E,地理,四年,5000,,1_3_0673_5_2B
3,普通类本科批,0673,10673,云南大学,云南,公办,2C,100701,药学,,1,04,物理,A,化学,四年,5000,,1_3_0673_5_2C
3,普通类本科批,0673,10673,云南大学,云南,公办,2D,120401,公共事业管理,,1,04,物理,K,无限制,四年,7800,(公共事业管理+地理信息科学双学士学位),1_3_0673_5_2D
3,普通类本科批,0673,10673,云南大学,云南,公办,2E,090116,生物育种科学,,1,04,物理,E,地理,四年,5000,,1_3_0673_5_2E
3,普通类本科批,0673,10673,云南大学,云南,公办,2G,080703,通信工程,,1,04,物理,E,地理,四年,5600,,1_3_0673_5_2G
3,普通类本科批,0673,10673,云南大学,云南,公办,2H,080901,计算机科学与技术,,2,04,物理,E,地理,四年,5600,,1_3_0673_5_2H
3,普通类本科批,0673,10673,云南大学,云南,公办,2J,080905,物联网工程,,1,04,物理,E,地理,四年,5000,,1_3_0673_5_2J
3,普通类本科批,0673,10673,云南大学,云南,公办,2K,080907,智能科学与技术,,2,04,物理,E,地理,四年,5000,,1_3_0673_5_2K
3,普通类本科批,0673,10673,云南大学,云南,公办,2L,080902,软件工程,,3,04,物理,E,地理,四年,5000,(第三、四学年学费12000元/年),1_3_0673_5_2L
3,普通类本科批,0673,10673,云南大学,云南,公办,2N,080911,网络空间安全,,2,04,物理,E,地理,四年,5000,(第三、四学年学费12000元/年),1_3_0673_5_2N
3,普通类本科批,0673,10673,云南大学,云南,公办,2P,080717,人工智能,,1,04,物理,E,地理,四年,5000,(第三、四学年学费12000元/年),1_3_0673_5_2P
3,普通类本科批,0673,10673,云南大学,云南,公办,2Q,020301,金融学,,1,04,物理,K,无限制,四年,8700,(金融学+计算机科学与技术双学士学位),1_3_0673_5_2Q
3,普通类本科批,0673,10673,云南大学,云南,公办,2S,070601,大气科学,,1,04,物理,A,化学,四年,8700,(大气科学+人工智能双学士学位),1_3_0673_5_2S
3,普通类本科批,0673,10673,云南大学,云南,公办,2T,080401H,材料科学与工程(中外合作办学),,2,04,物理,A,化学,四年,65000,(与马来西亚马来亚大学合作),1_3_0673_5_2T
3,普通类本科批,0673,10673,云南大学,云南,公办,2U,080717H,人工智能(中外合作办学),,1,04,物理,E,地理,四年,65000,(与马来西亚马来亚大学合作),1_3_0673_5_2U
3,普通类本科批,0673,10673,云南大学,云南,公办,2V,081301H,化学工程与工艺(中外合作办学),,2,04,物理,A,化学,四年,65000,(与马来西亚马来亚大学合作),1_3_0673_5_2V
3,普通类本科批,0673,10673,云南大学,云南,公办,2W,020101,经济学,,2,04,物理,K,无限制,四年,8300,(经济学+人工智能双学士学位),1_3_0673_5_2W
3,普通类本科批,0673,10673,云南大学,云南,公办,2Y,090104,植物科学与技术,,1,04,物理,A,化学,四年,4500,,1_3_0673_5_2Y
3,普通类本科批,0673,10673,云南大学,云南,公办,AB,070601,大气科学,(高校专项计划),1,04,物理,A,化学,四年,5600,"(特控线上录取)(教育部高校专项计划,只投档符合报考条件的考生)",1_3_0673_5_AB
3,普通类本科批,0694,10694,西藏大学,西藏,公办,17,020101,经济学,,2,04,物理,K,无限制,四年,2800,,1_3_0694_5_17
3,普通类本科批,0694,10694,西藏大学,西藏,公办,38,081001,土木工程,,3,04,物理,A,化学,四年,3360,,1_3_0694_5_38
3,普通类本科批,0694,10694,西藏大学,西藏,公办,39,082801,建筑学,,1,04,物理,K,无限制,五年,3360,,1_3_0694_5_39
3,普通类本科批,0694,10694,西藏大学,西藏,公办,44,070201,物理学(师范),(师范类),3,04,物理,A,化学,四年,免费,(数学90分及以上),1_3_0694_5_44
3,普通类本科批,0694,10694,西藏大学,西藏,公办,46,100201,临床医学,,2,04,物理,E,地理,五年,3360,,1_3_0694_5_46
3,普通类本科批,0694,10694,西藏大学,西藏,公办,49,101101,护理学,,2,04,物理,A,化学,四年,3360,,1_3_0694_5_49
3,普通类本科批,0697,10697,西北大学,陕西,公办,27,020102,经济统计学,,2,04,物理,K,无限制,四年,5500,(数据技术应用实验班),1_3_0697_5_27
3,普通类本科批,0697,10697,西北大学,陕西,公办,29,020301,金融学,,2,04,物理,K,无限制,四年,5500,(开源证券智能金融实验班),1_3_0697_5_29
3,普通类本科批,0697,10697,西北大学,陕西,公办,30,120102,信息管理与信息系统,,2,04,物理,K,无限制,四年,5500,(数据科学与智能管理方向),1_3_0697_5_30
3,普通类本科批,0697,10697,西北大学,陕西,公办,31,070101,数学与应用数学,,3,04,物理,A,化学,四年,5250,(熊庆来班),1_3_0697_5_31
3,普通类本科批,0697,10697,西北大学,陕西,公办,34,0701,数学类(数学与应用数学、应用统计学),,4,04,物理,A,化学,四年,6600,,1_3_0697_5_34
3,普通类本科批,0697,10697,西北大学,陕西,公办,39,070201,物理学,,2,04,物理,A,化学,四年,5250,(基地班),1_3_0697_5_39
3,普通类本科批,0697,10697,西北大学,陕西,公办,41,0702,物理学类(应用物理学、材料物理、光电信息科学与工程),,4,04,物理,A,化学,四年,6600,,1_3_0697_5_41
3,普通类本科批,0697,10697,西北大学,陕西,公办,46,081401,地质工程,,2,04,物理,A,化学,四年,6600,,1_3_0697_5_46
3,普通类本科批,0697,10697,西北大学,陕西,公办,56,100103,生物医学科学,,3,04,物理,A,化学,四年,6600,,1_3_0697_5_56
3,普通类本科批,0697,10697,西北大学,陕西,公办,58,060105,文物保护技术,,3,04,物理,A,化学,四年,5500,,1_3_0697_5_58
3,普通类本科批,0697,10697,西北大学,陕西,公办,60,0705,地理科学类(自然地理与资源环境、人文地理与城乡规划、地理信息科学),,3,04,物理,D,D,四年,6600,,1_3_0697_5_60
3,普通类本科批,0697,10697,西北大学,陕西,公办,69,080901,计算机科学与技术,,3,04,物理,A,化学,四年,6600,,1_3_0697_5_69
3,普通类本科批,0697,10697,西北大学,陕西,公办,72,080902,软件工程,,3,04,物理,A,化学,四年,6600,,1_3_0697_5_72
3,普通类本科批,0697,10697,西北大学,陕西,公办,76,083001,生物工程,,3,04,物理,A,化学,四年,6600,(生物智造创新实验班),1_3_0697_5_76
3,普通类本科批,0697,10697,西北大学,陕西,公办,NE,080902,软件工程,(高校专项计划),1,04,物理,A,化学,四年,6600,"(特控线上录取)(教育部高校专项计划,只投档符合报考条件的考生)",1_3_0697_5_NE
3,普通类本科批,0698,10698,西安交通大学,陕西,公办,1D,080213,智能制造工程(钱学森班),,2,04,物理,A,化学,四年,6600,,1_3_0698_5_1D
3,普通类本科批,0698,10698,西安交通大学,陕西,公办,1H,080102,工程力学(国家拔尖计划),,2,04,物理,A,化学,四年,6600,,1_3_0698_5_1H
3,普通类本科批,0698,10698,西安交通大学,陕西,公办,1L,00600,工科试验班(数智电网国卓班)(能源互联网工程),,2,04,物理,A,化学,四年,6600,,1_3_0698_5_1L
3,普通类本科批,0698,10698,西安交通大学,陕西,公办,2A,080601,电气工程及其自动化(智能电气领军班),,8,04,物理,A,化学,四年,6600,,1_3_0698_5_2A
3,普通类本科批,0698,10698,西安交通大学,陕西,公办,2B,00600,工科试验班(计算机科学技术类)(计算机科学与技术、物联网工程),,6,04,物理,A,化学,四年,6600,,1_3_0698_5_2B
3,普通类本科批,0698,10698,西安交通大学,陕西,公办,2C,080801,自动化,,4,04,物理,A,化学,四年,6600,,1_3_0698_5_2C
3,普通类本科批,0698,10698,西安交通大学,陕西,公办,2D,080706,信息工程,,7,04,物理,A,化学,四年,6600,,1_3_0698_5_2D
3,普通类本科批,0698,10698,西安交通大学,陕西,公办,2E,080902,软件工程,,3,04,物理,A,化学,四年,6600,,1_3_0698_5_2E
3,普通类本科批,0698,10698,西安交通大学,陕西,公办,2F,080704,微电子科学与工程,,8,04,物理,A,化学,四年,6600,(含强芯班),1_3_0698_5_2F
3,普通类本科批,0698,10698,西安交通大学,陕西,公办,2K,00600,工科试验班(智慧能源领军班)(能源与动力工程、核工程与核技术),,6,04,物理,A,化学,四年,6600,"(专业分流时,100%类内专业任选)",1_3_0698_5_2K
3,普通类本科批,0698,10698,西安交通大学,陕西,公办,2L,00600,工科试验班(新能源英才领军班)(新能源科学与工程),,2,04,物理,A,化学,四年,6600,,1_3_0698_5_2L
3,普通类本科批,0698,10698,西安交通大学,陕西,公办,2M,00600,工科试验班(智能制造领军班)(机械工程、智能制造工程、车辆工程),,8,04,物理,A,化学,四年,6600,"(专业分流时,100%类内专业任选)",1_3_0698_5_2M
3,普通类本科批,0698,10698,西安交通大学,陕西,公办,2P,00600,工科试验班(航天航空领军班)(飞行器设计与工程、飞行器动力工程、工程力学),,6,04,物理,A,化学,四年,6600,"(专业分流时,100%类内专业任选)",1_3_0698_5_2P
3,普通类本科批,0698,10698,西安交通大学,陕西,公办,4F,082002,飞行器设计与工程,(高校专项计划),2,04,物理,A,化学,四年,6600,"(高考总成绩达到相应科类特殊类型录取控制分数线上60分)(教育部高校专项计划,只投档符合报考条件的考生)",1_3_0698_5_4F
3,普通类本科批,0698,10698,西安交通大学,陕西,公办,4G,00600,工科试验班(智能过程与装备)[化学工程与工艺(智能化工方向)、化学工程与工艺、过程装备与控制工程],(高校专项计划),2,04,物理,A,化学,四年,6600,"(高考总成绩达到相应科类特殊类型录取控制分数线上60分)(教育部高校专项计划,只投档符合报考条件的考生)",1_3_0698_5_4G
3,普通类本科批,0698,10698,西安交通大学,陕西,公办,9C,080205H,工业设计(中外合作办学),,2,04,物理,A,化学,四年,105000,"(合作高校为意大利米兰理工大学,学费10.5万每年)",1_3_0698_5_9C
3,普通类本科批,0698,10698,西安交通大学,陕西,公办,9D,082801H,建筑学(中外合作办学),,2,04,物理,A,化学,四年,105000,"(合作高校为意大利米兰理工大学,学费10.5万每年)",1_3_0698_5_9D
3,普通类本科批,0698,10698,西安交通大学,陕西,公办,9E,080601H,电气工程及其自动化(中外合作办学),,3,04,物理,A,化学,四年,150000,"(合作高校为意大利米兰理工大学,学费15万每年)",1_3_0698_5_9E
3,普通类本科批,0698,10698,西安交通大学,陕西,公办,9H,080213H,智能制造工程(中外合作办学),,2,04,物理,A,化学,四年,120000,"(合作高校为意大利米兰理工大学,学费一年12万)",1_3_0698_5_9H
3,普通类本科批,0698,10698,西安交通大学,陕西,公办,9J,080401H,材料科学与工程(中外合作办学),,2,04,物理,A,化学,四年,120000,"(合作高校为意大利米兰理工大学,学费一年12万)",1_3_0698_5_9J
3,普通类本科批,0699,10699,西北工业大学,陕西,公办,01,0820,航空航天类(智慧三航拔尖班)(飞行器设计与工程、飞行器控制与信息工程、飞行器动力工程、飞行器制造工程、低空技术与工程、计算机科学与技术、人工智能、软件工程、网络空间安全、电子信息工程、集成电路设计与集成系统、水声工程、自动化、材料科学与工程),,8,04,物理,A,化学,四年,6600,(全校专业任选),1_3_0699_5_01
3,普通类本科批,0699,10699,西北工业大学,陕西,公办,02,0820,航空航天类(黄玉珊航空班)(飞行器设计与工程),,3,04,物理,A,化学,四年,6600,,1_3_0699_5_02
3,普通类本科批,0699,10699,西北工业大学,陕西,公办,03,0820,航空航天类(航空)(飞行器设计与工程、飞行器控制与信息工程、智能飞行器技术),,5,04,物理,A,化学,四年,6600,"(专业分流时,100%类内专业任选)",1_3_0699_5_03
3,普通类本科批,0699,10699,西北工业大学,陕西,公办,05,0820,航空航天类(航天)(飞行器设计与工程、飞行器动力工程、飞行器控制与信息工程、智能飞行器技术),,5,04,物理,A,化学,四年,6600,"(专业分流时,100%类内专业任选)",1_3_0699_5_05
3,普通类本科批,0699,10699,西北工业大学,陕西,公办,09,0820,航空航天类(航空发动机)(飞行器动力工程、能源与动力工程),,3,04,物理,A,化学,四年,6600,"(专业分流时,100%类内专业任选)",1_3_0699_5_09
3,普通类本科批,0699,10699,西北工业大学,陕西,公办,11,0819,海洋工程类(黄震中海洋班)(船舶与海洋工程、水声工程、信息工程),,2,04,物理,A,化学,四年,6600,"(专业分流时,100%类内专业任选)",1_3_0699_5_11
3,普通类本科批,0699,10699,西北工业大学,陕西,公办,13,0807,电子信息类(电子信息)(电子科学与技术、电子信息工程、探测制导与控制技术、通信工程),,4,04,物理,A,化学,四年,6600,"(专业分流时,100%类内专业任选)",1_3_0699_5_13
3,普通类本科批,0699,10699,西北工业大学,陕西,公办,18,0809,计算机类(计算机)(计算机科学与技术、物联网工程、数据科学与大数据技术、智能交互设计),,4,04,物理,A,化学,四年,6600,"(专业分流时,100%类内专业任选)",1_3_0699_5_18
3,普通类本科批,0699,10699,西北工业大学,陕西,公办,29,0820,航空航天类(航宇力学)(工程力学),(高校专项计划),2,04,物理,A,化学,四年,6600,"(特控线上录取)(教育部高校专项计划,只投档符合报考条件的考生)",1_3_0699_5_29
3,普通类本科批,0699,10699,西北工业大学,陕西,公办,32,0702,物理学类(空天应用物理试验班)(应用物理学、材料物理、光电信息科学与工程),(高校专项计划),1,04,物理,A,化学,四年,6600,"(专业分流时,100%类内专业任选)(特控线上录取)(教育部高校专项计划,只投档符合报考条件的考生)",1_3_0699_5_32
3,普通类本科批,0699,10699,西北工业大学,陕西,公办,61,082002H,飞行器设计与工程(中外合作办学),,8,04,物理,A,化学,四年,70000,,1_3_0699_5_61
3,普通类本科批,0699,10699,西北工业大学,陕西,公办,62,082001H,航空航天工程(中外合作办学),,7,04,物理,A,化学,四年,70000,,1_3_0699_5_62
3,普通类本科批,0699,10699,西北工业大学,陕西,公办,63,082103H,探测制导与控制技术(中外合作办学),,7,04,物理,A,化学,四年,70000,,1_3_0699_5_63
3,普通类本科批,0699,10699,西北工业大学,陕西,公办,64,080702H,电子科学与技术(中外合作办学),,8,04,物理,A,化学,四年,70000,,1_3_0699_5_64
3,普通类本科批,0699,10699,西北工业大学,陕西,公办,AB,0820,航空航天类(航宇力学)(民族班)(工程力学),(民族班),2,04,物理,A,化学,四年,6600,(只招少数民族考生),1_3_0699_5_AB
3,普通类本科批,0701,10701,西安电子科技大学,陕西,公办,10,0807,电子信息类(通信)(通信工程、信息工程、空间信息与数字技术),,15,04,物理,A,化学,四年,6600,,1_3_0701_5_10
3,普通类本科批,0701,10701,西安电子科技大学,陕西,公办,11,0807,电子信息类(电子工程)(电子信息工程、信息对抗技术、电磁场与无线技术),,13,04,物理,A,化学,四年,6600,,1_3_0701_5_11
3,普通类本科批,0701,10701,西安电子科技大学,陕西,公办,12,0807,电子信息类(集成电路)(微电子科学与工程、集成电路设计与集成系统),,12,04,物理,A,化学,四年,6600,,1_3_0701_5_12
3,普通类本科批,0701,10701,西安电子科技大学,陕西,公办,13,0807,电子信息类(电子科学、信息物理、空天信息)(电子科学与技术、光电信息科学与工程、电子信息科学与技术、空间科学与技术、探测制导与控制技术、遥感科学与技术、低空技术与工程),,18,04,物理,A,化学,四年,6600,,1_3_0701_5_13
3,普通类本科批,0701,10701,西安电子科技大学,陕西,公办,14,0809,计算机类(计算机科学与技术、软件工程),,16,04,物理,A,化学,四年,6600,"(大类中的“软件工程”专业一、二年级每人每年学费6600元,大三、大四按学分计,每学分不超过400元,总学分不高于80学分)",1_3_0701_5_14
3,普通类本科批,0701,10701,西安电子科技大学,陕西,公办,15,0809,计算机类(网络安全)(信息安全、网络空间安全),,6,04,物理,A,化学,四年,6600,,1_3_0701_5_15
3,普通类本科批,0701,10701,西安电子科技大学,陕西,公办,16,0809,计算机类(智能)(智能科学与技术、人工智能),,6,04,物理,A,化学,四年,6600,,1_3_0701_5_16
3,普通类本科批,0701,10701,西安电子科技大学,陕西,公办,17,0808,自动化类(智能制造及智能测控)(机械设计制造及其自动化、工业设计、电子封装技术、电气工程及其自动化、自动化、测控技术与仪器、机器人工程),(高校专项计划),1,04,物理,A,化学,四年,6600,"(特控线上录取)(教育部高校专项计划,只投档符合报考条件的考生)",1_3_0701_5_17
3,普通类本科批,0701,10701,西安电子科技大学,陕西,公办,19,0826,生物医学工程类(电子信息交叉融合培养)(生物医学工程、智能医学工程),(高校专项计划),1,04,物理,A,化学,四年,6600,"(特控线上录取)(教育部高校专项计划,只投档符合报考条件的考生)",1_3_0701_5_19
3,普通类本科批,0701,10701,西安电子科技大学,陕西,公办,21,1201,管理科学与工程类(数字化与商务智能融合培养)[信息管理与信息系统(与电子工程双学位培养)、工业工程(与电子工程双学位培养)、大数据管理与应用],,4,04,物理,K,无限制,四年,5500,,1_3_0701_5_21
3,普通类本科批,0701,10701,西安电子科技大学,陕西,公办,22,080703H,通信工程(中外合作办学),,5,04,物理,A,化学,四年,80000,"(较高学费专业,与英国赫瑞-瓦特大学合办)",1_3_0701_5_22
3,普通类本科批,0701,10701,西安电子科技大学,陕西,公办,23,080701H,电子信息工程(中外合作办学),,5,04,物理,A,化学,四年,70000,"(较高学费专业,与法国蔚蓝海岸大学合作办学。学生第一学年结束时需达到法语水平测试A2标准方可升入第二学年,第二学年结束时需达到法语水平测试B1标准方可升入第三学年,最终达到法语水平测试B2标准才能获得西安电子科技大学和法国蔚蓝海岸大学的双本科学位)",1_3_0701_5_23
3,普通类本科批,0701,10701,西安电子科技大学,陕西,公办,24,080910H,数据科学与大数据技术(中外合作办学),,5,04,物理,A,化学,四年,80000,"(较高学费专业,与英国赫瑞-瓦特大学合办)",1_3_0701_5_24
3,普通类本科批,0701,10701,西安电子科技大学,陕西,公办,91,91AA,少数民族预科班,,2,04,物理,A,化学,一年,5500,(培养地点：西安电子科技大学长安校区),1_3_0701_5_91
3,普通类本科批,0701,10701,西安电子科技大学,陕西,公办,AB,0809,计算机类(计算机科学与技术、软件工程),(高校专项计划),1,04,物理,A,化学,四年,6600,"(大类中的“软件工程”专业一、二年级每人每年学费6600元,大三、大四按学分计,每学分不超过400元,总学分不高于80学分)(特控线上录取)(教育部高校专项计划,只投档符合报考条件的考生)",1_3_0701_5_AB
3,普通类本科批,0710,10710,长安大学,陕西,公办,02,080207,车辆工程,,3,04,物理,A,化学,四年,6600,"(按类招,含车辆工程、智能车辆工程、汽车服务工程,上述三个专业分流任选)",1_3_0710_5_02
3,普通类本科批,0710,10710,长安大学,陕西,公办,03,140003,低空技术与工程,,1,04,物理,A,化学,四年,6600,,1_3_0710_5_03
3,普通类本科批,0710,10710,长安大学,陕西,公办,04,00600,工科试验班(智能制造)(智能制造工程),,2,04,物理,A,化学,四年,6600,,1_3_0710_5_04
3,普通类本科批,0710,10710,长安大学,陕西,公办,05,0802,机械类(智能制造)(智能制造工程、机械设计制造及其自动化、机械电子工程),,3,04,物理,A,化学,四年,6600,(本专业类内分流任选),1_3_0710_5_05
3,普通类本科批,0710,10710,长安大学,陕西,公办,07,0808,自动化类(自动化、机器人工程、交通设备与控制工程),,3,04,物理,A,化学,四年,6600,(本专业类内分流任选),1_3_0710_5_07
3,普通类本科批,0710,10710,长安大学,陕西,公办,08,00600,工科试验班(智能系统)(人工智能),,1,04,物理,A,化学,四年,6600,,1_3_0710_5_08
3,普通类本科批,0710,10710,长安大学,陕西,公办,10,080901,计算机科学与技术,,2,04,物理,A,化学,四年,6600,,1_3_0710_5_10
3,普通类本科批,0710,10710,长安大学,陕西,公办,14,00600,工科试验班(茅以升班)(道路桥梁与渡河工程),,1,04,物理,A,化学,四年,6600,,1_3_0710_5_14
3,普通类本科批,0710,10710,长安大学,陕西,公办,15,081006,道路桥梁与渡河工程,,5,04,物理,A,化学,四年,6600,,1_3_0710_5_15
3,普通类本科批,0710,10710,长安大学,陕西,公办,18,081813,交通能源融合工程,,1,04,物理,A,化学,四年,6600,,1_3_0710_5_18
3,普通类本科批,0710,10710,长安大学,陕西,公办,21,0812,测绘类(测绘与空天信息)(测绘工程、遥感科学与技术、地理空间信息工程),,3,04,物理,A,化学,四年,6600,(本专业类内分流任选),1_3_0710_5_21
3,普通类本科批,0710,10710,长安大学,陕西,公办,25,0811,水利类(水文与水资源工程、水利水电工程、地下水科学与工程),(高校专项计划),1,04,物理,A,化学,四年,6600,"(本专业类内分流任选)(特控线上录取)(教育部高校专项计划,只投档符合报考条件的考生)",1_3_0710_5_25
3,普通类本科批,0710,10710,长安大学,陕西,公办,27,082502,环境工程,(高校专项计划),1,04,物理,A,化学,四年,6600,"(特控线上录取)(教育部高校专项计划,只投档符合报考条件的考生)",1_3_0710_5_27
3,普通类本科批,0710,10710,长安大学,陕西,公办,28,00600,工科试验班(材料类)(材料科学与工程、材料成型及控制工程、新能源材料与器件、高分子材料与工程),,1,04,物理,A,化学,四年,6600,,1_3_0710_5_28
3,普通类本科批,0710,10710,长安大学,陕西,公办,29,0804,材料类(材料科学与工程、材料成型及控制工程、新能源材料与器件、高分子材料与工程),,5,04,物理,A,化学,四年,6600,(本专业类内分流任选),1_3_0710_5_29
3,普通类本科批,0710,10710,长安大学,陕西,公办,30,081802,交通工程,,2,04,物理,A,化学,四年,6600,,1_3_0710_5_30
3,普通类本科批,0710,10710,长安大学,陕西,公办,31,081801,交通运输,,3,04,物理,A,化学,四年,6600,,1_3_0710_5_31
3,普通类本科批,0710,10710,长安大学,陕西,公办,32,120108,大数据管理与应用,,3,04,物理,K,无限制,四年,5500,,1_3_0710_5_32
3,普通类本科批,0710,10710,长安大学,陕西,公办,38,080501,能源与动力工程,,3,04,物理,A,化学,四年,6600,,1_3_0710_5_38
3,普通类本科批,0710,10710,长安大学,陕西,公办,39,080601,电气工程及其自动化,,3,04,物理,A,化学,四年,6600,,1_3_0710_5_39
3,普通类本科批,0710,10710,长安大学,陕西,公办,44,080207H,车辆工程(中外合作办学),,2,04,物理,A,化学,四年,75000,"(非英语语种考生谨慎填报,合作院校为爱尔兰都柏林大学)",1_3_0710_5_44
3,普通类本科批,0710,10710,长安大学,陕西,公办,45,081801H,交通运输(中外合作办学),,3,04,物理,A,化学,四年,75000,"(非英语语种考生谨慎填报,合作院校为爱尔兰都柏林大学)",1_3_0710_5_45
3,普通类本科批,0710,10710,长安大学,陕西,公办,48,120103,工程管理(长安学堂计划),,1,04,物理,K,无限制,四年,5500,,1_3_0710_5_48
3,普通类本科批,0710,10710,长安大学,陕西,公办,49,120103,工程管理,,1,04,物理,K,无限制,四年,5500,,1_3_0710_5_49
3,普通类本科批,0710,10710,长安大学,陕西,公办,51,1202,工商管理类(工商管理、会计学),,4,04,物理,K,无限制,四年,5500,(本专业类内分流任选),1_3_0710_5_51
3,普通类本科批,0710,10710,长安大学,陕西,公办,AB,080207,车辆工程(民族班),(民族班),1,04,物理,A,化学,四年,6600,"(只招少数民族考生)(按类招,含车辆工程、智能车辆工程、汽车服务工程,上述三个专业分流任选)",1_3_0710_5_AB
3,普通类本科批,0710,10710,长安大学,陕西,公办,AC,081801,交通运输(民族班),(民族班),1,04,物理,A,化学,四年,6600,(只招少数民族考生),1_3_0710_5_AC
3,普通类本科批,0712,10712,西北农林科技大学,陕西,公办,01,080601,电气工程及其自动化,,2,04,物理,A,化学,四年,6600,,1_3_0712_5_01
3,普通类本科批,0712,10712,西北农林科技大学,陕西,公办,02,080701,电子信息工程,,2,04,物理,A,化学,四年,6600,,1_3_0712_5_02
3,普通类本科批,0712,10712,西北农林科技大学,陕西,公办,03,0809,计算机类(计算机科学与技术、软件工程、数据科学与大数据技术),,6,04,物理,A,化学,四年,6600,,1_3_0712_5_03
3,普通类本科批,0712,10712,西北农林科技大学,陕西,公办,04,080705,光电信息科学与工程,,2,04,物理,A,化学,四年,6600,,1_3_0712_5_04
3,普通类本科批,0712,10712,西北农林科技大学,陕西,公办,05,070102,信息与计算科学,,2,04,物理,A,化学,四年,6600,,1_3_0712_5_05
3,普通类本科批,0712,10712,西北农林科技大学,陕西,公办,07,0802,机械类(机械设计制造及其自动化、机械电子工程、车辆工程),,8,04,物理,A,化学,四年,6600,,1_3_0712_5_07
3,普通类本科批,0712,10712,西北农林科技大学,陕西,公办,09,082307,农业智能装备工程,,2,04,物理,A,化学,四年,6600,,1_3_0712_5_09
3,普通类本科批,0712,10712,西北农林科技大学,陕西,公办,10,090101,农学(农学类)(农学、植物科学与技术、种子科学与工程),,2,04,物理,A,化学,四年,6600,(色弱色盲不能录取),1_3_0712_5_10
3,普通类本科批,0712,10712,西北农林科技大学,陕西,公办,11,090112,智慧农业,,2,04,物理,A,化学,四年,6600,(色弱色盲不能录取),1_3_0712_5_11
3,普通类本科批,0712,10712,西北农林科技大学,陕西,公办,12,090102,园艺(园艺类)(园艺、茶学),,3,04,物理,A,化学,四年,6600,(色弱色盲不能录取),1_3_0712_5_12
3,普通类本科批,0712,10712,西北农林科技大学,陕西,公办,13,090106,设施农业科学与工程,,2,04,物理,A,化学,四年,6600,,1_3_0712_5_13
3,普通类本科批,0712,10712,西北农林科技大学,陕西,公办,15,090205,土地科学与技术,,2,04,物理,A,化学,四年,6600,(色弱色盲不能录取),1_3_0712_5_15
3,普通类本科批,0712,10712,西北农林科技大学,陕西,公办,16,090103,植物保护,,2,04,物理,A,化学,四年,6600,(色弱色盲不能录取),1_3_0712_5_16
3,普通类本科批,0712,10712,西北农林科技大学,陕西,公办,17,081302,制药工程,,2,04,物理,A,化学,四年,6600,(色弱色盲不能录取),1_3_0712_5_17
3,普通类本科批,0712,10712,西北农林科技大学,陕西,公办,18,070303,化学生物学,,2,04,物理,A,化学,四年,6600,(色弱色盲不能录取),1_3_0712_5_18
3,普通类本科批,0712,10712,西北农林科技大学,陕西,公办,20,090301,动物科学,,3,04,物理,A,化学,四年,6600,(色弱色盲不能录取),1_3_0712_5_20
3,普通类本科批,0712,10712,西北农林科技大学,陕西,公办,23,090701,草业科学,,2,04,物理,A,化学,四年,6600,,1_3_0712_5_23
3,普通类本科批,0712,10712,西北农林科技大学,陕西,公办,24,090401,动物医学,,2,04,物理,A,化学,五年,6600,(色弱色盲不能录取),1_3_0712_5_24
3,普通类本科批,0712,10712,西北农林科技大学,陕西,公办,26,0905,林学类(林学、森林保护),,2,04,物理,A,化学,四年,6600,(色弱色盲不能录取),1_3_0712_5_26
3,普通类本科批,0712,10712,西北农林科技大学,陕西,公办,27,0824,林业工程类(林产化工、木材科学与工程),,3,04,物理,A,化学,四年,6600,,1_3_0712_5_27
3,普通类本科批,0712,10712,西北农林科技大学,陕西,公办,28,090505,智慧林业,,2,04,物理,A,化学,四年,6600,(色弱色盲不能录取),1_3_0712_5_28
3,普通类本科批,0712,10712,西北农林科技大学,陕西,公办,29,0825,环境科学与工程类(环境工程、环境科学),,3,04,物理,A,化学,四年,6600,,1_3_0712_5_29
3,普通类本科批,0712,10712,西北农林科技大学,陕西,公办,30,090203,水土保持与荒漠化防治,,2,04,物理,A,化学,四年,6600,,1_3_0712_5_30
3,普通类本科批,0712,10712,西北农林科技大学,陕西,公办,31,090208,生态修复学,,2,04,物理,A,化学,四年,6600,,1_3_0712_5_31
3,普通类本科批,0712,10712,西北农林科技大学,陕西,公办,32,0811,水利类(水利水电工程、水文与水资源工程、农业水利工程、能源与动力工程),,4,04,物理,A,化学,四年,6600,,1_3_0712_5_32
3,普通类本科批,0712,10712,西北农林科技大学,陕西,公办,33,081106,智慧水利,,4,04,物理,A,化学,四年,6600,,1_3_0712_5_33
3,普通类本科批,0712,10712,西北农林科技大学,陕西,公办,34,081008,智能建造,,2,04,物理,A,化学,四年,6600,,1_3_0712_5_34
3,普通类本科批,0712,10712,西北农林科技大学,陕西,公办,35,082702,食品质量与安全,,3,04,物理,A,化学,四年,6600,(色弱色盲不能录取),1_3_0712_5_35
3,普通类本科批,0712,10712,西北农林科技大学,陕西,公办,36,082701,食品科学与工程,,4,04,物理,A,化学,四年,6600,(色弱色盲不能录取),1_3_0712_5_36
3,普通类本科批,0712,10712,西北农林科技大学,陕西,公办,38,082706,葡萄与葡萄酒工程,,3,04,物理,A,化学,四年,6600,(色弱色盲不能录取),1_3_0712_5_38
3,普通类本科批,0712,10712,西北农林科技大学,陕西,公办,39,082706,葡萄与葡萄酒工程(卓越工程师班),,2,04,物理,A,化学,四年,6600,"(色弱色盲不能录取,培养模式详见招生章程)",1_3_0712_5_39
3,普通类本科批,0712,10712,西北农林科技大学,陕西,公办,41,090102,园艺(后稷实验班),,2,04,物理,A,化学,四年,6600,"(色弱色盲不能录取,培养模式详见招生章程)",1_3_0712_5_41
3,普通类本科批,0712,10712,西北农林科技大学,陕西,公办,42,090401,动物医学(后稷实验班),,2,04,物理,A,化学,五年,6600,"(色弱色盲不能录取,培养模式详见招生章程)",1_3_0712_5_42
3,普通类本科批,0712,10712,西北农林科技大学,陕西,公办,45,080717,人工智能(卓越班),,2,04,物理,A,化学,四年,6600,"(多元化创新人才培养模式,详见招生章程)",1_3_0712_5_45
3,普通类本科批,0712,10712,西北农林科技大学,陕西,公办,46,080803,机器人工程(卓越班),,2,04,物理,A,化学,四年,6600,"(多元化创新人才培养模式,详见招生章程)",1_3_0712_5_46
3,普通类本科批,0712,10712,西北农林科技大学,陕西,公办,48,0710,生物科学类(生物科学、生物技术、生物工程),,4,04,物理,E,地理,四年,6600,(色弱色盲不能录取),1_3_0712_5_48
3,普通类本科批,0712,10712,西北农林科技大学,陕西,公办,49,071003,生物信息学,,2,04,物理,E,地理,四年,6600,(色弱色盲不能录取),1_3_0712_5_49
3,普通类本科批,0712,10712,西北农林科技大学,陕西,公办,50,090502,园林,,2,04,物理,B,生物,四年,6600,(色弱色盲不能录取),1_3_0712_5_50
3,普通类本科批,0712,10712,西北农林科技大学,陕西,公办,51,082803,风景园林,(高校专项计划),2,04,物理,K,无限制,四年,6600,"(特控线上录取)(教育部高校专项计划,只投档符合报考条件的考生)",1_3_0712_5_51
3,普通类本科批,0712,10712,西北农林科技大学,陕西,公办,52,082802,城乡规划,,2,04,物理,K,无限制,四年,6600,,1_3_0712_5_52
3,普通类本科批,0712,10712,西北农林科技大学,陕西,公办,53,070504,地理信息科学,,2,04,物理,D,D,四年,6600,(色盲不能录取),1_3_0712_5_53
3,普通类本科批,0712,10712,西北农林科技大学,陕西,公办,55,020109,数字经济(低空经济),,2,04,物理,K,无限制,四年,5500,,1_3_0712_5_55
3,普通类本科批,0712,10712,西北农林科技大学,陕西,公办,58,120203,会计学(智能会计),,2,04,物理,K,无限制,四年,5500,,1_3_0712_5_58
3,普通类本科批,0712,10712,西北农林科技大学,陕西,公办,59,120201,工商管理(数智运营),,2,04,物理,K,无限制,四年,5500,,1_3_0712_5_59
3,普通类本科批,0712,10712,西北农林科技大学,陕西,公办,61,020101,经济学,,2,04,物理,K,无限制,四年,5500,,1_3_0712_5_61
3,普通类本科批,0712,10712,西北农林科技大学,陕西,公办,62,020301,金融学,,2,04,物理,K,无限制,四年,5500,,1_3_0712_5_62
3,普通类本科批,0712,10712,西北农林科技大学,陕西,公办,69,090103H,植物保护(中外合作办学),,2,04,物理,A,化学,四年,70000,(色弱色盲不能录取),1_3_0712_5_69
3,普通类本科批,0712,10712,西北农林科技大学,陕西,公办,70,090102H,园艺(中外合作办学),,3,04,物理,A,化学,四年,70000,(色弱色盲不能录取),1_3_0712_5_70
3,普通类本科批,0712,10712,西北农林科技大学,陕西,公办,71,120301H,农林经济管理(中外合作办学),,2,04,物理,K,无限制,四年,70000,,1_3_0712_5_71
3,普通类本科批,0730,10730,兰州大学,甘肃,公办,33,020101,经济学(数智经济创新班),,3,04,物理,K,无限制,四年,5500,(不招单色识别不全考生),1_3_0730_5_33
3,普通类本科批,0730,10730,兰州大学,甘肃,公办,34,1202,工商管理类(会计学、人力资源管理、行政管理、信息管理与信息系统),,4,04,物理,K,无限制,四年,5500,(不招单色识别不全考生),1_3_0730_5_34
3,普通类本科批,0730,10730,兰州大学,甘肃,公办,43,070201,物理学(萃英班),,1,04,物理,A,化学,四年,5800,"(一年级末如出现相关情形,则退出萃英班,转入普通班学习。具体退出情形详见兰州大学本科招生网)",1_3_0730_5_43
3,普通类本科批,0730,10730,兰州大学,甘肃,公办,45,071001,生物科学(萃英班),,1,04,物理,A,化学,四年,5800,"(一年级末如出现相关情形,则退出萃英班,转入普通班学习。不招色盲色弱、单色识别不全考生。具体退出情形详见兰州大学本科招生网)",1_3_0730_5_45
3,普通类本科批,0730,10730,兰州大学,甘肃,公办,47,070201,物理学(基地班),,2,04,物理,A,化学,四年,5800,,1_3_0730_5_47
3,普通类本科批,0730,10730,兰州大学,甘肃,公办,48,070202,应用物理学(原子核物理方向基地班),,3,04,物理,A,化学,四年,5800,(不招色盲、单色识别不全考生),1_3_0730_5_48
3,普通类本科批,0730,10730,兰州大学,甘肃,公办,49,080901,计算机科学与技术(基地班),,2,04,物理,A,化学,四年,5800,(不招单色识别不全考生),1_3_0730_5_49
3,普通类本科批,0730,10730,兰州大学,甘肃,公办,52,080101,理论与应用力学(基地班),,3,04,物理,A,化学,四年,5800,,1_3_0730_5_52
3,普通类本科批,0730,10730,兰州大学,甘肃,公办,53,070301,化学(基地班),,3,04,物理,A,化学,四年,5800,(不招色盲色弱、单色识别不全考生),1_3_0730_5_53
3,普通类本科批,0730,10730,兰州大学,甘肃,公办,54,070302,应用化学(放射化学方向基地班),,2,04,物理,A,化学,四年,5800,(不招色盲色弱、单色识别不全考生),1_3_0730_5_54
3,普通类本科批,0730,10730,兰州大学,甘肃,公办,55,071001,生物科学(基地班),,2,04,物理,A,化学,四年,5800,(不招色盲色弱、单色识别不全考生),1_3_0730_5_55
3,普通类本科批,0730,10730,兰州大学,甘肃,公办,58,080901,计算机科学与技术,,2,04,物理,A,化学,四年,5800,(不招单色识别不全考生),1_3_0730_5_58
3,普通类本科批,0730,10730,兰州大学,甘肃,公办,60,080901,计算机科学与技术(密码技术创新班),,2,04,物理,A,化学,四年,5800,(不招单色识别不全考生),1_3_0730_5_60
3,普通类本科批,0730,10730,兰州大学,甘肃,公办,61,080714,电子信息科学与技术,,2,04,物理,A,化学,四年,5800,,1_3_0730_5_61
3,普通类本科批,0730,10730,兰州大学,甘肃,公办,63,080717,人工智能,,2,04,物理,A,化学,四年,5800,,1_3_0730_5_63
3,普通类本科批,0730,10730,兰州大学,甘肃,公办,65,080910,数据科学与大数据技术,,2,04,物理,A,化学,四年,5800,,1_3_0730_5_65
3,普通类本科批,0730,10730,兰州大学,甘肃,公办,70,080704,微电子科学与工程,,3,04,物理,A,化学,四年,5800,,1_3_0730_5_70
3,普通类本科批,0730,10730,兰州大学,甘肃,公办,72,080414,新能源材料与器件,,3,04,物理,A,化学,四年,5800,(不招色盲色弱、单色识别不全考生),1_3_0730_5_72
3,普通类本科批,0730,10730,兰州大学,甘肃,公办,75,070601,大气科学,,4,04,物理,A,化学,四年,5800,,1_3_0730_5_75
3,普通类本科批,0730,10730,兰州大学,甘肃,公办,76,082201,核工程与核技术,,2,04,物理,A,化学,四年,5800,(不招色盲、单色识别不全考生),1_3_0730_5_76
3,普通类本科批,0730,10730,兰州大学,甘肃,公办,80,082202,辐射防护与核安全(核医学物理与技术创新班),,2,04,物理,A,化学,四年,5800,(不招色盲、单色识别不全考生),1_3_0730_5_80
3,普通类本科批,0730,10730,兰州大学,甘肃,公办,81,080402,材料物理,,2,04,物理,A,化学,四年,5800,(不招色盲、单色识别不全考生),1_3_0730_5_81
3,普通类本科批,0730,10730,兰州大学,甘肃,公办,82,080403,材料化学,,2,04,物理,A,化学,四年,5800,(不招色盲色弱、单色识别不全考生),1_3_0730_5_82
3,普通类本科批,0730,10730,兰州大学,甘肃,公办,88,081301,化学工程与工艺(智慧化工创新班),,4,04,物理,A,化学,四年,5800,(不招色盲色弱、单色识别不全考生),1_3_0730_5_88
3,普通类本科批,0730,10730,兰州大学,甘肃,公办,93,0705,地理科学类(含基地班)(自然地理与资源环境、人文地理与城乡规划、地理信息科学),,3,04,物理,A,化学,四年,5800,(进入基地班须选拔),1_3_0730_5_93
3,普通类本科批,0730,10730,兰州大学,甘肃,公办,96,070602,应用气象学(智慧气象创新班),,2,04,物理,A,化学,四年,5800,(不招色盲、单色识别不全考生),1_3_0730_5_96
3,普通类本科批,0730,10730,兰州大学,甘肃,公办,C3,100201,临床医学,,8,04,物理,A,化学,五年,6200,(不招色盲色弱、单色识别不全考生),1_3_0730_5_C3
3,普通类本科批,0730,10730,兰州大学,甘肃,公办,C6,100301,口腔医学,,4,04,物理,A,化学,五年,6200,(不招色盲色弱、单色识别不全考生),1_3_0730_5_C6
3,普通类本科批,0730,10730,兰州大学,甘肃,公办,C7,100401,预防医学,(高校专项计划),1,04,物理,A,化学,五年,6200,"(不招色盲色弱、单色识别不全考生)(特控线上录取)(教育部高校专项计划,只投档符合报考条件的考生)",1_3_0730_5_C7
3,普通类本科批,0743,10743,青海大学,青海,公办,02,020109,数字经济,,1,04,物理,K,无限制,四年,4720,,1_3_0743_5_02
3,普通类本科批,0743,10743,青海大学,青海,公办,04,070302,应用化学,,1,04,物理,A,化学,四年,5460,,1_3_0743_5_04
3,普通类本科批,0743,10743,青海大学,青海,公办,11,080202,机械设计制造及其自动化,,1,04,物理,A,化学,四年,5460,,1_3_0743_5_11
3,普通类本科批,0743,10743,青海大学,青海,公办,13,080203,材料成型及控制工程,,1,04,物理,A,化学,四年,5460,,1_3_0743_5_13
3,普通类本科批,0743,10743,青海大学,青海,公办,14,080206,过程装备与控制工程,,1,04,物理,A,化学,四年,5460,,1_3_0743_5_14
3,普通类本科批,0743,10743,青海大学,青海,公办,19,080504,储能科学与工程,,1,04,物理,A,化学,四年,5460,,1_3_0743_5_19
3,普通类本科批,0743,10743,青海大学,青海,公办,20,080601,电气工程及其自动化,,1,04,物理,A,化学,四年,5460,,1_3_0743_5_20
3,普通类本科批,0743,10743,青海大学,青海,公办,23,080901,计算机科学与技术,,1,04,物理,A,化学,四年,5460,,1_3_0743_5_23
3,普通类本科批,0743,10743,青海大学,青海,公办,30,081301,化学工程与工艺,,1,04,物理,A,化学,四年,5460,,1_3_0743_5_30
3,普通类本科批,0743,10743,青海大学,青海,公办,34,081403,资源勘查工程,,1,04,物理,A,化学,四年,5460,,1_3_0743_5_34
3,普通类本科批,0743,10743,青海大学,青海,公办,36,082502,环境工程(对口支援高校联合培养班),,1,04,物理,A,化学,四年,5460,"(与华东理工大学、北京化工大学施行联合培养,第一、四学年在青海大学学习,第二、三学年在对口支援高校学习)",1_3_0743_5_36
3,普通类本科批,0743,10743,青海大学,青海,公办,39,082701,食品科学与工程,,1,04,物理,A,化学,四年,5460,,1_3_0743_5_39
3,普通类本科批,0743,10743,青海大学,青海,公办,41,090101,农学,,1,04,物理,A,化学,四年,5250,,1_3_0743_5_41
3,普通类本科批,0743,10743,青海大学,青海,公办,45,090401,动物医学,,1,04,物理,A,化学,五年,5250,,1_3_0743_5_45
3,普通类本科批,0743,10743,青海大学,青海,公办,50,100201,临床医学,,1,04,物理,E,地理,五年,5770,,1_3_0743_5_50
3,普通类本科批,0743,10743,青海大学,青海,公办,53,100401,预防医学,,1,04,物理,E,地理,五年,5770,,1_3_0743_5_53
3,普通类本科批,0743,10743,青海大学,青海,公办,65,120203,会计学,,1,04,物理,K,无限制,四年,4720,,1_3_0743_5_65
3,普通类本科批,0749,10749,宁夏大学,宁夏,公办,59,082501,环境科学与工程,,3,04,物理,A,化学,四年,4800,(在银川校区就读),1_3_0749_5_59
3,普通类本科批,0749,10749,宁夏大学,宁夏,公办,66,070301,化学,,4,04,物理,A,化学,四年,4800,"(无色盲、色弱,在银川校区就读)",1_3_0749_5_66
3,普通类本科批,0749,10749,宁夏大学,宁夏,公办,88,080901,计算机科学与技术,,5,04,物理,A,化学,四年,4800,(在中卫校区就读),1_3_0749_5_88
3,普通类本科批,0749,10749,宁夏大学,宁夏,公办,8B,080401,材料科学与工程,,4,04,物理,A,化学,四年,4800,(在中卫校区就读),1_3_0749_5_8B
3,普通类本科批,0755,10755,新疆大学,新疆,公办,1P,020101,经济学,,2,04,物理,K,无限制,四年,4600,,1_3_0755_5_1P
3,普通类本科批,0755,10755,新疆大学,新疆,公办,29,030101,法学,,2,04,物理,K,无限制,四年,4600,"(涉外法治人才方向,外语单科成绩≥110分)",1_3_0755_5_29
3,普通类本科批,0755,10755,新疆大学,新疆,公办,3S,050201,英语,,2,04,物理,K,无限制,四年,4900,"(英语单科成绩≥110分,外语语种必须为英语)",1_3_0755_5_3S
3,普通类本科批,0755,10755,新疆大学,新疆,公办,49,070101,数学与应用数学,,2,04,物理,A,化学,四年,5175,(数学单科成绩≥90分；择优选拔进入理科基地班),1_3_0755_5_49
3,普通类本科批,0755,10755,新疆大学,新疆,公办,4D,070102,信息与计算科学,,2,04,物理,A,化学,四年,4500,(数学单科成绩≥90分),1_3_0755_5_4D
3,普通类本科批,0755,10755,新疆大学,新疆,公办,4K,080401,材料科学与工程,,3,04,物理,A,化学,四年,4500,,1_3_0755_5_4K
3,普通类本科批,0755,10755,新疆大学,新疆,公办,4P,080203,材料成型及控制工程,,3,04,物理,A,化学,四年,4500,,1_3_0755_5_4P
3,普通类本科批,0755,10755,新疆大学,新疆,公办,54,083001,生物工程,,2,04,物理,A,化学,四年,5175,,1_3_0755_5_54
3,普通类本科批,0755,10755,新疆大学,新疆,公办,56,071001,生物科学,,2,04,物理,A,化学,四年,5175,,1_3_0755_5_56
3,普通类本科批,0755,10755,新疆大学,新疆,公办,5F,081302,制药工程,,3,04,物理,A,化学,四年,4500,,1_3_0755_5_5F
3,普通类本科批,0755,10755,新疆大学,新疆,公办,5H,082502,环境工程,,3,04,物理,A,化学,四年,4500,,1_3_0755_5_5H
3,普通类本科批,0755,10755,新疆大学,新疆,公办,5K,082503,环境科学,,3,04,物理,A,化学,四年,4500,,1_3_0755_5_5K
3,普通类本科批,0755,10755,新疆大学,新疆,公办,6B,080703,通信工程,,2,04,物理,A,化学,四年,5175,,1_3_0755_5_6B
3,普通类本科批,0755,10755,新疆大学,新疆,公办,6S,080201,机械工程,,3,04,物理,A,化学,四年,5175,,1_3_0755_5_6S
3,普通类本科批,0755,10755,新疆大学,新疆,公办,7D,080501,能源与动力工程,,2,04,物理,A,化学,四年,5175,,1_3_0755_5_7D
3,普通类本科批,0755,10755,新疆大学,新疆,公办,7R,081003,给排水科学与工程,,5,04,物理,A,化学,四年,4500,(喀什校区),1_3_0755_5_7R
3,普通类本科批,0755,10755,新疆大学,新疆,公办,7T,120103,工程管理,,2,04,物理,K,无限制,四年,4000,,1_3_0755_5_7T
3,普通类本科批,0755,10755,新疆大学,新疆,公办,8D,081401,地质工程,,3,04,物理,A,化学,四年,4500,,1_3_0755_5_8D
3,普通类本科批,0755,10755,新疆大学,新疆,公办,8F,081403,资源勘查工程,,3,04,物理,A,化学,四年,4500,,1_3_0755_5_8F
3,普通类本科批,0755,10755,新疆大学,新疆,公办,8K,080902,软件工程,,10,04,物理,A,化学,四年,9000,"(数学单科成绩≥90分,含1个俄语言特色班)",1_3_0755_5_8K
3,普通类本科批,0755,10755,新疆大学,新疆,公办,8M,080801,自动化,,4,04,物理,A,化学,四年,5175,,1_3_0755_5_8M
3,普通类本科批,0755,10755,新疆大学,新疆,公办,8U,020101,经济学,,3,04,物理,K,无限制,四年,4600,(数字经济方向),1_3_0755_5_8U
3,普通类本科批,0755,10755,新疆大学,新疆,公办,8W,080213,智能制造工程,,5,04,物理,A,化学,四年,4500,(喀什校区),1_3_0755_5_8W
3,普通类本科批,0755,10755,新疆大学,新疆,公办,90,080405,金属材料工程,,5,04,物理,A,化学,四年,4500,(喀什校区),1_3_0755_5_90
3,普通类本科批,0755,10755,新疆大学,新疆,公办,9C,080414,新能源材料与器件,,2,04,物理,A,化学,四年,4500,,1_3_0755_5_9C
3,普通类本科批,0759,10759,石河子大学,新疆,公办,06,080401,材料科学与工程,,4,04,物理,A,化学,四年,4500,,1_3_0759_5_06
3,普通类本科批,0759,10759,石河子大学,新疆,公办,08,081301,化学工程与工艺,,2,04,物理,A,化学,四年,4500,,1_3_0759_5_08
3,普通类本科批,0759,10759,石河子大学,新疆,公办,0A,070302,应用化学,,4,04,物理,A,化学,四年,4500,,1_3_0759_5_0A
3,普通类本科批,0759,10759,石河子大学,新疆,公办,0C,080202,机械设计制造及其自动化,,4,04,物理,A,化学,四年,4500,,1_3_0759_5_0C
3,普通类本科批,0759,10759,石河子大学,新疆,公办,0E,082302,农业机械化及其自动化,,2,04,物理,A,化学,四年,4500,,1_3_0759_5_0E
3,普通类本科批,0759,10759,石河子大学,新疆,公办,0M,081106,智慧水利,,6,04,物理,E,地理,四年,4500,,1_3_0759_5_0M
3,普通类本科批,0759,10759,石河子大学,新疆,公办,0P,0901,植物生产类(农学、园艺、植物保护、种子科学与工程、设施农业科学与工程),,4,04,物理,A,化学,四年,4500,,1_3_0759_5_0P
3,普通类本科批,0759,10759,石河子大学,新疆,公办,0T,100201,临床医学,,6,04,物理,A,化学,五年,5200,,1_3_0759_5_0T
3,普通类本科批,0759,10759,石河子大学,新疆,公办,0V,081003,给排水科学与工程,,2,04,物理,A,化学,四年,4500,,1_3_0759_5_0V
3,普通类本科批,0759,10759,石河子大学,新疆,公办,0X,0827,食品科学与工程类(食品科学与工程、食品质量与安全),,6,04,物理,A,化学,四年,4500,,1_3_0759_5_0X
3,普通类本科批,0759,10759,石河子大学,新疆,公办,12,080902,软件工程(NIIT班),,6,04,物理,A,化学,四年,12000,,1_3_0759_5_12
3,普通类本科批,0759,10759,石河子大学,新疆,公办,16,090502,园林,,4,04,物理,B,生物,四年,4500,,1_3_0759_5_16
3,普通类本科批,0759,10759,石河子大学,新疆,公办,17,090112,智慧农业(拔尖创新班),,4,04,物理,E,地理,四年,4500,,1_3_0759_5_17
3,普通类本科批,0759,10759,石河子大学,新疆,公办,18,090401,动物医学,,4,04,物理,A,化学,五年,4500,,1_3_0759_5_18
3,普通类本科批,0759,10759,石河子大学,新疆,公办,19,090301,动物科学,,4,04,物理,A,化学,四年,4500,,1_3_0759_5_19
3,普通类本科批,0759,10759,石河子大学,新疆,公办,1D,100401,预防医学,,4,04,物理,A,化学,五年,5200,,1_3_0759_5_1D
3,普通类本科批,0759,10759,石河子大学,新疆,公办,1E,101101,护理学,,2,04,物理,A,化学,四年,5200,,1_3_0759_5_1E
3,普通类本科批,0759,10759,石河子大学,新疆,公办,1M,100701,药学,,2,04,物理,A,化学,四年,5200,,1_3_0759_5_1M
3,普通类本科批,0759,10759,石河子大学,新疆,公办,1N,100801,中药学,,2,04,物理,A,化学,四年,5200,,1_3_0759_5_1N
3,普通类本科批,0759,10759,石河子大学,新疆,公办,1R,0710,生物科学类[生物科学(理学)、生物科学(菁英班)、生物技术、生物科学(师范类)],,4,04,物理,A,化学,四年,4500,,1_3_0759_5_1R
3,普通类本科批,0759,10759,石河子大学,新疆,公办,1U,070201,物理学(师范),(师范类),2,04,物理,A,化学,四年,4500,,1_3_0759_5_1U
3,普通类本科批,0759,10759,石河子大学,新疆,公办,1V,070202,应用物理学,,2,04,物理,A,化学,四年,4500,,1_3_0759_5_1V
3,普通类本科批,0759,10759,石河子大学,新疆,公办,1W,070101,数学与应用数学(师范),(师范类),2,04,物理,A,化学,四年,4500,,1_3_0759_5_1W
3,普通类本科批,0759,10759,石河子大学,新疆,公办,1Z,070503,人文地理与城乡规划,,2,04,物理,D,D,四年,4500,,1_3_0759_5_1Z
3,普通类本科批,0759,10759,石河子大学,新疆,公办,22,120203,会计学,,2,04,物理,K,无限制,四年,4000,,1_3_0759_5_22
3,普通类本科批,0759,10759,石河子大学,新疆,公办,24,120207,审计学,,2,04,物理,K,无限制,四年,4000,,1_3_0759_5_24
3,普通类本科批,0759,10759,石河子大学,新疆,公办,25,0201,经济学类(金融学、经济学、国际经济与贸易),,6,04,物理,K,无限制,四年,4000,,1_3_0759_5_25
3,普通类本科批,0759,10759,石河子大学,新疆,公办,33,080503,新能源科学与工程,,2,04,物理,A,化学,四年,4500,,1_3_0759_5_33
3,普通类本科批,0759,10759,石河子大学,新疆,公办,39,0809,计算机类(计算机科学与技术、数据科学与大数据技术、网络空间安全),,6,04,物理,A,化学,四年,4500,,1_3_0759_5_39
3,普通类本科批,0759,10759,石河子大学,新疆,公办,3D,090112,智慧农业,,2,04,物理,E,地理,四年,4500,,1_3_0759_5_3D
3,普通类本科批,1413,11413,中国矿业大学(北京),北京,公办,11,081501,采矿工程,,5,04,物理,A,化学,四年,5500,,1_3_1413_5_11
3,普通类本科批,1413,11413,中国矿业大学(北京),北京,公办,13,080503,新能源科学与工程,,3,04,物理,A,化学,四年,5500,,1_3_1413_5_13
3,普通类本科批,1413,11413,中国矿业大学(北京),北京,公办,14,081507,智能采矿工程,,5,04,物理,A,化学,四年,5500,,1_3_1413_5_14
3,普通类本科批,1413,11413,中国矿业大学(北京),北京,公办,21,0829,安全科学与工程类(安全工程、消防工程、应急技术与管理),,8,04,物理,A,化学,四年,5500,,1_3_1413_5_21
3,普通类本科批,1413,11413,中国矿业大学(北京),北京,公办,31,0814,地质类(地质工程、资源勘查工程),,5,04,物理,A,化学,四年,5500,,1_3_1413_5_31
3,普通类本科批,1413,11413,中国矿业大学(北京),北京,公办,32,081201,测绘工程,,3,04,物理,A,化学,四年,5500,,1_3_1413_5_32
3,普通类本科批,1413,11413,中国矿业大学(北京),北京,公办,33,081202,遥感科学与技术,,3,04,物理,A,化学,四年,5500,,1_3_1413_5_33
3,普通类本科批,1413,11413,中国矿业大学(北京),北京,公办,34,070801,地球物理学,,2,04,物理,A,化学,四年,5500,,1_3_1413_5_34
3,普通类本科批,1413,11413,中国矿业大学(北京),北京,公办,41,081503,矿物加工工程,,3,04,物理,A,化学,四年,5500,(专业录取的身体限制条件详见学校本科招生章程),1_3_1413_5_41
3,普通类本科批,1413,11413,中国矿业大学(北京),北京,公办,42,082502,环境工程,,4,04,物理,A,化学,四年,5500,(专业录取的身体限制条件详见学校本科招生章程),1_3_1413_5_42
3,普通类本科批,1413,11413,中国矿业大学(北京),北京,公办,43,081301,化学工程与工艺,,4,04,物理,A,化学,四年,5500,(专业录取的身体限制条件详见学校本科招生章程),1_3_1413_5_43
3,普通类本科批,1413,11413,中国矿业大学(北京),北京,公办,44,081508,碳储科学与工程,,2,04,物理,A,化学,四年,5500,,1_3_1413_5_44
3,普通类本科批,1413,11413,中国矿业大学(北京),北京,公办,51,080601,电气工程及其自动化,,3,04,物理,A,化学,四年,5500,,1_3_1413_5_51
3,普通类本科批,1413,11413,中国矿业大学(北京),北京,公办,52,080201,机械工程,,2,04,物理,A,化学,四年,5500,,1_3_1413_5_52
3,普通类本科批,1413,11413,中国矿业大学(北京),北京,公办,53,080803,机器人工程,,2,04,物理,A,化学,四年,5500,,1_3_1413_5_53
3,普通类本科批,1413,11413,中国矿业大学(北京),北京,公办,54,080213,智能制造工程,,2,04,物理,A,化学,四年,5500,,1_3_1413_5_54
3,普通类本科批,1413,11413,中国矿业大学(北京),北京,公办,58,080901,计算机科学与技术,,2,04,物理,A,化学,四年,5500,(专业录取的身体限制条件详见学校本科招生章程),1_3_1413_5_58
3,普通类本科批,1413,11413,中国矿业大学(北京),北京,公办,59,080717,人工智能,,3,04,物理,A,化学,四年,5500,,1_3_1413_5_59
3,普通类本科批,1413,11413,中国矿业大学(北京),北京,公办,62,120203,会计学,,3,04,物理,K,无限制,四年,5000,(专业录取的身体限制条件详见学校本科招生章程),1_3_1413_5_62
3,普通类本科批,1413,11413,中国矿业大学(北京),北京,公办,63,120108,大数据管理与应用,,4,04,物理,K,无限制,四年,5000,,1_3_1413_5_63
3,普通类本科批,1413,11413,中国矿业大学(北京),北京,公办,71,080102,工程力学,,3,04,物理,A,化学,四年,5500,,1_3_1413_5_71
3,普通类本科批,1413,11413,中国矿业大学(北京),北京,公办,72,082801,建筑学,,3,04,物理,K,无限制,五年,5500,,1_3_1413_5_72
3,普通类本科批,1413,11413,中国矿业大学(北京),北京,公办,74,081005,城市地下空间工程,,3,04,物理,A,化学,四年,5500,,1_3_1413_5_74
3,普通类本科批,1413,11413,中国矿业大学(北京),北京,公办,75,081008,智能建造,,2,04,物理,A,化学,四年,5500,,1_3_1413_5_75
3,普通类本科批,1413,11413,中国矿业大学(北京),北京,公办,81,0701,数学类(数学与应用数学、信息与计算科学),,4,04,物理,A,化学,四年,5500,,1_3_1413_5_81
3,普通类本科批,1413,11413,中国矿业大学(北京),北京,公办,AB,081301,化学工程与工艺,(高校专项计划),1,04,物理,A,化学,四年,5500,"(专业录取的身体限制条件详见学校本科招生章程)(特控线上录取)(教育部高校专项计划,只投档符合报考条件的考生)",1_3_1413_5_AB
3,普通类本科批,1414,11414,中国石油大学(北京),北京,公办,01,081403,资源勘查工程,,6,04,物理,A,化学,四年,5500,,1_3_1414_5_01
3,普通类本科批,1414,11414,中国石油大学(北京),北京,公办,03,081502,石油工程,,5,04,物理,A,化学,四年,5500,,1_3_1414_5_03
3,普通类本科批,1414,11414,中国石油大学(北京),北京,公办,05,081301,化学工程与工艺,,4,04,物理,A,化学,四年,5500,,1_3_1414_5_05
3,普通类本科批,1414,11414,中国石油大学(北京),北京,公办,06,081304,能源化学工程,,3,04,物理,A,化学,四年,5500,,1_3_1414_5_06
3,普通类本科批,1414,11414,中国石油大学(北京),北京,公办,07,082502,环境工程,,3,04,物理,A,化学,四年,5200,,1_3_1414_5_07
3,普通类本科批,1414,11414,中国石油大学(北京),北京,公办,08,0802,机械类(机器人工程、机械设计制造及其自动化),,5,04,物理,A,化学,四年,5200,,1_3_1414_5_08
3,普通类本科批,1414,11414,中国石油大学(北京),北京,公办,09,081504,油气储运工程,,4,04,物理,A,化学,四年,5500,,1_3_1414_5_09
3,普通类本科批,1414,11414,中国石油大学(北京),北京,公办,10,080501,能源与动力工程,,4,04,物理,A,化学,四年,5200,,1_3_1414_5_10
3,普通类本科批,1414,11414,中国石油大学(北京),北京,公办,11,080206,过程装备与控制工程,,3,04,物理,A,化学,四年,5200,,1_3_1414_5_11
3,普通类本科批,1414,11414,中国石油大学(北京),北京,公办,12,081402,勘查技术与工程,,4,04,物理,A,化学,四年,5500,,1_3_1414_5_12
3,普通类本科批,1414,11414,中国石油大学(北京),北京,公办,13,082901,安全工程,,2,04,物理,A,化学,四年,5200,,1_3_1414_5_13
3,普通类本科批,1414,11414,中国石油大学(北京),北京,公办,14,081506,海洋油气工程,,4,04,物理,A,化学,四年,5500,,1_3_1414_5_14
3,普通类本科批,1414,11414,中国石油大学(北京),北京,公办,15,080401,材料科学与工程,,2,04,物理,A,化学,四年,5200,,1_3_1414_5_15
3,普通类本科批,1414,11414,中国石油大学(北京),北京,公办,16,080504,储能科学与工程,,3,04,物理,A,化学,四年,5500,,1_3_1414_5_16
3,普通类本科批,1414,11414,中国石油大学(北京),北京,公办,17,080503,新能源科学与工程,,2,04,物理,A,化学,四年,5500,,1_3_1414_5_17
3,普通类本科批,1414,11414,中国石油大学(北京),北京,公办,18,080801,自动化,,3,04,物理,A,化学,四年,5200,,1_3_1414_5_18
3,普通类本科批,1414,11414,中国石油大学(北京),北京,公办,19,080717,人工智能,,2,04,物理,A,化学,四年,5500,,1_3_1414_5_19
3,普通类本科批,1414,11414,中国石油大学(北京),北京,公办,20,080701,电子信息工程,,3,04,物理,A,化学,四年,5200,,1_3_1414_5_20
3,普通类本科批,1414,11414,中国石油大学(北京),北京,公办,21,080901,计算机科学与技术,,3,04,物理,A,化学,四年,5200,,1_3_1414_5_21
3,普通类本科批,1414,11414,中国石油大学(北京),北京,公办,22,070302,应用化学,,3,04,物理,A,化学,四年,5200,,1_3_1414_5_22
3,普通类本科批,1414,11414,中国石油大学(北京),北京,公办,23,070101,数学与应用数学,,3,04,物理,A,化学,四年,5200,,1_3_1414_5_23
3,普通类本科批,1414,11414,中国石油大学(北京),北京,公办,24,081508,碳储科学与工程,,2,04,物理,A,化学,四年,5500,,1_3_1414_5_24
3,普通类本科批,1414,11414,中国石油大学(北京),北京,公办,25,081502,石油工程(未来能源创新班),,2,04,物理,A,化学,四年,5500,,1_3_1414_5_25
3,普通类本科批,1414,11414,中国石油大学(北京),北京,公办,26,0201,经济学类(能源经济、金融学),,4,04,物理,K,无限制,四年,5000,,1_3_1414_5_26
3,普通类本科批,1414,11414,中国石油大学(北京),北京,公办,28,1202,工商管理类(会计学、财务管理),,5,04,物理,K,无限制,四年,5000,,1_3_1414_5_28
3,普通类本科批,1414,11414,中国石油大学(北京),北京,公办,29,120102,信息管理与信息系统,,4,04,物理,K,无限制,四年,5000,,1_3_1414_5_29
3,普通类本科批,1414,11414,中国石油大学(北京),北京,公办,32,081502H,石油工程(中外合作办学),,3,04,物理,A,化学,四年,90000,,1_3_1414_5_32
3,普通类本科批,1414,11414,中国石油大学(北京),北京,公办,33,081301H,化学工程与工艺(中外合作办学),,3,04,物理,A,化学,四年,90000,,1_3_1414_5_33
3,普通类本科批,1414,11414,中国石油大学(北京),北京,公办,34,080910H,数据科学与大数据技术(中外合作办学),,3,04,物理,A,化学,四年,90000,,1_3_1414_5_34
3,普通类本科批,1414,11414,中国石油大学(北京),北京,公办,35,020106H,能源经济(中外合作办学),,4,04,物理,K,无限制,四年,90000,,1_3_1414_5_35
3,普通类本科批,1415,11415,中国地质大学(北京),北京,公办,01,070901,地质学(燕山书院创新班),,1,04,物理,A,化学,四年,5500,(不招色盲、色弱、单色识别不全),1_3_1415_5_01
3,普通类本科批,1415,11415,中国地质大学(北京),北京,公办,02,070901,地质学(理科基地班),,2,04,物理,A,化学,四年,5500,(不招色盲、色弱、单色识别不全),1_3_1415_5_02
3,普通类本科批,1415,11415,中国地质大学(北京),北京,公办,03,0709,地质学类[地质学、地质学(地质地震学)、地质学(旅游地学)、资源勘查工程(固体矿产)、地球化学、地球信息科学与技术(大数据与数字地球)、行星科学],,9,04,物理,A,化学,四年,5500,(不招色盲、色弱、单色识别不全),1_3_1415_5_03
3,普通类本科批,1415,11415,中国地质大学(北京),北京,公办,05,081401,地质工程,,2,04,物理,A,化学,四年,5500,,1_3_1415_5_05
3,普通类本科批,1415,11415,中国地质大学(北京),北京,公办,07,080202,机械设计制造及其自动化,,3,04,物理,A,化学,四年,5500,"(一年级在北京校区,二年级起在雄安校区)",1_3_1415_5_07
3,普通类本科批,1415,11415,中国地质大学(北京),北京,公办,08,082901,安全工程,,2,04,物理,A,化学,四年,5500,"(一年级在北京校区,二年级起在雄安校区)",1_3_1415_5_08
3,普通类本科批,1415,11415,中国地质大学(北京),北京,公办,09,081005,城市地下空间工程,,2,04,物理,A,化学,四年,5500,,1_3_1415_5_09
3,普通类本科批,1415,11415,中国地质大学(北京),北京,公办,10,081008,智能建造,,1,04,物理,A,化学,四年,5500,,1_3_1415_5_10
3,普通类本科批,1415,11415,中国地质大学(北京),北京,公办,11,0804,材料类(材料科学与工程、材料化学、材料物理、新能源材料与器件、矿物加工工程),,6,04,物理,A,化学,四年,5500,"(一年级在北京校区,二年级起在雄安校区；不招色盲、色弱、单色识别不全)",1_3_1415_5_11
3,普通类本科批,1415,11415,中国地质大学(北京),北京,公办,12,080901,计算机科学与技术,,2,04,物理,A,化学,四年,5500,"(一年级在北京校区,二年级起在雄安校区；不招单色识别不全)",1_3_1415_5_12
3,普通类本科批,1415,11415,中国地质大学(北京),北京,公办,13,080601,电气工程及其自动化,,1,04,物理,A,化学,四年,5500,"(一年级在北京校区,二年级起在雄安校区)",1_3_1415_5_13
3,普通类本科批,1415,11415,中国地质大学(北京),北京,公办,15,070504,地理信息科学,,2,04,物理,A,化学,四年,5500,"(一年级在北京校区,二年级起在雄安校区；不招色盲、单色识别不全)",1_3_1415_5_15
3,普通类本科批,1415,11415,中国地质大学(北京),北京,公办,16,080902,软件工程,,2,04,物理,A,化学,四年,5500,"(一年级在北京校区,二年级起在雄安校区)",1_3_1415_5_16
3,普通类本科批,1415,11415,中国地质大学(北京),北京,公办,17,080910,数据科学与大数据技术,,2,04,物理,A,化学,四年,5500,"(一年级在北京校区,二年级起在雄安校区；不招单色识别不全)",1_3_1415_5_17
3,普通类本科批,1415,11415,中国地质大学(北京),北京,公办,18,080717,人工智能,,2,04,物理,A,化学,四年,5500,"(一年级在北京校区,二年级起在雄安校区)",1_3_1415_5_18
3,普通类本科批,1415,11415,中国地质大学(北京),北京,公办,19,081102,水文与水资源工程,,3,04,物理,A,化学,四年,5500,,1_3_1415_5_19
3,普通类本科批,1415,11415,中国地质大学(北京),北京,公办,20,082502,环境工程,,2,04,物理,A,化学,四年,5500,"(一年级在北京校区,二年级起在雄安校区；不招色盲、色弱、单色识别不全)",1_3_1415_5_20
3,普通类本科批,1415,11415,中国地质大学(北京),北京,公办,21,081404,地下水科学与工程,,3,04,物理,A,化学,四年,5500,(不招色盲、色弱、单色识别不全),1_3_1415_5_21
3,普通类本科批,1415,11415,中国地质大学(北京),北京,公办,23,081403,资源勘查工程(能源),,1,04,物理,A,化学,四年,5500,(不招色盲、色弱、单色识别不全),1_3_1415_5_23
3,普通类本科批,1415,11415,中国地质大学(北京),北京,公办,24,081403,资源勘查工程(新能源地质与工程),,2,04,物理,A,化学,四年,5500,(不招色盲、色弱、单色识别不全),1_3_1415_5_24
3,普通类本科批,1415,11415,中国地质大学(北京),北京,公办,28,120201,工商管理(民族班),(民族班),1,04,物理,K,无限制,四年,5000,"(只招少数民族考生)(一年级在北京校区,二年级起在雄安校区；不招单色识别不全)",1_3_1415_5_28
3,普通类本科批,1415,11415,中国地质大学(北京),北京,公办,30,120102,信息管理与信息系统,,2,04,物理,K,无限制,四年,5000,"(一年级在北京校区,二年级起在雄安校区；不招单色识别不全)",1_3_1415_5_30
3,普通类本科批,1415,11415,中国地质大学(北京),北京,公办,32,020101,经济学(与资勘专业双学士学位),,2,04,物理,K,无限制,四年,5000,"(一年级在北京校区,二年级起在雄安校区；不招单色识别不全)",1_3_1415_5_32
3,普通类本科批,1415,11415,中国地质大学(北京),北京,公办,33,020109,数字经济,,2,04,物理,K,无限制,四年,5000,"(一年级在北京校区,二年级起在雄安校区；不招单色识别不全)",1_3_1415_5_33
3,普通类本科批,1415,11415,中国地质大学(北京),北京,公办,35,120108,大数据管理与应用,,2,04,物理,K,无限制,四年,5000,"(一年级在北京校区,二年级起在雄安校区；不招单色识别不全)",1_3_1415_5_35
3,普通类本科批,1415,11415,中国地质大学(北京),北京,公办,38,080410,宝石及材料工艺学,,2,04,物理,A,化学,四年,5500,"(一年级在北京校区,二年级起在雄安校区；不招色盲、色弱、单色识别不全)",1_3_1415_5_38
3,普通类本科批,1415,11415,中国地质大学(北京),北京,公办,42,081402,勘查技术与工程,,2,04,物理,A,化学,四年,5500,,1_3_1415_5_42
3,普通类本科批,1415,11415,中国地质大学(北京),北京,公办,43,080301,测控技术与仪器,,2,04,物理,A,化学,四年,5500,"(一年级在北京校区,二年级起在雄安校区)",1_3_1415_5_43
3,普通类本科批,1415,11415,中国地质大学(北京),北京,公办,44,081406,智能地球探测,,1,04,物理,A,化学,四年,5500,,1_3_1415_5_44
3,普通类本科批,1415,11415,中国地质大学(北京),北京,公办,45,070701,海洋科学,,3,04,物理,A,化学,四年,5500,"(一年级在北京校区,二年级起在雄安校区；不招色盲、色弱、单色识别不全)",1_3_1415_5_45
3,普通类本科批,1415,11415,中国地质大学(北京),北京,公办,46,070703,海洋资源与环境,,2,04,物理,A,化学,四年,5500,"(一年级在北京校区,二年级起在雄安校区；不招色盲、色弱、单色识别不全)",1_3_1415_5_46
3,普通类本科批,1415,11415,中国地质大学(北京),北京,公办,47,081902,海洋工程与技术,,2,04,物理,A,化学,四年,5500,"(一年级在北京校区,二年级起在雄安校区；不招色盲、色弱、单色识别不全)",1_3_1415_5_47
3,普通类本科批,1415,11415,中国地质大学(北京),北京,公办,48,120404,土地资源管理,,2,04,物理,K,无限制,四年,5000,"(一年级在北京校区,二年级起在雄安校区；不招单色识别不全)",1_3_1415_5_48
3,普通类本科批,1415,11415,中国地质大学(北京),北京,公办,49,081201,测绘工程,,2,04,物理,A,化学,四年,5500,"(一年级在北京校区,二年级起在雄安校区；不招单色识别不全)",1_3_1415_5_49
3,普通类本科批,1415,11415,中国地质大学(北京),北京,公办,51,081202,遥感科学与技术,,2,04,物理,A,化学,四年,5500,"(一年级在北京校区,二年级起在雄安校区；不招单色识别不全)",1_3_1415_5_51
3,普通类本科批,1415,11415,中国地质大学(北京),北京,公办,53,070101,数学与应用数学,,4,04,物理,A,化学,四年,5500,"(一年级在北京校区,二年级起在雄安校区)",1_3_1415_5_53
3,普通类本科批,1415,11415,中国地质大学(北京),北京,公办,54,070104,数据计算及应用,,2,04,物理,A,化学,四年,5500,"(一年级在北京校区,二年级起在雄安校区)",1_3_1415_5_54
3,普通类本科批,1415,11415,中国地质大学(北京),海南,公办,56,020109H,数字经济(中外合作办学),,3,04,物理,K,无限制,四年,100000,(办学地点：海南校区；学费100000元/年；不招单色识别不全),1_3_1415_5_56
3,普通类本科批,1415,11415,中国地质大学(北京),海南,公办,57,120108H,大数据管理与应用(中外合作办学),,4,04,物理,K,无限制,四年,100000,(办学地点：海南校区；学费100000元/年；不招单色识别不全),1_3_1415_5_57
3,普通类本科批,1415,11415,中国地质大学(北京),北京,公办,AA,070703,海洋资源与环境,(高校专项计划),1,04,物理,A,化学,四年,5500,"(一年级在北京校区,二年级起在雄安校区；不招色盲、色弱、单色识别不全)(特控线上录取)(教育部高校专项计划,只投档符合报考条件的考生)",1_3_1415_5_AA
3,普通类本科批,1415,11415,中国地质大学(北京),北京,公办,AB,080601,电气工程及其自动化(民族班),(民族班),1,04,物理,A,化学,四年,5500,"(只招少数民族考生)(一年级在北京校区,二年级起在雄安校区)",1_3_1415_5_AB
3,普通类本科批,1415,11415,中国地质大学(北京),北京,公办,AC,080301,测控技术与仪器,(高校专项计划),1,04,物理,A,化学,四年,5500,"(一年级在北京校区,二年级起在雄安校区)(特控线上录取)(教育部高校专项计划,只投档符合报考条件的考生)",1_3_1415_5_AC
3,普通类本科批,1415,11415,中国地质大学(北京),北京,公办,AE,070703,海洋资源与环境(民族班),(民族班),1,04,物理,A,化学,四年,5500,"(只招少数民族考生)(一年级在北京校区,二年级起在雄安校区；不招色盲、色弱、单色识别不全)",1_3_1415_5_AE
3,普通类本科批,8213,18213,哈尔滨工业大学(深圳),广东,公办,01,00600,工科试验班(未来信息)(计算机科学与技术、通信工程),,16,04,物理,A,化学,四年,6230,(本专业类内任选专业),1_3_8213_5_01
3,普通类本科批,8213,18213,哈尔滨工业大学(深圳),广东,公办,02,00600,工科试验班(自主智能)(人工智能、机器人工程、自动化),,12,04,物理,A,化学,四年,6230,(本专业类内任选专业),1_3_8213_5_02
3,普通类本科批,8213,18213,哈尔滨工业大学(深圳),广东,公办,04,00600,工科试验班(未来能源卓越联培班)(材料科学与工程、能源与动力工程、工程力学),(高校专项计划),2,04,物理,A,化学,四年,6230,"(本专业类内任选专业,考生投档成绩若在我校本科普通类统招录取投档分数线以上的,按照学校规定享有申请转专业机会。培养地点：第1年校本部,后3年深圳校区)(特控线上录取)(教育部高校专项计划,只投档符合报考条件的考生)",1_3_8213_5_04
3,普通类本科批,8213,18213,哈尔滨工业大学(深圳),广东,公办,08,080703H,通信工程(中外合作办学),,10,04,物理,A,化学,四年,100000,"(该专业是与韩国汉阳大学合作办学,学生入学后不得转专业,“4+0”培养模式,中英文授课)",1_3_8213_5_08
3,普通类本科批,9001,19001,北京大学医学部,北京,公办,01,100101,基础医学(八年制本博连读),,3,04,物理,A,化学,八年医,6000,,1_3_9001_5_01
3,普通类本科批,9001,19001,北京大学医学部,北京,公办,02,100201,临床医学(八年制本博连读),,4,04,物理,A,化学,八年医,6000,(色盲不予录取),1_3_9001_5_02
3,普通类本科批,9001,19001,北京大学医学部,北京,公办,03,100201,临床医学,,3,04,物理,A,化学,五年,6000,(色盲不予录取),1_3_9001_5_03
3,普通类本科批,9001,19001,北京大学医学部,北京,公办,04,100301,口腔医学(八年制本博连读),,1,04,物理,A,化学,八年医,6000,(色盲不予录取),1_3_9001_5_04
3,普通类本科批,9001,19001,北京大学医学部,北京,公办,05,100301,口腔医学,,1,04,物理,A,化学,五年,6000,(色盲不予录取),1_3_9001_5_05
3,普通类本科批,9001,19001,北京大学医学部,北京,公办,06,100401,预防医学(七年制本硕连读),,1,04,物理,A,化学,七年医,6000,,1_3_9001_5_06
3,普通类本科批,9001,19001,北京大学医学部,北京,公办,07,100701,药学(六年制本硕连读),,1,04,物理,A,化学,六年,6000,,1_3_9001_5_07
3,普通类本科批,9001,19001,北京大学医学部,北京,公办,08,050201,英语(医学英语),,1,04,物理,K,无限制,五年,6000,(只招收英语考生),1_3_9001_5_08
3,普通类本科批,9001,19001,北京大学医学部,北京,公办,0A,1010,医学技术类(医学检验技术、医学影像技术),,3,04,物理,A,化学,四年,6000,,1_3_9001_5_0A
3,普通类本科批,9002,19002,中国人民大学(苏州校区),江苏,公办,03,020301H,金融学(中外合作办学),,4,04,物理,K,无限制,四年,70000,"(合作院校为法国KEDGE商学院,毕业时可获中法双学位)",1_3_9002_5_03
3,普通类本科批,9002,19002,中国人民大学(苏州校区),江苏,公办,06,070101H,数学与应用数学(中外合作办学)(人大与索邦),,2,04,物理,A,化学,四年,70000,"(合作院校为法国索邦大学,毕业时可获中法双学位)",1_3_9002_5_06
3,普通类本科批,9002,19002,中国人民大学(苏州校区),江苏,公办,07,080910H,数据科学与大数据技术(中外合作办学),,2,04,物理,A,化学,四年,70000,"(合作院校为法国KEDGE商学院,毕业时可获中法双学位)",1_3_9002_5_07
3,普通类本科批,9004,19004,北京交通大学(威海校区),山东,公办,01,080703H,通信工程(中外合作办学),,4,04,物理,A,化学,四年,100000,"(合作方英国兰卡斯特大学,4+0模式。大量全英文授课,专业课全英文教材,要求较好的英语基础)",1_3_9004_5_01
3,普通类本科批,9004,19004,北京交通大学(威海校区),山东,公办,02,080901H,计算机科学与技术(中外合作办学),,4,04,物理,A,化学,四年,100000,"(合作方英国兰卡斯特大学,4+0模式。大量全英文授课,专业课全英文教材,要求较好的英语基础)",1_3_9004_5_02
3,普通类本科批,9004,19004,北京交通大学(威海校区),山东,公办,03,082502H,环境工程(中外合作办学),,10,04,物理,A,化学,四年,100000,"(要求无色盲色弱且无单颜色识别不全。合作方英国兰卡斯特大学,4+0模式。大量全英文授课,专业课全英文教材,要求较好的英语基础)",1_3_9004_5_03
3,普通类本科批,9004,19004,北京交通大学(威海校区),山东,公办,05,120203H,会计学(中外合作办学),,4,04,物理,K,无限制,四年,100000,"(合作方英国兰卡斯特大学,4+0模式。大量全英文授课,专业课全英文教材,要求较好的英语基础)",1_3_9004_5_05
3,普通类本科批,9027,19027,北京师范大学(珠海校区),广东,公办,03,0701,数学类[数学与应用数学、物理学、系统科学与工程、数据科学与大数据技术、人工智能(创新实验班)、应用统计学],,2,04,物理,A,化学,四年,5400,,1_3_9027_5_03
3,普通类本科批,9027,19027,北京师范大学(珠海校区),广东,公办,04,00700,理科试验班(地理科学、心理学、生物科学、化学),,2,04,物理,A,化学,四年,5400,,1_3_9027_5_04
3,普通类本科批,9141,19141,大连理工大学(盘锦校区),辽宁,公办,01,081304,能源化学工程,,79,04,物理,A,化学,四年,6240,(含能源化学工程、化学工程与工业生物工程。非英语语种考生慎重报考。不招色盲、色弱考生),1_3_9141_5_01
3,普通类本科批,9141,19141,大连理工大学(盘锦校区),辽宁,公办,02,070702,海洋技术,,44,04,物理,A,化学,四年,6240,(非英语语种考生慎重报考。不招色盲、色弱考生),1_3_9141_5_02
3,普通类本科批,9141,19141,大连理工大学(盘锦校区),辽宁,公办,03,071003,生物信息学,,28,04,物理,A,化学,四年,6240,(非英语语种考生慎重报考。不招色盲、色弱考生),1_3_9141_5_03
3,普通类本科批,9141,19141,大连理工大学(盘锦校区),辽宁,公办,04,0201,经济学类(电子商务、经济学),,23,04,物理,K,无限制,四年,6240,(非英语语种考生慎重报考),1_3_9141_5_04
3,普通类本科批,9141,19141,大连理工大学(盘锦校区),辽宁,公办,05,083004,生物制造,,9,04,物理,A,化学,四年,6240,(非英语语种考生慎重报考。不招色盲、色弱考生),1_3_9141_5_05
3,普通类本科批,9141,19141,大连理工大学(盘锦校区),辽宁,公办,06,081906,智能海洋装备,,25,04,物理,A,化学,四年,6240,(非英语语种考生慎重报考),1_3_9141_5_06
3,普通类本科批,9141,19141,大连理工大学(盘锦校区),辽宁,公办,07,080901H,计算机科学与技术(中外合作办学),,21,04,物理,A,化学,四年,85000,"(与澳大利亚昆士兰科技大学合作,部分课程采用英语授课,非英语语种考生慎重报考)",1_3_9141_5_07
3,普通类本科批,9141,19141,大连理工大学(盘锦校区),辽宁,公办,08,082601H,生物医学工程(中外合作办学),,24,04,物理,A,化学,四年,85000,"(不招色盲、色弱考生。与澳大利亚昆士兰科技大学合作,部分课程采用英语授课,非英语语种考生慎重报考)",1_3_9141_5_08
3,普通类本科批,9141,19141,大连理工大学(盘锦校区),辽宁,公办,09,070103H,数理基础科学(中外合作办学),,13,04,物理,A,化学,四年,85000,"(与英国莱斯特大学合作,部分课程采用英语授课,非英语语种考生慎重报考)",1_3_9141_5_09
3,普通类本科批,9141,19141,大连理工大学(盘锦校区),辽宁,公办,0A,080206H,过程装备与控制工程(中外合作办学),,11,04,物理,A,化学,四年,85000,"(与英国莱斯特大学合作,部分课程采用英语授课,非英语语种考生慎重报考)",1_3_9141_5_0A
3,普通类本科批,9141,19141,大连理工大学(盘锦校区),辽宁,公办,0B,070302H,应用化学(中外合作办学),,3,04,物理,A,化学,四年,85000,"(与英国莱斯特大学合作,部分课程采用英语授课,非英语语种考生慎重报考)",1_3_9141_5_0B
3,普通类本科批,9141,19141,大连理工大学(盘锦校区),辽宁,公办,0C,100701H,药学(中外合作办学),,9,04,物理,A,化学,四年,85000,"(不招色盲、色弱考生。与英国莱斯特大学合作,部分课程采用英语授课,非英语语种考生慎重报考)",1_3_9141_5_0C
3,普通类本科批,9141,19141,大连理工大学(盘锦校区),辽宁,公办,0D,082504H,环境生态工程(中外合作办学),,10,04,物理,A,化学,四年,85000,"(与英国莱斯特大学合作,部分课程采用英语授课,非英语语种考生慎重报考)",1_3_9141_5_0D
3,普通类本科批,9145,19145,东北大学秦皇岛分校,河北,公办,01,0201,经济学类(经济学、金融学、国际经济与贸易),,5,04,物理,K,无限制,四年,6240,,1_3_9145_5_01
3,普通类本科批,9145,19145,东北大学秦皇岛分校,河北,公办,02,1202,工商管理类(工商管理、会计学、健康服务与管理),,3,04,物理,K,无限制,四年,6240,,1_3_9145_5_02
3,普通类本科批,9145,19145,东北大学秦皇岛分校,河北,公办,04,120102,信息管理与信息系统,,2,04,物理,K,无限制,四年,6240,,1_3_9145_5_04
3,普通类本科批,9145,19145,东北大学秦皇岛分校,河北,公办,05,120801,电子商务,,3,04,物理,K,无限制,四年,6240,,1_3_9145_5_05
3,普通类本科批,9145,19145,东北大学秦皇岛分校,河北,公办,06,0701,数学类(数学与应用数学、应用统计学、数据科学与大数据技术),,4,04,物理,A,化学,四年,6240,,1_3_9145_5_06
3,普通类本科批,9145,19145,东北大学秦皇岛分校,河北,公办,07,0802,机械类(机械工程、车辆工程),,5,04,物理,A,化学,四年,6240,,1_3_9145_5_07
3,普通类本科批,9145,19145,东北大学秦皇岛分校,河北,公办,08,0804,材料类(材料成型及控制工程、材料科学与工程、冶金工程、资源勘查工程、环境工程),,12,04,物理,A,化学,四年,6240,,1_3_9145_5_08
3,普通类本科批,9145,19145,东北大学秦皇岛分校,河北,公办,09,080701,电子信息工程,,5,04,物理,A,化学,四年,6240,,1_3_9145_5_09
3,普通类本科批,9145,19145,东北大学秦皇岛分校,河北,公办,0A,080703,通信工程,,4,04,物理,A,化学,四年,6240,,1_3_9145_5_0A
3,普通类本科批,9145,19145,东北大学秦皇岛分校,河北,公办,0B,0808,自动化类(自动化、电气工程及其自动化),,8,04,物理,A,化学,四年,6240,,1_3_9145_5_0B
3,普通类本科批,9145,19145,东北大学秦皇岛分校,河北,公办,0C,0803,仪器类(测控技术与仪器、光电信息科学与工程),,7,04,物理,A,化学,四年,6240,,1_3_9145_5_0C
3,普通类本科批,9145,19145,东北大学秦皇岛分校,河北,公办,0D,080901,计算机科学与技术,,5,04,物理,A,化学,四年,6240,,1_3_9145_5_0D
3,普通类本科批,9145,19145,东北大学秦皇岛分校,河北,公办,0E,080905,物联网工程,,2,04,物理,A,化学,四年,6240,,1_3_9145_5_0E
3,普通类本科批,9145,19145,东北大学秦皇岛分校,河北,公办,0F,080303,智能感知工程,,2,04,物理,A,化学,四年,6240,,1_3_9145_5_0F
3,普通类本科批,9145,19145,东北大学秦皇岛分校,河北,公办,0G,080204,机械电子工程,,2,04,物理,A,化学,四年,6240,,1_3_9145_5_0G
3,普通类本科批,9145,19145,东北大学秦皇岛分校,河北,公办,0J,080217,增材制造工程,,2,04,物理,A,化学,四年,6240,,1_3_9145_5_0J
3,普通类本科批,9145,19145,东北大学秦皇岛分校,河北,公办,Z1,080901H,计算机科学与技术(中外合作办学),,13,04,物理,A,化学,四年,56000,"[“3+1”培养模式,国内学费56000元/学年,国外学习阶段学费按照悉尼科技大学当年学费标准(约52579澳元/学年)由悉尼科技大学收取,同时免收国内学费。入学后采用英文教材和英语授课,外语语种为非英语的考生请慎重报考]",1_3_9145_5_Z1
3,普通类本科批,9145,19145,东北大学秦皇岛分校,河北,公办,Z2,080703H,通信工程(中外合作办学),,11,04,物理,A,化学,四年,56000,"[“3+1”培养模式,国内学费56000元/学年,国外学习阶段学费按照悉尼科技大学当年学费标准(约52290澳元/学年)由悉尼科技大学收取,同时免收国内学费。入学后采用英文教材和英语授课,外语语种为非英语的考生请慎重报考]",1_3_9145_5_Z2
3,普通类本科批,9145,19145,东北大学秦皇岛分校,河北,公办,Z3,071202H,应用统计学(中外合作办学),,6,04,物理,A,化学,四年,56000,"[“3+1”培养模式,国内学费56000元/学年,国外学习阶段学费按照悉尼科技大学当年学费标准(约47320澳元/学年)由悉尼科技大学收取,同时免收国内学费。入学后采用英文教材和英语授课,外语语种为非英语的考生请慎重报考]",1_3_9145_5_Z3
3,普通类本科批,9145,19145,东北大学秦皇岛分校,河北,公办,Z4,070101H,数学与应用数学(中外合作办学),,14,04,物理,A,化学,四年,50000,"[“3+1”培养模式,国内学费50000元/学年,国外学习阶段学费按照奥克兰大学当年学费标准(约55312新西兰元/学年)由奥克兰大学收取,同时免收国内学费。入学后采用英文教材和英语授课,外语语种为非英语的考生请慎重报考]",1_3_9145_5_Z4
3,普通类本科批,9213,19213,哈尔滨工业大学(威海),山东,公办,01,00600,工科试验班(未来智造拔尖班)(机器人工程、智能制造工程、飞行器制造工程、机械设计制造及其自动化、焊接技术与工程、电子封装技术、材料科学与工程、能源与动力工程、电气工程及其自动化、精密仪器、测控技术与仪器、储能科学与工程、智能感知工程、高分子材料与工程、复合材料与工程、仿生科学与工程、),,44,04,物理,A,化学,四年,6600,"(本专业类内任选专业,不允许转专业,同时不接受其他专业学生转入申请,培养地点：前2年威海校区,后2年校本部)",1_3_9213_5_01
3,普通类本科批,9213,19213,哈尔滨工业大学(威海),山东,公办,02,00600,工科试验班(未来信息)(计算机科学与技术、人工智能、网络空间安全、自动化、通信工程、电子信息工程、集成电路设计与集成系统、光电信息科学与工程、电气工程及其自动化),,64,04,物理,A,化学,四年,7000,(本专业类内任选专业),1_3_9213_5_02
3,普通类本科批,9213,19213,哈尔滨工业大学(威海),山东,公办,06,00600,工科试验班(未来城市卓越优才计划)(智能建造、船舶与海洋工程、生物工程、化学工程与工艺、环境工程、信息管理与信息系统、大数据管理与应用、智慧交通),(高校专项计划),7,04,物理,A,化学,四年,6600,"(本专业类内任选专业。考生投档成绩若在我校本科普通类统招录取投档分数线以上的,按照学校规定享有申请转专业机会)(特控线上录取)(教育部高校专项计划,只投档符合报考条件的考生)",1_3_9213_5_06
3,普通类本科批,9213,19213,哈尔滨工业大学(威海),山东,公办,08,081901H,船舶与海洋工程(中外合作办学),,5,04,物理,A,化学,四年,100000,"(该专业是与英国思克莱德大学合作办学,学生入学后不得转专业,""4+0""培养,中英文授课)",1_3_9213_5_08
3,普通类本科批,9213,19213,哈尔滨工业大学(威海),山东,公办,09,080417H,智能材料与结构(中外合作办学),,5,04,物理,A,化学,四年,85000,"(该专业是与韩国汉阳大学合作办学,学生入学后不得转专业,""4+0""培养,中英文授课)",1_3_9213_5_09
3,普通类本科批,9246,19246,复旦大学医学院,上海,公办,A2,100201,临床医学(八年制临床医师班),,2,04,物理,A,化学,八年医,8140,,1_3_9246_5_A2
3,普通类本科批,9246,19246,复旦大学医学院,上海,公办,A4,100201,临床医学,,8,04,物理,A,化学,五年,8140,(含卓越临床医师班),1_3_9246_5_A4
3,普通类本科批,9246,19246,复旦大学医学院,上海,公办,A6,100301,口腔医学,,2,04,物理,A,化学,五年,7400,(含卓越口腔医师班。含口腔颌面外科方向；含口腔医学-人工智能双学士学位),1_3_9246_5_A6
3,普通类本科批,9246,19246,复旦大学医学院,上海,公办,B6,00800,医学试验班[预防医学(五年制)、药学、公共事业管理],,9,04,物理,A,化学,五年,8140,,1_3_9246_5_B6
3,普通类本科批,9248,19248,上海交通大学医学院,上海,公办,01,100201,临床医学(八年制本博连读),,2,04,物理,A,化学,八年医,8140,(卓越医学创新人才计划；含欧洲、澳洲等国家和地区临床实践交流项目),1_3_9248_5_01
3,普通类本科批,9248,19248,上海交通大学医学院,上海,公办,02,100201,"临床医学(八年制本博连读,法语班)",,1,04,物理,A,化学,八年医,10000,(第一年全体赴法语言培训2个月；第七年选拔优秀学生赴法进行为期一年的法国外籍住院医师培训或科研培训),1_3_9248_5_02
3,普通类本科批,9248,19248,上海交通大学医学院,上海,公办,03,100201,"临床医学(八年制本博连读,口腔方向)",,1,04,物理,A,化学,八年医,8140,"(卓越医学创新人才计划;含卡罗林斯卡大学,大阪齿科大学,福冈齿科大学等交流项目)",1_3_9248_5_03
3,普通类本科批,9248,19248,上海交通大学医学院,上海,公办,04,100201,临床医学(五年制),,17,04,物理,A,化学,五年,8140,(卓越医学创新人才计划；含欧洲、澳洲等国家和地区临床实践交流项目),1_3_9248_5_04
3,普通类本科批,9248,19248,上海交通大学医学院,上海,公办,06,100301,口腔医学(5+3一体化),,3,04,物理,A,化学,五年,8140,"(卓越医学创新人才计划;含卡罗林斯卡大学,大阪齿科大学,福冈齿科大学等交流项目)",1_3_9248_5_06
3,普通类本科批,9248,19248,上海交通大学医学院,上海,公办,AB,100201,临床医学(五年制),(高校专项计划),3,04,物理,A,化学,五年,8140,"(需特控线上70分)(教育部高校专项计划,只投档符合报考条件的考生)",1_3_9248_5_AB
3,普通类本科批,9335,19335,浙江大学医学院,浙江,公办,9A,00800,医学试验班(竺可桢学院巴德年医学班)(临床医学),,2,04,物理,A,化学,八年医,6900,,1_3_9335_5_9A
3,普通类本科批,9335,19335,浙江大学医学院,浙江,公办,9B,100201,临床医学(5+3一体化),,4,04,物理,A,化学,五年,6000,,1_3_9335_5_9B
3,普通类本科批,9335,19335,浙江大学医学院,浙江,公办,9C,100301,口腔医学(5+3一体化),,2,04,物理,A,化学,五年,6000,,1_3_9335_5_9C
3,普通类本科批,9335,19335,浙江大学医学院,浙江,公办,9E,100201,临床医学,,4,04,物理,A,化学,五年,6000,,1_3_9335_5_9E
3,普通类本科批,9335,19335,浙江大学医学院,浙江,公办,9W,100102H,"生物医学(中外合作办学)(ZJUUoE联合学院,含生物信息)",,6,04,物理,A,化学,四年,160000,(在海宁国际校区就读；同时获浙江大学毕业证书、学士学位证书和英国爱丁堡大学学士学位证书),1_3_9335_5_9W
3,普通类本科批,9359,19359,合肥工业大学(宣城校区),安徽,公办,01,080201,机械工程,,4,04,物理,A,化学,四年,5500,,1_3_9359_5_01
3,普通类本科批,9359,19359,合肥工业大学(宣城校区),安徽,公办,03,080203,材料成型及控制工程,,4,04,物理,A,化学,四年,5500,,1_3_9359_5_03
3,普通类本科批,9359,19359,合肥工业大学(宣城校区),安徽,公办,07,080902,软件工程,,6,04,物理,A,化学,四年,12500,,1_3_9359_5_07
3,普通类本科批,9359,19359,合肥工业大学(宣城校区),安徽,公办,09,081001,土木工程,(高校专项计划),2,04,物理,A,化学,四年,6050,"(特控线上录取)(教育部高校专项计划,只投档符合报考条件的考生)",1_3_9359_5_09
3,普通类本科批,9359,19359,合肥工业大学(宣城校区),安徽,公办,0A,081304,能源化学工程,,4,04,物理,A,化学,四年,5500,"(有体检要求,具体参见学校章程)",1_3_9359_5_0A
3,普通类本科批,9359,19359,合肥工业大学(宣城校区),安徽,公办,0B,020101,经济学,,4,04,物理,K,无限制,四年,5500,"(有体检要求,具体参见学校章程)",1_3_9359_5_0B
3,普通类本科批,9359,19359,合肥工业大学(宣城校区),安徽,公办,0F,070903,地球信息科学与技术,,4,04,物理,A,化学,四年,5500,"(有体检要求,具体参见学校章程)",1_3_9359_5_0F
3,普通类本科批,9414,19414,中国石油大学(北京)克拉玛依校区,新疆,公办,A1,081403,资源勘查工程,,7,04,物理,A,化学,四年,5100,,1_3_9414_5_A1
3,普通类本科批,9414,19414,中国石油大学(北京)克拉玛依校区,新疆,公办,A2,081402,勘查技术与工程,,5,04,物理,A,化学,四年,5100,,1_3_9414_5_A2
3,普通类本科批,9414,19414,中国石油大学(北京)克拉玛依校区,新疆,公办,A3,081406,智能地球探测,,4,04,物理,A,化学,四年,4500,,1_3_9414_5_A3
3,普通类本科批,9414,19414,中国石油大学(北京)克拉玛依校区,新疆,公办,A4,081502,石油工程,,5,04,物理,A,化学,四年,5100,,1_3_9414_5_A4
3,普通类本科批,9414,19414,中国石油大学(北京)克拉玛依校区,新疆,公办,A5,081502,石油工程(俄语复合人才实验班),,3,04,物理,A,化学,四年,5100,,1_3_9414_5_A5
3,普通类本科批,9414,19414,中国石油大学(北京)克拉玛依校区,新疆,公办,A6,081502,石油工程(数智复合人才实验班),,3,04,物理,A,化学,四年,5100,,1_3_9414_5_A6
3,普通类本科批,9414,19414,中国石油大学(北京)克拉玛依校区,新疆,公办,A7,0809,计算机类(软件工程、数据科学与大数据技术),,9,04,物理,A,化学,四年,4500,,1_3_9414_5_A7
3,普通类本科批,9414,19414,中国石油大学(北京)克拉玛依校区,新疆,公办,A8,080717,人工智能,,4,04,物理,A,化学,四年,4500,,1_3_9414_5_A8
3,普通类本科批,9414,19414,中国石油大学(北京)克拉玛依校区,新疆,公办,AB,081301,化学工程与工艺,(高校专项计划),2,04,物理,A,化学,四年,5100,"(特控线上录取)(教育部高校专项计划,只投档符合报考条件的考生)",1_3_9414_5_AB
3,普通类本科批,9414,19414,中国石油大学(北京)克拉玛依校区,新疆,公办,B1,081504,油气储运工程,,7,04,物理,A,化学,四年,5100,,1_3_9414_5_B1
3,普通类本科批,9414,19414,中国石油大学(北京)克拉玛依校区,新疆,公办,B2,081301,化学工程与工艺,,7,04,物理,A,化学,四年,5100,,1_3_9414_5_B2
3,普通类本科批,9414,19414,中国石油大学(北京)克拉玛依校区,新疆,公办,B3,081304,能源化学工程,,6,04,物理,A,化学,四年,4500,,1_3_9414_5_B3
3,普通类本科批,9414,19414,中国石油大学(北京)克拉玛依校区,新疆,公办,B4,080202,机械设计制造及其自动化,,6,04,物理,A,化学,四年,5100,,1_3_9414_5_B4
3,普通类本科批,9414,19414,中国石油大学(北京)克拉玛依校区,新疆,公办,B5,080206,过程装备与控制工程,,5,04,物理,A,化学,四年,5100,,1_3_9414_5_B5
3,普通类本科批,9414,19414,中国石油大学(北京)克拉玛依校区,新疆,公办,B6,080801,自动化,,6,04,物理,A,化学,四年,4500,,1_3_9414_5_B6
3,普通类本科批,9414,19414,中国石油大学(北京)克拉玛依校区,新疆,公办,B8,082901,安全工程,,4,04,物理,A,化学,四年,4500,,1_3_9414_5_B8
3,普通类本科批,9414,19414,中国石油大学(北京)克拉玛依校区,新疆,公办,B9,080503,新能源科学与工程,,4,04,物理,A,化学,四年,4500,,1_3_9414_5_B9
3,普通类本科批,9414,19414,中国石油大学(北京)克拉玛依校区,新疆,公办,C1,080501,能源与动力工程,,4,04,物理,A,化学,四年,4500,,1_3_9414_5_C1
3,普通类本科批,9414,19414,中国石油大学(北京)克拉玛依校区,新疆,公办,E1,120203,会计学,,3,04,物理,K,无限制,四年,4000,,1_3_9414_5_E1
3,普通类本科批,9414,19414,中国石油大学(北京)克拉玛依校区,新疆,公办,E4,120108,大数据管理与应用,,4,04,物理,K,无限制,四年,4000,,1_3_9414_5_E4
3,普通类本科批,9422,19422,山东大学威海分校,山东,公办,04,020101H,经济学(中外合作办学),,2,04,物理,K,无限制,四年,85000,"(学习期间部分课程将采用英语授课,建议外语语种为非英语的考生谨慎填报该专业志愿)",1_3_9422_5_04
3,普通类本科批,9422,19422,山东大学威海分校,山东,公办,05,020401H,国际经济与贸易(中外合作办学),,2,04,物理,K,无限制,四年,85000,"(学习期间部分课程将采用英语授课,建议外语语种为非英语的考生谨慎填报该专业志愿)",1_3_9422_5_05
3,普通类本科批,9422,19422,山东大学威海分校,山东,公办,06,120604H,供应链管理(中外合作办学),,2,04,物理,K,无限制,四年,85000,"(学习期间部分课程将采用英语授课,建议外语语种为非英语的考生谨慎填报该专业志愿)",1_3_9422_5_06
3,普通类本科批,9422,19422,山东大学威海分校,山东,公办,09,0707,海洋科学类(海洋科学、海洋资源开发技术),,5,04,物理,A,化学,四年,6600,,1_3_9422_5_09
3,普通类本科批,9422,19422,山东大学威海分校,山东,公办,0A,0702,物理学类(物理学),,4,04,物理,A,化学,四年,6600,,1_3_9422_5_0A
3,普通类本科批,9422,19422,山东大学威海分校,山东,公办,0B,0701,数学类(数学与应用数学、信息与计算科学、统计学),,5,04,物理,A,化学,四年,6600,,1_3_9422_5_0B
3,普通类本科批,9422,19422,山东大学威海分校,山东,公办,14,0807,电子信息类(智能工程新工科实验班)(计算机科学与技术、电子科学与技术、机器人工程、低空技术与工程),,22,04,物理,A,化学,四年,6600,,1_3_9422_5_14
3,普通类本科批,9614,19614,电子科技大学(沙河校区),四川,公办,G1,0807H,电子信息类(中外合作办学)(通信、微电子)(通信工程、微电子科学与工程),,2,04,物理,A,化学,四年,100000,(清水河校区),1_3_9614_5_G1
3,普通类本科批,9614,19614,电子科技大学(沙河校区),四川,公办,G2,0807H,电子信息类(中外合作办学)(电子信息)(电子信息工程),,2,04,物理,A,化学,四年,100000,(清水河校区),1_3_9614_5_G2
3,普通类本科批,9614,19614,电子科技大学(沙河校区),海南,公办,H1,0807H,电子信息类(中外合作办学)(海南陵水国际教育创新区)(通信工程、电子信息工程、微电子科学与工程),,3,04,物理,A,化学,四年,100000,(海南校区),1_3_9614_5_H1
3,普通类本科批,9614,19614,电子科技大学(沙河校区),四川,公办,S3,080902,软件工程(国家卓越工程师教育培养计划特色班),,5,04,物理,A,化学,四年,9800,(沙河校区),1_3_9614_5_S3
3,普通类本科批,9635,19635,西南大学(荣昌校区),重庆,公办,S1,090301,动物科学,(农林类),1,04,物理,A,化学,四年,5200,(不招色盲、单色识别不全考生),1_3_9635_5_S1
3,普通类本科批,J002,92002,国防科技大学,湖南,公办,01,0809,计算机类[计算机科学与技术(计算机系统方向)、计算机科学与技术(并行计算方向)、计算机科学与技术(大数据方向)、软件工程、网络工程、信息安全],,4,04,物理,A,化学,四年,6500,(考生须为应届普通高中毕业生；政治面貌为中共党员或共青团员)(考生入校后以英语为公共外语教学内容安排教学),1_3_J002_5_01
3,普通类本科批,J002,92002,国防科技大学,湖南,公办,02,0807,电子信息类(电子信息工程、电子科学与技术、通信工程、微电子科学与工程、信息工程、集成电路设计与集成系统、光电信息科学与工程),,10,04,物理,A,化学,四年,6500,(考生须为应届普通高中毕业生；政治面貌为中共党员或共青团员)(考生入校后以英语为公共外语教学内容安排教学),1_3_J002_5_02
3,普通类本科批,J002,92002,国防科技大学,湖南,公办,03,0820,航空航天类(航空航天工程、飞行器动力工程、材料科学与工程),,5,04,物理,A,化学,四年,6500,(考生须为应届普通高中毕业生；政治面貌为中共党员或共青团员)(考生入校后以英语为公共外语教学内容安排教学),1_3_J002_5_03
3,普通类本科批,J002,92002,国防科技大学,湖南,公办,04,0808,自动化类[自动化(无人机方向)、机器人工程、人工智能],,4,04,物理,A,化学,四年,6500,(考生须为应届普通高中毕业生；政治面貌为中共党员或共青团员)(考生入校后以英语为公共外语教学内容安排教学),1_3_J002_5_04
3,普通类本科批,J002,92002,国防科技大学,湖南,公办,05,0706,大气科学类(大气科学、气象技术与工程),,4,04,物理,A,化学,四年,5300,(考生须为应届普通高中毕业生；政治面貌为中共党员或共青团员)(考生入校后以英语为公共外语教学内容安排教学),1_3_J002_5_05
3,普通类本科批,J002,92002,国防科技大学,湖南,公办,08,080901,计算机科学与技术(天河拔尖班),,2,04,物理,A,化学,四年,6500,(考生须为应届普通高中毕业生；政治面貌为中共党员或共青团员)(考生入校后以英语为公共外语教学内容安排教学),1_3_J002_5_08
3,普通类本科批,J002,92002,国防科技大学,湖南,公办,09,080101,理论与应用力学(航天力学拔尖班),,1,04,物理,A,化学,四年,6500,(考生须为应届普通高中毕业生；政治面貌为中共党员或共青团员)(考生入校后以英语为公共外语教学内容安排教学),1_3_J002_5_09
3,普通类本科批,J017,92017,海军军医大学,上海,公办,AB,100201,临床医学,,11,04,物理,A,化学,五年,5000,"(仅招收普通高中应届毕业生,政治面貌须为共青团员或中共党员,特控线上录取；色盲、色弱、单色不能识别考生不予录取)",1_3_J017_5_AB
3,普通类本科批,J017,92017,海军军医大学,上海,公办,AC,100202,麻醉学,,2,04,物理,A,化学,五年,5000,"(仅招收普通高中应届毕业生,政治面貌须为共青团员或中共党员,特控线上录取；色盲、色弱、单色不能识别考生不予录取)",1_3_J017_5_AC
3,普通类本科批,J017,92017,海军军医大学,上海,公办,AD,100203,医学影像学,,1,04,物理,A,化学,五年,5000,"(仅招收普通高中应届毕业生,政治面貌须为共青团员或中共党员,特控线上录取；色盲、色弱、单色不能识别考生不予录取)",1_3_J017_5_AD
3,普通类本科批,J017,92017,海军军医大学,上海,公办,AE,100701,药学,,2,04,物理,A,化学,四年,5000,"(仅招收普通高中应届毕业生,政治面貌须为共青团员或中共党员,特控线上录取；色盲、色弱、单色不能识别考生不予录取)",1_3_J017_5_AE
3,普通类本科批,J017,92017,海军军医大学,上海,公办,AF,071002,生物技术,,1,04,物理,A,化学,四年,5000,"(仅招收普通高中应届毕业生,政治面貌须为共青团员或中共党员,特控线上录取；色盲、色弱、单色不能识别考生不予录取)",1_3_J017_5_AF
3,普通类本科批,J017,92017,海军军医大学,上海,公办,AG,101101,护理学,,1,04,物理,A,化学,四年,5000,"(仅招收普通高中应届毕业生,政治面貌须为共青团员或中共党员,特控线上录取；色盲、色弱、单色不能识别考生不予录取)",1_3_J017_5_AG
